Number,Date,Account,Amount,Subcategory,Memo,
 ,01/08/2016,20-53-30 30728691,468.64,DIRECTDEP,BAKER & ELDER LIMI    ALHAM F8 8         BGC,
 ,01/08/2016,20-53-30 30728691,464,DIRECTDEP,BAKER & ELDER LIMI    ALHAMBRA F18 4/6   BGC,
 ,01/08/2016,20-53-30 30728691,-930,FT ,207409 60458872       MOBILE-CHANNEL     FT ,
 ,01/08/2016,20-53-30 30728691,-465,REPEATPMT,ALHAMBRA ROAD MANA    209254 83672832    STO,
 ,01/08/2016,20-53-30 30728691,-320,REPEATPMT,ALHAMBRA ROAD MANA    209254 13686035    STO,
 ,01/08/2016,20-53-30 30728691,-315,REPEATPMT,ALHAMBRA ROAD MANA    209254 23534332    STO,
 ,01/08/2016,20-53-30 30728691,-196.79,REPEATPMT,M TUCKER              KINGSTON SHOP      STO,
 ,01/08/2016,20-53-30 30728691,-50,REPEATPMT,NATIONWIDE            0604/229172770     STO,
 ,01/08/2016,20-53-30 30728691,-50,REPEATPMT,23 HAMPSHIRE TERRA    209254 13676978    STO,
 ,01/08/2016,20-53-30 30728691,-50,REPEATPMT,MATHEW TUCKER         MTUCKER            STO,
 ,01/08/2016,20-53-30 30728691,-522.3,DIRECTDEBIT,NRAM                  24935234           DDR,
 ,01/08/2016,20-53-30 30728691,-186.14,DIRECTDEBIT,MORTGAGE EXPRESS      2007093270021762   DDR,
 ,01/08/2016,20-53-30 30728691,-9,DIRECTDEBIT,SOUTHERN ELECTRIC     141011701          DDR,
 ,01/08/2016,20-53-30 30728691,-200.74,DIRECTDEBIT,PLATFORM FUNDING      01050230313307     DDR,
 ,01/08/2016,20-53-30 30728691,-217.96,DIRECTDEBIT,PLATFORM FUNDING      01050229961090     DDR,
 ,01/08/2016,20-53-30 30728691,-217.96,DIRECTDEBIT,PLATFORM FUNDING      01050229961082     DDR,
 ,01/08/2016,20-53-30 30728691,-219.74,DIRECTDEBIT,PLATFORM FUNDING      01050228964703     DDR,
 ,01/08/2016,20-53-30 30728691,-58.88,DIRECTDEBIT,EE & T-MOBILE         Q13077400637568927 DDR,
 ,01/08/2016,20-53-30 30728691,-367.26,DIRECTDEBIT,MORTGAGE EXPRESS      MEC00005/480016104 DDR,
 ,01/08/2016,20-53-30 30728691,-110,DIRECTDEBIT,CAPITAL HOME LOANS    CHL00002/907372200 DDR,
 ,01/08/2016,20-53-30 30728691,-110,DIRECTDEBIT,CAPITAL HOME LOANS    CHL00002/907371904 DDR,
 ,01/08/2016,20-53-30 30728691,-375.68,DIRECTDEBIT,AMBER HOMELOANS       AHG00001/480441702 DDR,
 ,02/08/2016,20-53-30 30728691,93,DIRECTDEP,BAKER & ELDER LIMI    KINGSTON 196B      BGC,
 ,02/08/2016,20-53-30 30728691,556.8,DIRECTDEP,BAKER & ELDER LIMI    ALHAM F20 4/6      BGC,
 ,02/08/2016,20-53-30 30728691,464,DIRECTDEP,BAKER & ELDER LIMI    ALHAM F16 12/14    BGC,
 ,02/08/2016,20-53-30 30728691,392,DIRECTDEP,BAKER & ELDER LIMI    ALHAM F13 16/18    BGC,
 ,02/08/2016,20-53-30 30728691,424,DIRECTDEP,BAKER & ELDER LIMI    ALHAM F11 12/14    BGC,
 ,02/08/2016,20-53-30 30728691,-37.95,DIRECTDEBIT,LEGAL & GEN MI C/L    011439921-5        DDR,
 ,03/08/2016,20-53-30 30728691,-228.81,DIRECTDEBIT,MORTGAGE EXPRESS      2016485220021764   DDR,
 ,03/08/2016,20-53-30 30728691,-188.24,DIRECTDEBIT,MORTGAGE EXPRESS      2016485130021764   DDR,
 ,03/08/2016,20-53-30 30728691,-212.78,DIRECTDEBIT,MORTGAGE EXPRESS      2016485040021764   DDR,
 ,03/08/2016,20-53-30 30728691,-234.87,DIRECTDEBIT,MORTGAGE EXPRESS      2007545250021764   DDR,
 ,03/08/2016,20-53-30 30728691,-226.75,DIRECTDEBIT,MORTGAGE EXPRESS      2007107760021764   DDR,
 ,03/08/2016,20-53-30 30728691,-186.22,DIRECTDEBIT,MORTGAGE EXPRESS      2007093450021764   DDR,
 ,03/08/2016,20-53-30 30728691,-226.59,DIRECTDEBIT,MORTGAGE EXPRESS      2007093360021764   DDR,
 ,03/08/2016,20-53-30 30728691,-186.11,DIRECTDEBIT,MORTGAGE EXPRESS      2006372640021764   DDR,
 ,03/08/2016,20-53-30 30728691,-143.54,DIRECTDEBIT,MORTGAGE EXPRESS      0019966240021764   DDR,
 ,03/08/2016,20-53-30 30728691,-159.33,DIRECTDEBIT,MORTGAGE EXPRESS      0018724700021764   DDR,
 ,03/08/2016,20-53-30 30728691,-159.36,DIRECTDEBIT,MORTGAGE EXPRESS      0017031550021764   DDR,
 ,03/08/2016,20-53-30 30728691,-152.32,DIRECTDEBIT,MORTGAGE EXPRESS      0016470530021764   DDR,
 ,03/08/2016,20-53-30 30728691,-145.45,DIRECTDEBIT,MORTGAGE EXPRESS      0015866140021764   DDR,
 ,04/08/2016,20-53-30 30728691,-75,REPEATPMT,KINGSTON UNITY        PL684048A VALENTNO STO,
 ,04/08/2016,20-53-30 30728691,-75,DIRECTDEBIT,SHEPHERDS FS          PN026484A          DDR,
 ,05/08/2016,20-53-30 30728691,-3047.47,PAYMENT,BAKER AND ELDER L     MTUCKER-JUN16      BBP,
 ,05/08/2016,20-53-30 30728691,-1233.83,PAYMENT,BAKER AND ELDER L     MTUCKER-MAY16      BBP,
 ,08/08/2016,20-53-30 30728691,556.8,DIRECTDEP,Baker & Elder Limi    ALHAM F23 4/8      BGC,JULY MISSING
 ,08/08/2016,20-53-30 30728691,-218.68,DIRECTDEBIT,BHAM MIDSHIRES        020007900597/89565 DDR,
 ,09/08/2016,20-53-30 30728691,-19.95,DIRECTDEBIT,BHAM MIDSHIRES        556389/20010556389 DDR,
 ,10/08/2016,20-53-30 30728691,-82.61,DIRECTDEBIT,BHAM MIDSHIRES        309942/20009309942 DDR,
 ,11/08/2016,20-53-30 30728691,556.8,DIRECTDEP,BAKER & ELDER LIMI    LONDON F3 321      BGC,
 ,11/08/2016,20-53-30 30728691,254.56,DIRECTDEP,BAKER & ELDER LIMI    KINGSTON GF 196A   BGC,
 ,11/08/2016,20-53-30 30728691,538.24,DIRECTDEP,BAKER & ELDER LIMI    FAWCETT F1 171     BGC,
 ,11/08/2016,20-53-30 30728691,350,DIRECTDEP,BAKER & ELDER LIMI    ALHAM F22 4/6      BGC,
 ,11/08/2016,20-53-30 30728691,464,DIRECTDEP,BAKER & ELDER LIMI    ALHAM F14 12/14    BGC,
 ,11/08/2016,20-53-30 30728691,110,DIRECTDEP,Baker & Elder Limi    FRATTON 163A       BGC,Leasehold Enquiries
 ,12/08/2016,20-53-30 30728691,332,DIRECTDEP,BAKER & ELDER LIMI    FAWCETT F3 171     BGC,
 ,12/08/2016,20-53-30 30728691,464,DIRECTDEP,BAKER & ELDER LIMI    ALHAM F7 16/18     BGC,
 ,12/08/2016,20-53-30 30728691,364,DIRECTDEP,BAKER & ELDER LIMI    ALHAM  F6 8        BGC,
 ,12/08/2016,20-53-30 30728691,275.36,DIRECTDEP,BAKER & ELDER LIMI    ALHAM F4 12/14     BGC,Mistake - this was negative
 ,12/08/2016,20-53-30 30728691,477.92,DIRECTDEP,BAKER & ELDER LIMI    ALHAM F17 4/6      BGC,
 ,12/08/2016,20-53-30 30728691,-1098.9,PAYMENT,BAKER AND ELDER L     MTUCKER-JUL16      BBP,
 ,12/08/2016,20-53-30 30728691,-140.07,DIRECTDEBIT,BHAM MIDSHIRES        389757/20000389757 DDR,
 ,12/08/2016,20-53-30 30728691,-37.68,DIRECTDEBIT,FRIENDS LIFE          014033997          DDR,
 ,12/08/2016,20-53-30 30728691,-53.58,DIRECTDEBIT,EE & T-MOBILE         Q20664165641140987 DDR,
 ,15/08/2016,20-53-30 30728691,324.8,DIRECTDEP,BAKER & ELDER LIMI    KINGSTON SHOP      BGC,
 ,15/08/2016,20-53-30 30728691,464,DIRECTDEP,BAKER & ELDER LIMI    FAWCETT F2 169     BGC,
 ,15/08/2016,20-53-30 30728691,384,DIRECTDEP,BAKER & ELDER LIMI    ALHAMBRA F6 16/18  BGC,
 ,15/08/2016,20-53-30 30728691,288.64,DIRECTDEP,Baker & Elder Limi    FRATTON 163 F2     BGC,
 ,15/08/2016,20-53-30 30728691,-186.11,DIRECTDEBIT,MORTGAGE EXPRESS      2008784100021776   DDR,
 ,15/08/2016,20-53-30 30728691,-192.58,DIRECTDEBIT,MORTGAGE EXPRESS      2007664780021776   DDR,
 ,15/08/2016,20-53-30 30728691,-192.58,DIRECTDEBIT,MORTGAGE EXPRESS      2007545340021776   DDR,
 ,15/08/2016,20-53-30 30728691,-186.12,DIRECTDEBIT,MORTGAGE EXPRESS      2007544710021776   DDR,
 ,15/08/2016,20-53-30 30728691,-186.09,DIRECTDEBIT,MORTGAGE EXPRESS      2007107670021776   DDR,
 ,15/08/2016,20-53-30 30728691,-186.13,DIRECTDEBIT,MORTGAGE EXPRESS      2006332310021776   DDR,
 ,15/08/2016,20-53-30 30728691,-186.11,DIRECTDEBIT,MORTGAGE EXPRESS      2005787290021776   DDR,
 ,15/08/2016,20-53-30 30728691,-219.67,DIRECTDEBIT,PLATFORM FUNDING      01050228979115     DDR,
 ,15/08/2016,20-53-30 30728691,-184.76,DIRECTDEBIT,PLATFORM FUNDING      01050228957685     DDR,
 ,15/08/2016,20-53-30 30728691,-184.76,DIRECTDEBIT,PLATFORM FUNDING      01050228957650     DDR,
 ,15/08/2016,20-53-30 30728691,-51.49,DIRECTDEBIT,BT GROUP PLC          GB14092007-000023  DDR,
 ,16/08/2016,20-53-30 30728691,-14.67,DIRECTDEBIT,BHAM MIDSHIRES        557032/20010557032 DDR,
 ,16/08/2016,20-53-30 30728691,-190.58,DIRECTDEBIT,BHAM MIDSHIRES        110676/20004110676 DDR,
 ,17/08/2016,20-53-30 30728691,145.6,DIRECTDEP,BAKER & ELDER LIMI    HAMP TERR 23B      BGC,
 ,18/08/2016,20-53-30 30728691,556.8,DIRECTDEP,BAKER & ELDER LIMI    ALHAM F20 4/6      BGC,
 ,18/08/2016,20-53-30 30728691,603.2,DIRECTDEP,Baker & Elder Limi    ALHAMBRA F1 16/18  BGC,
 ,18/08/2016,20-53-30 30728691,556.8,DIRECTDEP,Baker & Elder Limi    ALHAM F23 4/6      BGC,
 ,18/08/2016,20-53-30 30728691,-145.06,DIRECTDEBIT,BHAM MIDSHIRES        649652/20003649652 DDR,
 ,19/08/2016,20-53-30 30728691,-250,FT ,207409 40406538       MOBILE-CHANNEL     FT ,
 ,22/08/2016,20-53-30 30728691,366.56,DIRECTDEP,BAKER & ELDER LIMI    FRATTON F4 163     BGC,
 ,22/08/2016,20-53-30 30728691,-150,FT ,207409 40406538       MOBILE-CHANNEL     FT ,
 ,22/08/2016,20-53-30 30728691,-183.94,DIRECTDEBIT,BHAM MIDSHIRES        882432/20007882432 DDR,
 ,23/08/2016,20-53-30 30728691,-500,FT ,207409 40406538       MOBILE-CHANNEL     FT ,
 ,23/08/2016,20-53-30 30728691,-50,DIRECTDEBIT,SKY DIGITAL           00620054164228     DDR,
100097,24/08/2016,20-53-30 30728691,-500,CHQ,100097,
 ,25/08/2016,20-53-30 30728691,464,DIRECTDEP,BAKER & ELDER LIMI    LONDON F2 321      BGC,
 ,25/08/2016,20-53-30 30728691,-519.5,REPEATPMT,G& F VALENTINO        MTUCKER            STO,
 ,26/08/2016,20-53-30 30728691,59.3,OTH,M9 KEMPSTON        ASD,
 ,26/08/2016,20-53-30 30728691,-1260,FT ,207409 60458872       MOBILE-CHANNEL     FT ,
 ,30/08/2016,20-53-30 30728691,-1200,REPEATPMT,MR MATTHEW STUART     207409 40406538    STO,
 ,30/08/2016,20-53-30 30728691,-400,REPEATPMT,F VALENTINO           RENT               STO,
 ,30/08/2016,20-53-30 30728691,-129.28,DIRECTDEBIT,BHAM MIDSHIRES        731371/20002731371 DDR,
 ,30/08/2016,20-53-30 30728691,-33,DIRECTDEBIT,BOOTS REWARDSCHEME    A45028400000736    DDR,
 ,31/08/2016,20-53-30 30728691,928,DIRECTDEP,Baker & Elder Limi    ALHAM F11&13 16/18 BGC,
 ,31/08/2016,20-53-30 30728691,833.72,DIRECTDEP,Baker & Elder Limi    ALHAM F5&F7 12/14  BGC,
 ,31/08/2016,20-53-30 30728691,468.64,DIRECTDEP,Baker & Elder Limi    ALHAM F5 8         BGC,
 ,31/08/2016,20-53-30 30728691,464,DIRECTDEP,Baker & Elder Limi    LONDON F1 321      BGC,
 ,31/08/2016,20-53-30 30728691,464,DIRECTDEP,Baker & Elder Limi    FAWCETT F3 169     BGC,
 ,31/08/2016,20-53-30 30728691,417.6,DIRECTDEP,Baker & Elder Limi    FRATTON F3 163     BGC,
 ,31/08/2016,20-53-30 30728691,379,DIRECTDEP,Baker & Elder Limi    FAWCETT F2 171     BGC,
 ,31/08/2016,20-53-30 30728691,-190.97,DIRECTDEBIT,MORTGAGE TRUST        002197389 10197400 DDR,
 ,31/08/2016,20-53-30 30728691,-196.26,DIRECTDEBIT,MORTGAGE TRUST        002186357 10197400 DDR,
 ,31/08/2016,20-53-30 30728691,-196.26,DIRECTDEBIT,MORTGAGE TRUST        002186356 10197400 DDR,
 ,31/08/2016,20-53-30 30728691,-196.26,DIRECTDEBIT,MORTGAGE TRUST        002186317 10197400 DDR,
