Number,Date,Account,Amount,Subcategory,Memo,
 ,01/04/2015,20-53-30 30728691,525,STO,STEPEK MP             FLAT 19 4/6 ALHAM  STO,
 ,01/04/2015,20-53-30 30728691,-465,REPEATPMT,ALHAMBRA ROAD MANA    209254 83672832    STO,
 ,01/04/2015,20-53-30 30728691,-320,REPEATPMT,ALHAMBRA ROAD MANA    209254 13686035    STO,
 ,01/04/2015,20-53-30 30728691,-315,REPEATPMT,ALHAMBRA ROAD MANA    209254 23534332    STO,
 ,01/04/2015,20-53-30 30728691,-196.79,REPEATPMT,M TUCKER              KINGSTON SHOP      STO,
 ,01/04/2015,20-53-30 30728691,-50,REPEATPMT,NATIONWIDE            0604/229172770     STO,
 ,01/04/2015,20-53-30 30728691,-50,REPEATPMT,23 HAMPSHIRE TERRA    209254 13676978    STO,
 ,01/04/2015,20-53-30 30728691,-522.3,DIRECTDEBIT,NRAM                  24935234           DDR,
 ,01/04/2015,20-53-30 30728691,-186.14,DIRECTDEBIT,MORTGAGE EXPRESS      2007093270021274   DDR,
 ,01/04/2015,20-53-30 30728691,-1,DIRECTDEBIT,SOUTHERN ELECTRIC     141011701          DDR,
 ,01/04/2015,20-53-30 30728691,-200.74,DIRECTDEBIT,PLATFORM FUNDING      01050230313307     DDR,
 ,01/04/2015,20-53-30 30728691,-217.96,DIRECTDEBIT,PLATFORM FUNDING      01050229961090     DDR,
 ,01/04/2015,20-53-30 30728691,-217.96,DIRECTDEBIT,PLATFORM FUNDING      01050229961082     DDR,
 ,01/04/2015,20-53-30 30728691,-219.74,DIRECTDEBIT,PLATFORM FUNDING      01050228964703     DDR,
 ,01/04/2015,20-53-30 30728691,-70.76,DIRECTDEBIT,EE & T-MOBILE         Q13077400513461516 DDR,
 ,01/04/2015,20-53-30 30728691,-367.26,DIRECTDEBIT,MORTGAGE EXPRESS      MEC00005/480016104 DDR,
 ,01/04/2015,20-53-30 30728691,-110,DIRECTDEBIT,AUBURN SEC 6          CHL00002/907372200 DDR,
 ,01/04/2015,20-53-30 30728691,-110,DIRECTDEBIT,AUBURN SEC 6          CHL00002/907371904 DDR,
 ,01/04/2015,20-53-30 30728691,-375.68,DIRECTDEBIT,AMBER HOMELOANS       AHG00001/480441702 DDR,
 ,02/04/2015,20-53-30 30728691,464,DIRECTDEP,BAKER & ELDER LIMI    FAWCETT F1 169     BGC,
 ,02/04/2015,20-53-30 30728691,-263.8,DIRECTDEBIT,BHAM MIDSHIRES        020003973492/74851 DDR,
 ,02/04/2015,20-53-30 30728691,-37.95,DIRECTDEBIT,LEGAL & GEN MI C/L    011439921-5        DDR,
 ,07/04/2015,20-53-30 30728691,425,STO,NWOSU O          C    FLAT 7 8 ALHAMBRA  STO,
 ,07/04/2015,20-53-30 30728691,-75,REPEATPMT,KINGSTON UNITY        PL684048A VALENTNO STO,
 ,07/04/2015,20-53-30 30728691,-50,REPEATPMT,MATHEW TUCKER         MTUCKER            STO,
 ,07/04/2015,20-53-30 30728691,-81.51,DIRECTDEBIT,BHAM MIDSHIRES        251387/20011251387 DDR,
 ,07/04/2015,20-53-30 30728691,-228.81,DIRECTDEBIT,MORTGAGE EXPRESS      2016485220021280   DDR,
 ,07/04/2015,20-53-30 30728691,-187.95,DIRECTDEBIT,MORTGAGE EXPRESS      2016485130021280   DDR,
 ,07/04/2015,20-53-30 30728691,-212.45,DIRECTDEBIT,MORTGAGE EXPRESS      2016485040021280   DDR,
 ,07/04/2015,20-53-30 30728691,-234.85,DIRECTDEBIT,MORTGAGE EXPRESS      2007545250021280   DDR,
 ,07/04/2015,20-53-30 30728691,-226.76,DIRECTDEBIT,MORTGAGE EXPRESS      2007107760021280   DDR,
 ,07/04/2015,20-53-30 30728691,-186.23,DIRECTDEBIT,MORTGAGE EXPRESS      2007093450021280   DDR,
 ,07/04/2015,20-53-30 30728691,-226.6,DIRECTDEBIT,MORTGAGE EXPRESS      2007093360021280   DDR,
 ,07/04/2015,20-53-30 30728691,-186.1,DIRECTDEBIT,MORTGAGE EXPRESS      2006372640021280   DDR,
 ,07/04/2015,20-53-30 30728691,-143.54,DIRECTDEBIT,MORTGAGE EXPRESS      0019966240021280   DDR,
 ,07/04/2015,20-53-30 30728691,-159.32,DIRECTDEBIT,MORTGAGE EXPRESS      0018724700021280   DDR,
 ,07/04/2015,20-53-30 30728691,-159.35,DIRECTDEBIT,MORTGAGE EXPRESS      0017031550021280   DDR,
 ,07/04/2015,20-53-30 30728691,-152.33,DIRECTDEBIT,MORTGAGE EXPRESS      0016470530021280   DDR,
 ,07/04/2015,20-53-30 30728691,-145.46,DIRECTDEBIT,MORTGAGE EXPRESS      0015866140021280   DDR,
 ,07/04/2015,20-53-30 30728691,-75,DIRECTDEBIT,SHEPHERDS FS          PN026484A          DDR,
100096,07/04/2015,20-53-30 30728691,-132,CHQ,100096,
 ,08/04/2015,20-53-30 30728691,-218.68,DIRECTDEBIT,BHAM MIDSHIRES        020007900597/89565 DDR,
 ,09/04/2015,20-53-30 30728691,-19.95,DIRECTDEBIT,BHAM MIDSHIRES        556389/20010556389 DDR,
 ,10/04/2015,20-53-30 30728691,459.36,DIRECTDEP,Baker & Elder Limi    FRATTON F2 163     BGC,
 ,10/04/2015,20-53-30 30728691,-82.61,DIRECTDEBIT,BHAM MIDSHIRES        309942/20009309942 DDR,
 ,13/04/2015,20-53-30 30728691,414,DIRECTDEP,THE HARPUR TRUST   BGC,
 ,13/04/2015,20-53-30 30728691,-140.07,DIRECTDEBIT,BHAM MIDSHIRES        389757/20000389757 DDR,
 ,13/04/2015,20-53-30 30728691,-37.68,DIRECTDEBIT,FRIENDS LIFE DD       014033997/988      DDR,
 ,13/04/2015,20-53-30 30728691,-47.11,DIRECTDEBIT,EE & T-MOBILE         Q20664165516209191 DDR,
 ,14/04/2015,20-53-30 30728691,528.2,DIRECTDEP,BAKER & ELDER LIMI    HAMPSHIRE 23B      BGC,
 ,14/04/2015,20-53-30 30728691,464,DIRECTDEP,BAKER & ELDER LIMI    FAWCETT F2 171     BGC,
 ,14/04/2015,20-53-30 30728691,538.24,DIRECTDEP,BAKER & ELDER LIMI    FAWCETT F1 171     BGC,
 ,14/04/2015,20-53-30 30728691,464,DIRECTDEP,BAKER & ELDER LIMI    ALHAM F8 8/10      BGC,
 ,14/04/2015,20-53-30 30728691,464,DIRECTDEP,BAKER & ELDER LIMI    ALHAM F22 4/6      BGC,
 ,14/04/2015,20-53-30 30728691,464,DIRECTDEP,BAKER & ELDER LIMI    ALHAMBRA F4 12/14  BGC,
 ,14/04/2015,20-53-30 30728691,464,DIRECTDEP,BAKER & ELDER LIMI    ALHAMBRA F13 16/18 BGC,
 ,14/04/2015,20-53-30 30728691,464,DIRECTDEP,BAKER & ELDER LIMI    ALHAMB F14 12/14   BGC,
 ,15/04/2015,20-53-30 30728691,324.8,DIRECTDEP,BAKER & ELDER LIMI    KINGSTON SHOP 196  BGC,
 ,15/04/2015,20-53-30 30728691,463.62,DIRECTDEP,BAKER & ELDER LIMI    HAMPSHIRE 23C      BGC,
 ,15/04/2015,20-53-30 30728691,464,DIRECTDEP,BAKER & ELDER LIMI    ALHAMBRA F7 16/18  BGC,
 ,15/04/2015,20-53-30 30728691,464,DIRECTDEP,BAKER & ELDER LIMI    ALHAMBRA F6 8      BGC,
 ,15/04/2015,20-53-30 30728691,326,DIRECTDEP,BAKER & ELDER LIMI    ALHAMBRA F6 16/18  BGC,
 ,15/04/2015,20-53-30 30728691,556.8,DIRECTDEP,BAKER & ELDER LIMI    ALHAMBRA F23 4/6   BGC,
 ,15/04/2015,20-53-30 30728691,477.92,DIRECTDEP,BAKER & ELDER LIMI    ALHAMBRA F17 4/6   BGC,
 ,15/04/2015,20-53-30 30728691,-186.11,DIRECTDEBIT,MORTGAGE EXPRESS      2008784100021288   DDR,
 ,15/04/2015,20-53-30 30728691,-192.58,DIRECTDEBIT,MORTGAGE EXPRESS      2007664780021288   DDR,
 ,15/04/2015,20-53-30 30728691,-192.58,DIRECTDEBIT,MORTGAGE EXPRESS      2007545340021288   DDR,
 ,15/04/2015,20-53-30 30728691,-186.12,DIRECTDEBIT,MORTGAGE EXPRESS      2007544710021288   DDR,
 ,15/04/2015,20-53-30 30728691,-186.09,DIRECTDEBIT,MORTGAGE EXPRESS      2007107670021288   DDR,
 ,15/04/2015,20-53-30 30728691,-186.13,DIRECTDEBIT,MORTGAGE EXPRESS      2006332310021288   DDR,
 ,15/04/2015,20-53-30 30728691,-186.11,DIRECTDEBIT,MORTGAGE EXPRESS      2005787290021288   DDR,
 ,15/04/2015,20-53-30 30728691,-219.67,DIRECTDEBIT,PLATFORM FUNDING      01050228979115     DDR,
 ,15/04/2015,20-53-30 30728691,-184.76,DIRECTDEBIT,PLATFORM FUNDING      01050228957685     DDR,
 ,15/04/2015,20-53-30 30728691,-184.76,DIRECTDEBIT,PLATFORM FUNDING      01050228957650     DDR,
 ,16/04/2015,20-53-30 30728691,-14.67,DIRECTDEBIT,BHAM MIDSHIRES        557032/20010557032 DDR,
 ,16/04/2015,20-53-30 30728691,-190.58,DIRECTDEBIT,BHAM MIDSHIRES        110676/20004110676 DDR,
 ,17/04/2015,20-53-30 30728691,-61.25,DIRECTDEBIT,BT GROUP PLC          GB14092007-000007  DDR,
 ,20/04/2015,20-53-30 30728691,426.88,DIRECTDEP,BAKER & ELDER LIMI    KINGSTON 196A      BGC,
 ,20/04/2015,20-53-30 30728691,417.6,DIRECTDEP,BAKER & ELDER LIMI    FRATTON F3 163     BGC,
 ,20/04/2015,20-53-30 30728691,254,DIRECTDEP,BAKER & ELDER LIMI    FAWCETT F3 171     BGC,
 ,20/04/2015,20-53-30 30728691,464,DIRECTDEP,BAKER & ELDER LIMI    FAWCETT F3 169     BGC,
 ,20/04/2015,20-53-30 30728691,464,DIRECTDEP,BAKER & ELDER LIMI    FAWCETT F2 169     BGC,
 ,20/04/2015,20-53-30 30728691,464,DIRECTDEP,BAKER & ELDER LIMI    ALHAMBRA F7 12/14  BGC,
 ,20/04/2015,20-53-30 30728691,406.86,DIRECTDEP,BAKER & ELDER LIMI    ALHAMBRA F16 16/18 BGC,
 ,20/04/2015,20-53-30 30728691,-145.06,DIRECTDEBIT,BHAM MIDSHIRES        649652/20003649652 DDR,
 ,22/04/2015,20-53-30 30728691,366.56,DIRECTDEP,BAKER & ELDER LIMI    FRATTON F4 163     BGC,
 ,22/04/2015,20-53-30 30728691,454.72,DIRECTDEP,BAKER & ELDER LIMI    ALHAMBRA F5 8      BGC,
 ,22/04/2015,20-53-30 30728691,464,DIRECTDEP,BAKER & ELDER LIMI    ALHAMBRA F11 12/14 BGC,
 ,22/04/2015,20-53-30 30728691,-183.94,DIRECTDEBIT,BHAM MIDSHIRES        882432/20007882432 DDR,
 ,22/04/2015,20-53-30 30728691,-44.5,DIRECTDEBIT,SKY DIGITAL           00620054164228     DDR,
100095,22/04/2015,20-53-30 30728691,-500,CHQ,100095,
 ,23/04/2015,20-53-30 30728691,464,DIRECTDEP,BAKER & ELDER LIMI    ALHAMBRA F3 16/18  BGC,
 ,23/04/2015,20-53-30 30728691,464,DIRECTDEP,BAKER & ELDER LIMI    ALHAMBRA F12 16/18 BGC,
 ,23/04/2015,20-53-30 30728691,464,DIRECTDEP,BAKER & ELDER LIMI    ALHAMBRA F10 152/1 BGC,
 ,24/04/2015,20-53-30 30728691,-400,FT ,207409 40406538    FT ,
 ,27/04/2015,20-53-30 30728691,928,DIRECTDEP,BAKER & ELDER LIMI    LONDON 321 F1 F2   BGC,
 ,27/04/2015,20-53-30 30728691,519.68,DIRECTDEP,BAKER & ELDER LIMI    ALHAMBRA 20 4/6    BGC,
 ,27/04/2015,20-53-30 30728691,454.72,DIRECTDEP,BAKER & ELDER LIMI    ALHAMBRA F5 12/14  BGC,
 ,27/04/2015,20-53-30 30728691,464,DIRECTDEP,BAKER & ELDER LIMI    ALHAMBRA F 11 16/1 BGC,
 ,27/04/2015,20-53-30 30728691,468.18,DIRECTDEP,Baker & Elder Limi    FRATTON F5 163     BGC,
 ,27/04/2015,20-53-30 30728691,-1200,REPEATPMT,MR MATTHEW STUART     207409 40406538    STO,
 ,27/04/2015,20-53-30 30728691,-519.5,REPEATPMT,G& F VALENTINO        MTUCKER            STO,
 ,28/04/2015,20-53-30 30728691,307.5,DIRECTDEP,Baker & Elder Limi    ALHAMBRA F16 12/14 BGC,
 ,28/04/2015,20-53-30 30728691,663,STO,BUGISIW LIMITED       BUGISIWLTD         STO,
 ,28/04/2015,20-53-30 30728691,-33,DIRECTDEBIT,BOOTS REWARDSCHEME    A45028400000736    DDR,
 ,29/04/2015,20-53-30 30728691,464,DIRECTDEP,BAKER & ELDER LIMI    LONDON F4 321      BGC,
 ,29/04/2015,20-53-30 30728691,464,DIRECTDEP,BAKER & ELDER LIMI    ALHAMBRA F3 12/14  BGC,
 ,29/04/2015,20-53-30 30728691,487.2,DIRECTDEP,BAKER & ELDER LIMI    ALHAMBRA F21 4/6   BGC,
 ,29/04/2015,20-53-30 30728691,356,DIRECTDEP,BAKER & ELDER LIMI    ALHAMBRA F18 4/6   BGC,
 ,29/04/2015,20-53-30 30728691,-400,REPEATPMT,F VALENTINO           RENT               STO,
 ,29/04/2015,20-53-30 30728691,-129.28,DIRECTDEBIT,BHAM MIDSHIRES        731371/20002731371 DDR,
 ,30/04/2015,20-53-30 30728691,-188.33,DIRECTDEBIT,MORTGAGE TRUST        002197389 10192510 DDR,
 ,30/04/2015,20-53-30 30728691,-193.75,DIRECTDEBIT,MORTGAGE TRUST        002186357 10192510 DDR,
 ,30/04/2015,20-53-30 30728691,-193.75,DIRECTDEBIT,MORTGAGE TRUST        002186356 10192510 DDR,
 ,30/04/2015,20-53-30 30728691,-193.75,DIRECTDEBIT,MORTGAGE TRUST        002186317 10192510 DDR,
