Number,Date,Account,Amount,Subcategory,Memo
 ,30/04/2013,20-53-30 30728691,-334.08,PAYMENT,WINFED                ITALY                 
 ,30/04/2013,20-53-30 30728691,-183.85,DIRECTDEBIT,MORTGAGE TRUST        002197389 10185210 DDR
 ,30/04/2013,20-53-30 30728691,-189.57,DIRECTDEBIT,MORTGAGE TRUST        002186357 10185210 DDR
 ,30/04/2013,20-53-30 30728691,-189.57,DIRECTDEBIT,MORTGAGE TRUST        002186356 10185210 DDR
 ,30/04/2013,20-53-30 30728691,-189.57,DIRECTDEBIT,MORTGAGE TRUST        002186317 10185210 DDR
 ,29/04/2013,20-53-30 30728691,464,DIRECTDEP,BAKER & ELDER LIMI    LONDON RD F4 321   BGC
 ,29/04/2013,20-53-30 30728691,510.4,DIRECTDEP,BAKER & ELDER LIMI    LONDON F3 321      BGC
 ,29/04/2013,20-53-30 30728691,464,DIRECTDEP,BAKER & ELDER LIMI    ALHAMBRA F6 8      BGC
 ,29/04/2013,20-53-30 30728691,464,DIRECTDEP,BAKER & ELDER LIMI    ALHAMBRA F18 4/6   BGC
 ,29/04/2013,20-53-30 30728691,-149.9,PAYMENT,GETLENSES.NL          REF 118 0000000000 BCC
 ,29/04/2013,20-53-30 30728691,-61.28,PAYMENT,NEW COUNTY SERVICE    REF 119 0000000000 BCC
 ,29/04/2013,20-53-30 30728691,-59.53,PAYMENT,BP BEDFORD EXPRESS    REF 118 0000000000 BCC
 ,29/04/2013,20-53-30 30728691,-49.84,PAYMENT,BP NEWHAM AVENUE C    REF 115 0000000000 BCC
 ,29/04/2013,20-53-30 30728691,-26.26,PAYMENT,TESCO STORES 6579     REF 116 0000000000 BCC
 ,29/04/2013,20-53-30 30728691,-400,OTH,F VALENTINO           RENT               TFT
 ,29/04/2013,20-53-30 30728691,-131000,OTH,VALENTINO I        TFT
 ,29/04/2013,20-53-30 30728691,-2170.3,REPEATPMT,MR MATTHEW STUART     207409 40406538    STO
 ,29/04/2013,20-53-30 30728691,-129.28,DIRECTDEBIT,BHAM MIDSHIRES        731371/20002731371 DDR
 ,26/04/2013,20-53-30 30728691,287.5,DIRECTDEP,MRS MARGARET SCHUM    SARA EDWARDS       BGC
 ,26/04/2013,20-53-30 30728691,-100,CASH,TESCO                 TESCO BE BR DR EXP    
 ,26/04/2013,20-53-30 30728691,-25.98,PAYMENT,MOTHERCARE            REF 115 0000000000 BCC
 ,25/04/2013,20-53-30 30728691,424,DIRECTDEP,BAKER & ELDER LIMI    ALHAMBRA F4 12/14  BGC
 ,25/04/2013,20-53-30 30728691,414.06,DIRECTDEP,BAKER & ELDER LIMI    ALHAMBRA F1 16/18  BGC
 ,25/04/2013,20-53-30 30728691,-519.5,REPEATPMT,G& F VALENTINO        MTUCKER            STO
 ,24/04/2013,20-53-30 30728691,407,DIRECTDEP,BAKER & ELDER LIMI    LONDON RD F2 321   BGC
 ,24/04/2013,20-53-30 30728691,409.72,DIRECTDEP,BAKER & ELDER LIMI    ALHAMBRA F5 12/14  BGC
 ,24/04/2013,20-53-30 30728691,-70,PAYMENT,GENERAL MEDICAL CL    REF 113 0000000000 BCC
 ,24/04/2013,20-53-30 30728691,-32.49,PAYMENT,TESCO STORE 2547      REF 113 0000000000 BCC
 ,24/04/2013,20-53-30 30728691,-27,PAYMENT,NEW SOUTHERN RAILW    REF 113 0000000000 BCC
 ,24/04/2013,20-53-30 30728691,-6.89,PAYMENT,TESCO STORE 2547      REF 113 0000000000 BCC
 ,23/04/2013,20-53-30 30728691,464,DIRECTDEP,BAKER & ELDER LIMI    ALHAMBRA F3 16/18  BGC
 ,23/04/2013,20-53-30 30728691,519.68,DIRECTDEP,BAKER & ELDER LIMI    ALHAMBRA F20 4/6   BGC
 ,23/04/2013,20-53-30 30728691,-30,CASH,BANK MACHINE          GATWICK STATION       
 ,23/04/2013,20-53-30 30728691,-20,CASH,TESCO                 TESCO FLITWICK        
 ,23/04/2013,20-53-30 30728691,-86.85,PAYMENT,SUPERMERCATO AUCHA    ITALY                 
 ,23/04/2013,20-53-30 30728691,-3,PAYMENT,EASYJET     000215    REF 111 0000000000 BCC
 ,22/04/2013,20-53-30 30728691,222421,OTH,MR NICHOLAS HARD *    820068*LOYDGB2104* TFR
 ,22/04/2013,20-53-30 30728691,464,DIRECTDEP,BAKER & ELDER LIMI    ALHAMBRA F12 16/18 BGC
 ,22/04/2013,20-53-30 30728691,275.3,DIRECTDEP,BAKER & ELDER LIMI    ALHAMBRA F10 12/14 BGC
 ,22/04/2013,20-53-30 30728691,-4.65,PAYMENT,ELIOR@EE              REF 109 0000000000 CLP
 ,22/04/2013,20-53-30 30728691,-306.18,PAYMENT,TTT MONEYCORP 59      REF 112 0000000000 BCC
 ,22/04/2013,20-53-30 30728691,-134.72,PAYMENT,EASYJET     000EL8    REF 109 0000000000 BCC
 ,22/04/2013,20-53-30 30728691,-9.63,PAYMENT,WH SMITH              REF 112 0000000000 BCC
 ,22/04/2013,20-53-30 30728691,-4.59,PAYMENT,OneHourTranslation    CYPRUS                
 ,22/04/2013,20-53-30 30728691,-4.34,PAYMENT,OneHourTranslation    CYPRUS                
 ,22/04/2013,20-53-30 30728691,-1.93,PAYMENT,OneHourTranslation    CYPRUS                
 ,22/04/2013,20-53-30 30728691,-183.94,DIRECTDEBIT,BHAM MIDSHIRES        882432/20007882432 DDR
 ,22/04/2013,20-53-30 30728691,-106.44,DIRECTDEBIT,HITACHI CAPITAL CO    023217445/31       DDR
 ,19/04/2013,20-53-30 30728691,464,DIRECTDEP,BAKER & ELDER LIMI    FAWCETT F1 169     BGC
 ,19/04/2013,20-53-30 30728691,-78.93,PAYMENT,OneHourTranslation    CYPRUS                
 ,19/04/2013,20-53-30 30728691,-5.43,PAYMENT,OneHourTranslation    CYPRUS                
 ,18/04/2013,20-53-30 30728691,145,BCC,PAYPAL *JOHNLEWISP    REF 107 0000000000 BCC
 ,18/04/2013,20-53-30 30728691,-1.72,PAYMENT,OneHourTranslation    CYPRUS                
 ,18/04/2013,20-53-30 30728691,-145.06,DIRECTDEBIT,BHAM MIDSHIRES        649652/20003649652 DDR
 ,17/04/2013,20-53-30 30728691,556.8,DIRECTDEP,BAKER & ELDER LIMI    HAMPSHIRE TER      BGC
 ,17/04/2013,20-53-30 30728691,366.56,DIRECTDEP,BAKER & ELDER LIMI    FRATTON F4 163     BGC
 ,17/04/2013,20-53-30 30728691,454.72,DIRECTDEP,BAKER & ELDER LIMI    ALHAMBRA F5 8      BGC
 ,17/04/2013,20-53-30 30728691,359,DIRECTDEP,Baker & Elder Limi    ALHAMBRA F13 16/18 BGC
 ,17/04/2013,20-53-30 30728691,-13.46,PAYMENT,OneHourTranslation    CYPRUS                
 ,17/04/2013,20-53-30 30728691,-3.91,PAYMENT,OneHourTranslation    CYPRUS                
 ,16/04/2013,20-53-30 30728691,-29,PAYMENT,TENANTFINDER          TUCKER 23C         BBP
 ,16/04/2013,20-53-30 30728691,-710.47,PAYMENT,A & F MOTORS LTD      REF 105 0000000000 BCC
 ,16/04/2013,20-53-30 30728691,-479.4,PAYMENT,W H PEACOCK           REF 105 0000000000 BCC
 ,16/04/2013,20-53-30 30728691,-14.67,DIRECTDEBIT,BHAM MIDSHIRES        557032/20010557032 DDR
 ,16/04/2013,20-53-30 30728691,-190.58,DIRECTDEBIT,BHAM MIDSHIRES        110676/20004110676 DDR
 ,15/04/2013,20-53-30 30728691,417.6,DIRECTDEP,BAKER & ELDER LIMI    FRATTON F3 163     BGC
 ,15/04/2013,20-53-30 30728691,464,DIRECTDEP,BAKER & ELDER LIMI    FAWCETT F2 171     BGC
 ,15/04/2013,20-53-30 30728691,-60,CASH,TESCO                 TESCO SHEFFORD EXP    
 ,15/04/2013,20-53-30 30728691,-73.9,PAYMENT,SAINSBURYS PETROL     REF 102 0000000000 BCC
 ,15/04/2013,20-53-30 30728691,-64.05,PAYMENT,TESCO STORES LTD 5    REF 105 0000000000 BCC
 ,15/04/2013,20-53-30 30728691,-56.4,PAYMENT,THE RUSTY GUN         REF 104 0000000000 BCC
 ,15/04/2013,20-53-30 30728691,-18.91,PAYMENT,TESCO STORES LTD 5    REF 104 0000000000 BCC
 ,15/04/2013,20-53-30 30728691,-16.52,PAYMENT,JAPANESE KOI COMPA    REF 105 0000000000 BCC
 ,15/04/2013,20-53-30 30728691,-186.11,DIRECTDEBIT,MORTGAGE EXPRESS      2008784100020558   DDR
 ,15/04/2013,20-53-30 30728691,-192.58,DIRECTDEBIT,MORTGAGE EXPRESS      2007664780020558   DDR
 ,15/04/2013,20-53-30 30728691,-192.58,DIRECTDEBIT,MORTGAGE EXPRESS      2007545340020558   DDR
 ,15/04/2013,20-53-30 30728691,-186.12,DIRECTDEBIT,MORTGAGE EXPRESS      2007544710020558   DDR
 ,15/04/2013,20-53-30 30728691,-186.09,DIRECTDEBIT,MORTGAGE EXPRESS      2007107670020558   DDR
 ,15/04/2013,20-53-30 30728691,-186.13,DIRECTDEBIT,MORTGAGE EXPRESS      2006332310020558   DDR
 ,15/04/2013,20-53-30 30728691,-186.11,DIRECTDEBIT,MORTGAGE EXPRESS      2005787290020558   DDR
 ,15/04/2013,20-53-30 30728691,-219.67,DIRECTDEBIT,PLATFORM FUNDING      01050228979115     DDR
 ,15/04/2013,20-53-30 30728691,-184.76,DIRECTDEBIT,PLATFORM FUNDING      01050228957685     DDR
 ,15/04/2013,20-53-30 30728691,-184.76,DIRECTDEBIT,PLATFORM FUNDING      01050228957650     DDR
 ,12/04/2013,20-53-30 30728691,538.24,DIRECTDEP,BAKER & ELDER LIMI    ALHAMBRA F23 4/6   BGC
 ,12/04/2013,20-53-30 30728691,459.36,DIRECTDEP,BAKER & ELDER LIMI    ALHAMBRA F16 16/18 BGC
 ,12/04/2013,20-53-30 30728691,-3,PAYMENT,ELIOR@EE              REF 101 0000000000 CLP
 ,12/04/2013,20-53-30 30728691,-140.07,DIRECTDEBIT,BHAM MIDSHIRES        389757/20000389757 DDR
 ,11/04/2013,20-53-30 30728691,-4.05,PAYMENT,ELIOR@EE              REF 100 0000000000 CLP
 ,11/04/2013,20-53-30 30728691,-1,PAYMENT,ELIOR@EE              REF 100 0000000000 CLP
 ,11/04/2013,20-53-30 30728691,-18.15,PAYMENT,TESCO STORES LTD 5    REF 100 0000000000 BCC
 ,11/04/2013,20-53-30 30728691,-16.67,PAYMENT,OneHourTranslation    CYPRUS                
 ,11/04/2013,20-53-30 30728691,-6.94,PAYMENT,OneHourTranslation    CYPRUS                
 ,10/04/2013,20-53-30 30728691,278.4,DIRECTDEP,BAKER & ELDER LIMI    KINGSTON 196 SHOP  BGC
 ,10/04/2013,20-53-30 30728691,314.47,DIRECTDEP,BAKER & ELDER LIMI    FAWCETT F2 169     BGC
 ,10/04/2013,20-53-30 30728691,464,DIRECTDEP,BAKER & ELDER LIMI    ALHAMBRA F6 16/18  BGC
 ,10/04/2013,20-53-30 30728691,-82.61,DIRECTDEBIT,BHAM MIDSHIRES        309942/20009309942 DDR
 ,09/04/2013,20-53-30 30728691,426.88,DIRECTDEP,BAKER & ELDER LIMI    KINGSTON 196A      BGC
 ,09/04/2013,20-53-30 30728691,412.06,DIRECTDEP,BAKER & ELDER LIMI    FAWCETT F1 171     BGC
 ,09/04/2013,20-53-30 30728691,464,DIRECTDEP,BAKER & ELDER LIMI    ALHAMBRA F8 8      BGC
 ,09/04/2013,20-53-30 30728691,464,DIRECTDEP,BAKER & ELDER LIMI    ALHAMBRA F7 16/18  BGC
 ,09/04/2013,20-53-30 30728691,224.58,DIRECTDEP,BAKER & ELDER LIMI    ALHAMBRA F7 12/14  BGC
 ,09/04/2013,20-53-30 30728691,424.08,DIRECTDEP,BAKER & ELDER LIMI    ALHAMBRA F11 12/14 BGC
 ,09/04/2013,20-53-30 30728691,-3.9,PAYMENT,ELIOR@EE              REF 098 0000000000 CLP
 ,09/04/2013,20-53-30 30728691,-19.95,DIRECTDEBIT,BHAM MIDSHIRES        556389/20010556389 DDR
 ,08/04/2013,20-53-30 30728691,464,DIRECTDEP,BAKER & ELDER LIMI    LONDON RD F1 321   BGC
 ,08/04/2013,20-53-30 30728691,459.36,DIRECTDEP,BAKER & ELDER LIMI    FRATTON            BGC
 ,08/04/2013,20-53-30 30728691,-4.65,PAYMENT,ELIOR@EE              REF 095 0000000000 CLP
 ,08/04/2013,20-53-30 30728691,-60.64,PAYMENT,NEW COUNTY SERVICE    REF 097 0000000000 BCC
 ,08/04/2013,20-53-30 30728691,-32.95,PAYMENT,TESCO STORES LTD 5    REF 095 0000000000 BCC
 ,08/04/2013,20-53-30 30728691,-30,PAYMENT,PRESSED 4 TIME IRO    REF 097 0000000000 BCC
 ,08/04/2013,20-53-30 30728691,-8.95,PAYMENT,PAYPAL *OHT           ISRAEL                
 ,08/04/2013,20-53-30 30728691,-1.32,PAYMENT,Amazon Web Service    USA                   
 ,08/04/2013,20-53-30 30728691,-218.68,DIRECTDEBIT,BHAM MIDSHIRES        020007900597/89565 DDR
 ,05/04/2013,20-53-30 30728691,425,STO,NWOSU O          C    FLAT 7 8 ALHAMBRA  STO
 ,05/04/2013,20-53-30 30728691,-7.92,PAYMENT,LLOYDS PHARMACY       REF 094 0000000000 BCC
 ,05/04/2013,20-53-30 30728691,-81.51,DIRECTDEBIT,BHAM MIDSHIRES        251387/20011251387 DDR
 ,04/04/2013,20-53-30 30728691,-149.98,PAYMENT,EE LIMITED 4100       REF 093 0000000000 BCC
 ,04/04/2013,20-53-30 30728691,-3.79,PAYMENT,ELIOR@EE              REF 093 0000000000 BCC
 ,04/04/2013,20-53-30 30728691,-100,REPEATPMT,KINGSTON UNITY        PL684048A VALENTNO STO
 ,04/04/2013,20-53-30 30728691,-100,DIRECTDEBIT,SHEPHERDS FS          PN026484A          DDR
 ,03/04/2013,20-53-30 30728691,-2.67,PAYMENT,BP BEDFORD EXPRESS    REF 091 0000000000 BCC
 ,03/04/2013,20-53-30 30728691,-228.81,DIRECTDEBIT,MORTGAGE EXPRESS      2016485220020546   DDR
 ,03/04/2013,20-53-30 30728691,-187.95,DIRECTDEBIT,MORTGAGE EXPRESS      2016485130020546   DDR
 ,03/04/2013,20-53-30 30728691,-212.45,DIRECTDEBIT,MORTGAGE EXPRESS      2016485040020546   DDR
 ,03/04/2013,20-53-30 30728691,-234.85,DIRECTDEBIT,MORTGAGE EXPRESS      2007545250020546   DDR
 ,03/04/2013,20-53-30 30728691,-226.76,DIRECTDEBIT,MORTGAGE EXPRESS      2007107760020546   DDR
 ,03/04/2013,20-53-30 30728691,-186.23,DIRECTDEBIT,MORTGAGE EXPRESS      2007093450020546   DDR
 ,03/04/2013,20-53-30 30728691,-226.6,DIRECTDEBIT,MORTGAGE EXPRESS      2007093360020546   DDR
 ,03/04/2013,20-53-30 30728691,-186.1,DIRECTDEBIT,MORTGAGE EXPRESS      2006372640020546   DDR
 ,03/04/2013,20-53-30 30728691,-143.54,DIRECTDEBIT,MORTGAGE EXPRESS      0019966240020546   DDR
 ,03/04/2013,20-53-30 30728691,-159.32,DIRECTDEBIT,MORTGAGE EXPRESS      0018724700020546   DDR
 ,03/04/2013,20-53-30 30728691,-159.35,DIRECTDEBIT,MORTGAGE EXPRESS      0017031550020546   DDR
 ,03/04/2013,20-53-30 30728691,-152.33,DIRECTDEBIT,MORTGAGE EXPRESS      0016470530020546   DDR
 ,03/04/2013,20-53-30 30728691,-145.46,DIRECTDEBIT,MORTGAGE EXPRESS      0015866140020546   DDR
 ,02/04/2013,20-53-30 30728691,297.5,DIRECTDEP,NICHOLS KS            23C HAMPSHIRE TERR BGC
 ,02/04/2013,20-53-30 30728691,525,STO,STEPEK MP             FLAT 19 4/6 ALHAM  STO
 ,02/04/2013,20-53-30 30728691,-4.65,PAYMENT,ELIOR@EE              REF 087 0000000000 CLP
 ,02/04/2013,20-53-30 30728691,-100,CASH,NOTEMACHINE           FCC                   
 ,02/04/2013,20-53-30 30728691,-219.9,PAYMENT,THACKERAYS            REF 090 0000000000 BCC
 ,02/04/2013,20-53-30 30728691,-110.84,PAYMENT,GAP 9071              REF 090 0000000000 BCC
 ,02/04/2013,20-53-30 30728691,-77.65,PAYMENT,THE FALCON INN        REF 092 0000000000 BCC
 ,02/04/2013,20-53-30 30728691,-44,PAYMENT,M&S E COMMERCE        REF 087 0000000000 BCC
 ,02/04/2013,20-53-30 30728691,-23,PAYMENT,FIRST CAPITAL CONN    REF 087 0000000000 BCC
 ,02/04/2013,20-53-30 30728691,-13.03,PAYMENT,OneHourTranslation    CYPRUS                
 ,02/04/2013,20-53-30 30728691,-7.57,PAYMENT,BP BEDFORD EXPRESS    REF 090 0000000000 BCC
 ,02/04/2013,20-53-30 30728691,-6.14,PAYMENT,BOOTS 0885            REF 087 0000000000 BCC
 ,02/04/2013,20-53-30 30728691,-3.5,PAYMENT,STARBUCKS             REF 090 0000000000 BCC
 ,02/04/2013,20-53-30 30728691,-2.58,PAYMENT,MKC PAYBEPHONES PA    REF 092 0000000000 BCC
 ,02/04/2013,20-53-30 30728691,-324.97,REPEATPMT,VALENTINO I    0   STO
 ,02/04/2013,20-53-30 30728691,-312.08,REPEATPMT,ALHAMBRA ROAD MANA    209254 83672832    STO
 ,02/04/2013,20-53-30 30728691,-261.35,REPEATPMT,ALHAMBRA ROAD MANA    209254 13686035    STO
 ,02/04/2013,20-53-30 30728691,-261.35,REPEATPMT,ALHAMBRA ROAD MANA    209254 23534332    STO
 ,02/04/2013,20-53-30 30728691,-196.79,REPEATPMT,M TUCKER              KINGSTON SHOP      STO
 ,02/04/2013,20-53-30 30728691,-167.06,REPEATPMT,ALHAMBRA ROAD MANA    209254 93543692    STO
 ,02/04/2013,20-53-30 30728691,-50,REPEATPMT,23 HAMPSHIRE TERRA    209254 13676978    STO
 ,02/04/2013,20-53-30 30728691,-50,REPEATPMT,MATHEW TUCKER         MTUCKER            STO
 ,02/04/2013,20-53-30 30728691,-129.28,DIRECTDEBIT,BHAM MIDSHIRES        731371/20002731371 DDR
 ,02/04/2013,20-53-30 30728691,-38,DIRECTDEBIT,SOUTHERN ELECTRIC     688276601          DDR
 ,02/04/2013,20-53-30 30728691,-522.3,DIRECTDEBIT,NRAM                  24935234           DDR
 ,02/04/2013,20-53-30 30728691,-186.14,DIRECTDEBIT,MORTGAGE EXPRESS      2007093270020545   DDR
 ,02/04/2013,20-53-30 30728691,-9,DIRECTDEBIT,SOUTHERN ELECTRIC     141011701          DDR
 ,02/04/2013,20-53-30 30728691,-263.8,DIRECTDEBIT,BHAM MID002329        020003973492/74851 DDR
 ,02/04/2013,20-53-30 30728691,-200.74,DIRECTDEBIT,PLATFORM FUNDING      01050230313307     DDR
 ,02/04/2013,20-53-30 30728691,-217.96,DIRECTDEBIT,PLATFORM FUNDING      01050229961090     DDR
 ,02/04/2013,20-53-30 30728691,-217.96,DIRECTDEBIT,PLATFORM FUNDING      01050229961082     DDR
 ,02/04/2013,20-53-30 30728691,-219.74,DIRECTDEBIT,PLATFORM FUNDING      01050228964703     DDR
 ,02/04/2013,20-53-30 30728691,-367.26,DIRECTDEBIT,MORTGAGE EXPRESS      MEC00005/480016104 DDR
 ,02/04/2013,20-53-30 30728691,-110,DIRECTDEBIT,AUBURN SEC 6          CHL00002/907372200 DDR
 ,02/04/2013,20-53-30 30728691,-110,DIRECTDEBIT,AUBURN SEC 6          CHL00002/907371904 DDR
 ,02/04/2013,20-53-30 30728691,-400.35,DIRECTDEBIT,AMBER HOMELOANS       AHG00001/480441702 DDR
