Number,Date,Account,Amount,Subcategory,Memo,
 ,01/12/2016,20-53-30 30728691,2609.16,STO,TUCKER MS     %0 P    205330 30728691    STO,
 ,01/12/2016,20-53-30 30728691,-2864.21,PAYMENT,BAKER AND ELDER L     MTUCKER-NOV16      BBP,
 ,01/12/2016,20-53-30 30728691,-1223.25,FT ,207409 60458872       MORTGAGES          FT ,
 ,01/12/2016,20-53-30 30728691,-170.54,FT ,207409 60458872       MOBILE-CHANNEL     FT ,
 ,01/12/2016,20-53-30 30728691,-232.5,REPEATPMT,ALHAMBRA ROAD MANA    209254 83672832    STO,
 ,01/12/2016,20-53-30 30728691,-160,REPEATPMT,ALHAMBRA ROAD MANA    209254 13686035    STO,
 ,01/12/2016,20-53-30 30728691,-157.5,REPEATPMT,ALHAMBRA ROAD MANA    209254 23534332    STO,
 ,01/12/2016,20-53-30 30728691,-50,REPEATPMT,NATIONWIDE            0604/229172770     STO,
 ,01/12/2016,20-53-30 30728691,-50,REPEATPMT,23 HAMPSHIRE TERRA    209254 13676978    STO,
 ,01/12/2016,20-53-30 30728691,-496.98,DIRECTDEBIT,NRAM                  24935234           DDR,
 ,01/12/2016,20-53-30 30728691,-165.45,DIRECTDEBIT,MORTGAGE EXPRESS      2007093270021884   DDR,
 ,01/12/2016,20-53-30 30728691,-195.72,DIRECTDEBIT,PLATFORM FUNDING      01050229961090     DDR,
 ,01/12/2016,20-53-30 30728691,-197.32,DIRECTDEBIT,PLATFORM FUNDING      01050228964703     DDR,
 ,01/12/2016,20-53-30 30728691,-348.23,DIRECTDEBIT,MORTGAGE EXPRESS      MEC00005/480016104 DDR,
 ,01/12/2016,20-53-30 30728691,-356.83,DIRECTDEBIT,AMBER HOMELOANS       AHG00001/480441702 DDR,
 ,02/12/2016,20-53-30 30728691,1000,FT ,205330 70074675       MOBILE-CHANNEL     FT ,
 ,02/12/2016,20-53-30 30728691,464,DIRECTDEP,BAKER & ELDER LIMI    LONDON F4 321      BGC,
 ,02/12/2016,20-53-30 30728691,395.14,DIRECTDEP,BAKER & ELDER LIMI    ALHAM F8 8         BGC,
 ,02/12/2016,20-53-30 30728691,362,DIRECTDEP,BAKER & ELDER LIMI    ALHAM F18 4/6      BGC,
 ,02/12/2016,20-53-30 30728691,-1000,FT ,207409 60458872       MOBILE-CHANNEL     FT ,
 ,02/12/2016,20-53-30 30728691,-37.95,DIRECTDEBIT,LEGAL & GEN MI C/L    011439921-5        DDR,
 ,05/12/2016,20-53-30 30728691,-23503.73,FT ,207409 60458872    FT ,
 ,05/12/2016,20-53-30 30728691,-75,REPEATPMT,KINGSTON UNITY        PL684048A VALENTNO STO,
 ,05/12/2016,20-53-30 30728691,-203.37,DIRECTDEBIT,MORTGAGE EXPRESS      2016485220021888   DDR,
 ,05/12/2016,20-53-30 30728691,-75,DIRECTDEBIT,SHEPHERDS FS          PN026484A          DDR,
 ,08/12/2016,20-53-30 30728691,262.53,DIRECTDEP,BEALS ESTATE AGENT    FLAT 78 ALHAMBRA R BGC,
 ,08/12/2016,20-53-30 30728691,-196.17,DIRECTDEBIT,BHAM MIDSHIRES        020007900597/89565 DDR,
 ,12/12/2016,20-53-30 30728691,226.44,DIRECTDEP,BEALS ESTATE AGENT    FLAT 312-14 ALHAMB BGC,
 ,12/12/2016,20-53-30 30728691,-37.68,DIRECTDEBIT,FRIENDS LIFE          014033997          DDR,
 ,12/12/2016,20-53-30 30728691,-164.75,DIRECTDEBIT,EE & T-MOBILE         Q20664165674854018 DDR,
 ,14/12/2016,20-53-30 30728691,421.46,DIRECTDEP,BEALS ESTATE AGENT    F234-6 ALHAMBRA RD BGC,
 ,14/12/2016,20-53-30 30728691,320.5,DIRECTDEP,BEALS ESTATE AGENT    FLAT 3171 FAWCETT  BGC,
 ,14/12/2016,20-53-30 30728691,-51.49,DIRECTDEBIT,BT GROUP PLC          GB14092007-000027  DDR,
 ,15/12/2016,20-53-30 30728691,-165.41,DIRECTDEBIT,MORTGAGE EXPRESS      2008784100021898   DDR,
 ,15/12/2016,20-53-30 30728691,-171.18,DIRECTDEBIT,MORTGAGE EXPRESS      2007664780021898   DDR,
 ,15/12/2016,20-53-30 30728691,-171.18,DIRECTDEBIT,MORTGAGE EXPRESS      2007545340021898   DDR,
 ,15/12/2016,20-53-30 30728691,-165.45,DIRECTDEBIT,MORTGAGE EXPRESS      2007544710021898   DDR,
 ,15/12/2016,20-53-30 30728691,-165.41,DIRECTDEBIT,MORTGAGE EXPRESS      2007107670021898   DDR,
 ,15/12/2016,20-53-30 30728691,-165.47,DIRECTDEBIT,MORTGAGE EXPRESS      2006332310021898   DDR,
 ,15/12/2016,20-53-30 30728691,-165.44,DIRECTDEBIT,MORTGAGE EXPRESS      2005787290021898   DDR,
 ,15/12/2016,20-53-30 30728691,-165.91,DIRECTDEBIT,PLATFORM FUNDING      01050228957685     DDR,
 ,16/12/2016,20-53-30 30728691,612.48,DIRECTDEP,BEALS ESTATE AGENT    23C HAMPSHIRE TERR BGC,
 ,16/12/2016,20-53-30 30728691,-300,OTH,PREM NO/PR            HITCHIN            TFR,
100083,16/12/2016,20-53-30 30728691,-100,CHQ,100083,
 ,19/12/2016,20-53-30 30728691,48.52,DIRECTDEP,BEALS ESTATE AGENT    FLAT 234-6 ALHAMBR BGC,556.8
 ,20/12/2016,20-53-30 30728691,92.8,DIRECTDEP,BEALS ESTATE AGENT    FLAT 224-6 ALHAMBR BGC,
 ,20/12/2016,20-53-30 30728691,-300,FT ,207409 40406538       MOBILE-CHANNEL     FT ,
 ,21/12/2016,20-53-30 30728691,-50,DIRECTDEBIT,SKY DIGITAL           00620054164228     DDR,
 ,22/12/2016,20-53-30 30728691,428.29,DIRECTDEP,BEALS ESTATE AGENT    FLAT 1612-14 ALHAM BGC,
 ,22/12/2016,20-53-30 30728691,428.29,DIRECTDEP,BEALS ESTATE AGENT    FLAT 1112-14 ALHAM BGC,
 ,22/12/2016,20-53-30 30728691,383.29,DIRECTDEP,BEALS ESTATE AGENT    FLAT 716-18 ALHAMB BGC,775.43
 ,22/12/2016,20-53-30 30728691,373.16,DIRECTDEP,BEALS ESTATE AGENT    FLAT 1216-18 ALHAM BGC,
 ,22/12/2016,20-53-30 30728691,345.28,DIRECTDEP,BEALS ESTATE AGENT    FLAT 224-6 ALHAMBR BGC,820.93
 ,22/12/2016,20-53-30 30728691,274,DIRECTDEP,BEALS ESTATE AGENT    196B KINGSTON ROAD BGC,
 ,22/12/2016,20-53-30 30728691,242.2,DIRECTDEP,BEALS ESTATE AGENT    FLAT 312-14 ALHAMB BGC,
 ,22/12/2016,20-53-30 30728691,206.11,DIRECTDEP,BEALS ESTATE AGENT    FLAT 78 ALHAMBRA R BGC,
 ,22/12/2016,20-53-30 30728691,143.5,DIRECTDEP,BEALS ESTATE AGENT    FLAT 3171 FAWCETT  BGC,
 ,22/12/2016,20-53-30 30728691,71.85,DIRECTDEP,BEALS ESTATE AGENT    FLAT 316-18 ALHAMB BGC,
 ,22/12/2016,20-53-30 30728691,51.03,DIRECTDEP,BEALS ESTATE AGENT    FLAT 1616-18 ALHAM BGC,
 ,23/12/2016,20-53-30 30728691,419.75,DIRECTDEP,BEALS ESTATE AGENT    FLAT 512-14 ALHAMB BGC,804.83
 ,23/12/2016,20-53-30 30728691,356.43,DIRECTDEP,BEALS ESTATE AGENT    FLAT 316-18 ALHAMB BGC,820.43
 ,28/12/2016,20-53-30 30728691,432.56,DIRECTDEP,BEALS ESTATE AGENT    FLAT 88 ALHAMBRA R BGC,
 ,28/12/2016,20-53-30 30728691,-250,FT ,207409 40406538       MOBILE-CHANNEL     FT ,
 ,28/12/2016,20-53-30 30728691,-1200,REPEATPMT,MR MATTHEW STUART     207409 40406538    STO,
 ,28/12/2016,20-53-30 30728691,-33,DIRECTDEBIT,BOOTS REWARDSCHEME    A45028400000736    DDR,
 ,29/12/2016,20-53-30 30728691,427.85,DIRECTDEP,BEALS ESTATE AGENT    FLAT 1112-14 ALHAM BGC,
 ,29/12/2016,20-53-30 30728691,142.39,DIRECTDEP,BEALS ESTATE AGENT    FLAT 1612-14 ALHAM BGC,
 ,29/12/2016,20-53-30 30728691,-400,REPEATPMT,F VALENTINO           RENT               STO,