Number,Date,Account,Amount,Subcategory,Memo
 ,01/12/2014,20-53-30 30728691,104,DIRECTDEP,BAKER & ELDER LIMI    FAWCETT F1 169     BGC
 ,01/12/2014,20-53-30 30728691,525,STO,STEPEK MP             FLAT 19 4/6 ALHAM  STO
 ,01/12/2014,20-53-30 30728691,-465,REPEATPMT,ALHAMBRA ROAD MANA    209254 83672832    STO
 ,01/12/2014,20-53-30 30728691,-400,REPEATPMT,F VALENTINO           RENT               STO
 ,01/12/2014,20-53-30 30728691,-320,REPEATPMT,ALHAMBRA ROAD MANA    209254 13686035    STO
 ,01/12/2014,20-53-30 30728691,-315,REPEATPMT,ALHAMBRA ROAD MANA    209254 23534332    STO
 ,01/12/2014,20-53-30 30728691,-196.79,REPEATPMT,M TUCKER              KINGSTON SHOP      STO
 ,01/12/2014,20-53-30 30728691,-50,REPEATPMT,NATIONWIDE            0604/229172770     STO
 ,01/12/2014,20-53-30 30728691,-50,REPEATPMT,23 HAMPSHIRE TERRA    209254 13676978    STO
 ,01/12/2014,20-53-30 30728691,-50,REPEATPMT,MATHEW TUCKER         MTUCKER            STO
 ,01/12/2014,20-53-30 30728691,-129.28,DIRECTDEBIT,BHAM MIDSHIRES        731371/20002731371 DDR
 ,01/12/2014,20-53-30 30728691,-522.3,DIRECTDEBIT,NRAM                  24935234           DDR
 ,01/12/2014,20-53-30 30728691,-186.14,DIRECTDEBIT,MORTGAGE EXPRESS      2007093270021153   DDR
 ,01/12/2014,20-53-30 30728691,-1,DIRECTDEBIT,SOUTHERN ELECTRIC     141011701          DDR
 ,01/12/2014,20-53-30 30728691,-200.74,DIRECTDEBIT,PLATFORM FUNDING      01050230313307     DDR
 ,01/12/2014,20-53-30 30728691,-217.96,DIRECTDEBIT,PLATFORM FUNDING      01050229961090     DDR
 ,01/12/2014,20-53-30 30728691,-217.96,DIRECTDEBIT,PLATFORM FUNDING      01050229961082     DDR
 ,01/12/2014,20-53-30 30728691,-219.74,DIRECTDEBIT,PLATFORM FUNDING      01050228964703     DDR
 ,01/12/2014,20-53-30 30728691,-49.34,DIRECTDEBIT,EE & T-MOBILE         Q13077400487372236 DDR
 ,01/12/2014,20-53-30 30728691,-367.26,DIRECTDEBIT,MORTGAGE EXPRESS      MEC00005/480016104 DDR
 ,01/12/2014,20-53-30 30728691,-110,DIRECTDEBIT,AUBURN SEC 6          CHL00002/907372200 DDR
 ,01/12/2014,20-53-30 30728691,-110,DIRECTDEBIT,AUBURN SEC 6          CHL00002/907371904 DDR
 ,01/12/2014,20-53-30 30728691,-375.68,DIRECTDEBIT,AMBER HOMELOANS       AHG00001/480441702 DDR
 ,02/12/2014,20-53-30 30728691,-263.8,DIRECTDEBIT,BHAM MIDSHIRES        020003973492/74851 DDR
 ,02/12/2014,20-53-30 30728691,-37.95,DIRECTDEBIT,LEGAL & GEN MI C/L    011439921-5        DDR
 ,03/12/2014,20-53-30 30728691,-228.81,DIRECTDEBIT,MORTGAGE EXPRESS      2016485220021155   DDR
 ,03/12/2014,20-53-30 30728691,-187.95,DIRECTDEBIT,MORTGAGE EXPRESS      2016485130021155   DDR
 ,03/12/2014,20-53-30 30728691,-212.45,DIRECTDEBIT,MORTGAGE EXPRESS      2016485040021155   DDR
 ,03/12/2014,20-53-30 30728691,-234.85,DIRECTDEBIT,MORTGAGE EXPRESS      2007545250021155   DDR
 ,03/12/2014,20-53-30 30728691,-226.76,DIRECTDEBIT,MORTGAGE EXPRESS      2007107760021155   DDR
 ,03/12/2014,20-53-30 30728691,-186.23,DIRECTDEBIT,MORTGAGE EXPRESS      2007093450021155   DDR
 ,03/12/2014,20-53-30 30728691,-226.6,DIRECTDEBIT,MORTGAGE EXPRESS      2007093360021155   DDR
 ,03/12/2014,20-53-30 30728691,-186.1,DIRECTDEBIT,MORTGAGE EXPRESS      2006372640021155   DDR
 ,03/12/2014,20-53-30 30728691,-143.54,DIRECTDEBIT,MORTGAGE EXPRESS      0019966240021155   DDR
 ,03/12/2014,20-53-30 30728691,-159.32,DIRECTDEBIT,MORTGAGE EXPRESS      0018724700021155   DDR
 ,03/12/2014,20-53-30 30728691,-159.35,DIRECTDEBIT,MORTGAGE EXPRESS      0017031550021155   DDR
 ,03/12/2014,20-53-30 30728691,-152.33,DIRECTDEBIT,MORTGAGE EXPRESS      0016470530021155   DDR
 ,03/12/2014,20-53-30 30728691,-145.46,DIRECTDEBIT,MORTGAGE EXPRESS      0015866140021155   DDR
 ,04/12/2014,20-53-30 30728691,65.09,DIRECTDEP,BAKER & ELDER LIMI    HAMPSHIRE TER 23B  BGC
 ,04/12/2014,20-53-30 30728691,459.36,DIRECTDEP,BAKER & ELDER LIMI    FRATTON F2 163     BGC
 ,04/12/2014,20-53-30 30728691,-75,REPEATPMT,KINGSTON UNITY        PL684048A VALENTNO STO
 ,04/12/2014,20-53-30 30728691,-75,DIRECTDEBIT,SHEPHERDS FS          PN026484A          DDR
 ,05/12/2014,20-53-30 30728691,425,STO,NWOSU O          C    FLAT 7 8 ALHAMBRA  STO
 ,05/12/2014,20-53-30 30728691,-81.51,DIRECTDEBIT,BHAM MIDSHIRES        251387/20011251387 DDR
 ,08/12/2014,20-53-30 30728691,464,DIRECTDEP,BAKER & ELDER LIMI    ALHAMBRA F13 16/18 BGC
 ,08/12/2014,20-53-30 30728691,-218.68,DIRECTDEBIT,BHAM MIDSHIRES        020007900597/89565 DDR
 ,09/12/2014,20-53-30 30728691,424,DIRECTDEP,BAKER & ELDER LIMI    ALHAMBRA F4 12/14  BGC
 ,09/12/2014,20-53-30 30728691,464,DIRECTDEP,BAKER & ELDER LIMI    ALHAMBRA F22 4/6   BGC
 ,09/12/2014,20-53-30 30728691,464,DIRECTDEP,BAKER & ELDER LIMI    ALHAMBRA F16 12/14 BGC
 ,09/12/2014,20-53-30 30728691,426.88,DIRECTDEP,Baker & Elder Limi    KINGSTON 196A      BGC
 ,09/12/2014,20-53-30 30728691,-19.95,DIRECTDEBIT,BHAM MIDSHIRES        556389/20010556389 DDR
 ,10/12/2014,20-53-30 30728691,475,STO,YACOUB B              17 4-6 ALHAMBRA RO STO
 ,10/12/2014,20-53-30 30728691,493.24,DIRECTDEP,BAKER & ELDER LIMI    FAWCETT F1 171     BGC
 ,10/12/2014,20-53-30 30728691,464,DIRECTDEP,BAKER & ELDER LIMI    ALHAMBRA F8 8      BGC
 ,10/12/2014,20-53-30 30728691,464,DIRECTDEP,BAKER & ELDER LIMI    ALHAMBRA F14 12/14 BGC
 ,10/12/2014,20-53-30 30728691,-82.61,DIRECTDEBIT,BHAM MIDSHIRES        309942/20009309942 DDR
 ,11/12/2014,20-53-30 30728691,278.4,DIRECTDEP,BAKER & ELDER LIMI    KINGSTON SHOP      BGC
 ,11/12/2014,20-53-30 30728691,603.2,DIRECTDEP,BAKER & ELDER LIMI    HAMP TER 23C       BGC
 ,11/12/2014,20-53-30 30728691,464,DIRECTDEP,BAKER & ELDER LIMI    FAWCETT F3 171     BGC
 ,11/12/2014,20-53-30 30728691,72,DIRECTDEP,BAKER & ELDER LIMI    ALHAMBRA F7 16/18  BGC
 ,11/12/2014,20-53-30 30728691,464,DIRECTDEP,BAKER & ELDER LIMI    ALHAMBRA F6 8      BGC
 ,11/12/2014,20-53-30 30728691,309.18,DIRECTDEP,BAKER & ELDER LIMI    ALHAMBRA F6 16/18  BGC
 ,11/12/2014,20-53-30 30728691,556.8,DIRECTDEP,BAKER & ELDER LIMI    ALHAMBRA F23 4/6   BGC
 ,12/12/2014,20-53-30 30728691,398,DIRECTDEP,BAKER & ELDER LIMI    FAWCETT F2 169     BGC
 ,12/12/2014,20-53-30 30728691,459.36,DIRECTDEP,BAKER & ELDER LIMI    ALHAMBRA F16 16/18 BGC
 ,12/12/2014,20-53-30 30728691,-140.07,DIRECTDEBIT,BHAM MIDSHIRES        389757/20000389757 DDR
 ,12/12/2014,20-53-30 30728691,-37.68,DIRECTDEBIT,FRIENDS LIFE DD       014033997/908      DDR
 ,12/12/2014,20-53-30 30728691,-57.56,DIRECTDEBIT,EE & T-MOBILE         Q20664165489701371 DDR
 ,15/12/2014,20-53-30 30728691,417.6,DIRECTDEP,BAKER & ELDER LIMI    FRATTON F3 163     BGC
 ,15/12/2014,20-53-30 30728691,-186.11,DIRECTDEBIT,MORTGAGE EXPRESS      2008784100021167   DDR
 ,15/12/2014,20-53-30 30728691,-192.58,DIRECTDEBIT,MORTGAGE EXPRESS      2007664780021167   DDR
 ,15/12/2014,20-53-30 30728691,-192.58,DIRECTDEBIT,MORTGAGE EXPRESS      2007545340021167   DDR
 ,15/12/2014,20-53-30 30728691,-186.12,DIRECTDEBIT,MORTGAGE EXPRESS      2007544710021167   DDR
 ,15/12/2014,20-53-30 30728691,-186.09,DIRECTDEBIT,MORTGAGE EXPRESS      2007107670021167   DDR
 ,15/12/2014,20-53-30 30728691,-186.13,DIRECTDEBIT,MORTGAGE EXPRESS      2006332310021167   DDR
 ,15/12/2014,20-53-30 30728691,-186.11,DIRECTDEBIT,MORTGAGE EXPRESS      2005787290021167   DDR
 ,15/12/2014,20-53-30 30728691,-219.67,DIRECTDEBIT,PLATFORM FUNDING      01050228979115     DDR
 ,15/12/2014,20-53-30 30728691,-184.76,DIRECTDEBIT,PLATFORM FUNDING      01050228957685     DDR
 ,15/12/2014,20-53-30 30728691,-184.76,DIRECTDEBIT,PLATFORM FUNDING      01050228957650     DDR
 ,15/12/2014,20-53-30 30728691,-25.15,DIRECTDEBIT,BT GROUP PLC          GB14092007-000003  DDR
 ,16/12/2014,20-53-30 30728691,464,DIRECTDEP,BAKER & ELDER LIMI    FAWCETT F3 169     BGC
 ,16/12/2014,20-53-30 30728691,-14.67,DIRECTDEBIT,BHAM MIDSHIRES        557032/20010557032 DDR
 ,16/12/2014,20-53-30 30728691,-190.58,DIRECTDEBIT,BHAM MIDSHIRES        110676/20004110676 DDR
100092,16/12/2014,20-53-30 30728691,-100,CHQ,100092
 ,18/12/2014,20-53-30 30728691,276.56,DIRECTDEP,BAKER & ELDER LIMI    FRATTON F4 163     BGC
 ,18/12/2014,20-53-30 30728691,454.72,DIRECTDEP,BAKER & ELDER LIMI    ALHAMBRA F5 8      BGC
 ,18/12/2014,20-53-30 30728691,-145.06,DIRECTDEBIT,BHAM MIDSHIRES        649652/20003649652 DDR
 ,19/12/2014,20-53-30 30728691,464,DIRECTDEP,BAKER & ELDER LIMI    FAWCETT F2 171     BGC
 ,19/12/2014,20-53-30 30728691,464,DIRECTDEP,BAKER & ELDER LIMI    ALHAMBRA F11 12/14 BGC
 ,22/12/2014,20-53-30 30728691,-183.94,DIRECTDEBIT,BHAM MIDSHIRES        882432/20007882432 DDR
 ,23/12/2014,20-53-30 30728691,983.68,DIRECTDEP,BAKER & ELDER LIMI    F20 4/6  F3  16/18 BGC
 ,23/12/2014,20-53-30 30728691,928,DIRECTDEP,BAKER & ELDER LIMI    F10 12/14  F12 16/ BGC
 ,23/12/2014,20-53-30 30728691,510.4,DIRECTDEP,Baker & Elder Limi    LONDON F3 321      BGC
 ,23/12/2014,20-53-30 30728691,380,DIRECTDEP,Baker & Elder Limi    ALHAMBRA F7 12/14  BGC
 ,23/12/2014,20-53-30 30728691,-44.5,DIRECTDEBIT,SKY DIGITAL           00620054164228     DDR
 ,24/12/2014,20-53-30 30728691,928,DIRECTDEP,BAKER & ELDER LIMI    LONDON F1 & F2 321 BGC
 ,24/12/2014,20-53-30 30728691,454.72,DIRECTDEP,BAKER & ELDER LIMI    ALHAMBRAF5 12/14   BGC
 ,24/12/2014,20-53-30 30728691,464,DIRECTDEP,BAKER & ELDER LIMI    ALHAMBRA F3 12/14  BGC
 ,24/12/2014,20-53-30 30728691,519.68,DIRECTDEP,BAKER & ELDER LIMI    ALHAMBRA F1 16/18  BGC
 ,24/12/2014,20-53-30 30728691,464,DIRECTDEP,BAKER & ELDER LIMI    ALHAMBRA F11 16/18 BGC
 ,29/12/2014,20-53-30 30728691,464,DIRECTDEP,BAKER & ELDER LIMI    LONDON F4 321      BGC
 ,29/12/2014,20-53-30 30728691,464,DIRECTDEP,BAKER & ELDER LIMI    ALHAMBRA F18 4/6   BGC
 ,29/12/2014,20-53-30 30728691,663,STO,BUGISIW LIMITED       BUGISIWLTD         STO
 ,29/12/2014,20-53-30 30728691,-1200,REPEATPMT,MR MATTHEW STUART     207409 40406538    STO
 ,29/12/2014,20-53-30 30728691,-519.5,REPEATPMT,G& F VALENTINO        MTUCKER            STO
 ,29/12/2014,20-53-30 30728691,-400,REPEATPMT,F VALENTINO           RENT               STO
 ,29/12/2014,20-53-30 30728691,-129.28,DIRECTDEBIT,BHAM MIDSHIRES        731371/20002731371 DDR
 ,29/12/2014,20-53-30 30728691,-33,DIRECTDEBIT,BOOTS REWARDSCHEME    A45028400000736    DDR
100093,29/12/2014,20-53-30 30728691,-500,CHQ,100093
 ,30/12/2014,20-53-30 30728691,464,DIRECTDEP,BAKER & ELDER LIMI    FAWCETT F1 169     BGC
 ,30/12/2014,20-53-30 30728691,-298.5,PAYMENT,BAKER AND ELDER L     MTUCKER-OCT14      BBP
 ,31/12/2014,20-53-30 30728691,-187.59,DIRECTDEBIT,MORTGAGE TRUST        002197389 10191310 DDR
 ,31/12/2014,20-53-30 30728691,-193.07,DIRECTDEBIT,MORTGAGE TRUST        002186357 10191310 DDR
 ,31/12/2014,20-53-30 30728691,-193.07,DIRECTDEBIT,MORTGAGE TRUST        002186356 10191310 DDR
 ,31/12/2014,20-53-30 30728691,-193.07,DIRECTDEBIT,MORTGAGE TRUST        002186317 10191310 DDR
 ,31/12/2014,20-53-30 30728691,-44.53,DIRECTDEBIT,EE & T-MOBILE         Q13077400493848129 DDR
