Number,Date,Account,Amount,Subcategory,Memo,
 ,01/12/2015,20-53-30 30728691,525,STO,STEPEK MP             FLAT 19 4/6 ALHAM  STO,
 ,01/12/2015,20-53-30 30728691,-465,REPEATPMT,ALHAMBRA ROAD MANA    209254 83672832    STO,
 ,01/12/2015,20-53-30 30728691,-320,REPEATPMT,ALHAMBRA ROAD MANA    209254 13686035    STO,
 ,01/12/2015,20-53-30 30728691,-315,REPEATPMT,ALHAMBRA ROAD MANA    209254 23534332    STO,
 ,01/12/2015,20-53-30 30728691,-196.79,REPEATPMT,M TUCKER              KINGSTON SHOP      STO,
 ,01/12/2015,20-53-30 30728691,-50,REPEATPMT,NATIONWIDE            0604/229172770     STO,
 ,01/12/2015,20-53-30 30728691,-50,REPEATPMT,23 HAMPSHIRE TERRA    209254 13676978    STO,
 ,01/12/2015,20-53-30 30728691,-522.3,DIRECTDEBIT,NRAM                  24935234           DDR,
 ,01/12/2015,20-53-30 30728691,-186.14,DIRECTDEBIT,MORTGAGE EXPRESS      2007093270021518   DDR,
 ,01/12/2015,20-53-30 30728691,-9,DIRECTDEBIT,SOUTHERN ELECTRIC     141011701          DDR,
 ,01/12/2015,20-53-30 30728691,-200.74,DIRECTDEBIT,PLATFORM FUNDING      01050230313307     DDR,
 ,01/12/2015,20-53-30 30728691,-217.96,DIRECTDEBIT,PLATFORM FUNDING      01050229961090     DDR,
 ,01/12/2015,20-53-30 30728691,-217.96,DIRECTDEBIT,PLATFORM FUNDING      01050229961082     DDR,
 ,01/12/2015,20-53-30 30728691,-219.74,DIRECTDEBIT,PLATFORM FUNDING      01050228964703     DDR,
 ,01/12/2015,20-53-30 30728691,-367.26,DIRECTDEBIT,MORTGAGE EXPRESS      MEC00005/480016104 DDR,
 ,01/12/2015,20-53-30 30728691,-110,DIRECTDEBIT,CAPITAL HOME LOANS    CHL00002/907372200 DDR,
 ,01/12/2015,20-53-30 30728691,-110,DIRECTDEBIT,CAPITAL HOME LOANS    CHL00002/907371904 DDR,
 ,01/12/2015,20-53-30 30728691,-375.68,DIRECTDEBIT,AMBER HOMELOANS       AHG00001/480441702 DDR,
 ,02/12/2015,20-53-30 30728691,464,DIRECTDEP,BAKER & ELDER LIMI    LONDON F4 321      BGC,
 ,02/12/2015,20-53-30 30728691,458,DIRECTDEP,BAKER & ELDER LIMI    FAWCETT F1 169     BGC,
 ,02/12/2015,20-53-30 30728691,468.64,DIRECTDEP,BAKER & ELDER LIMI    ALHAMBRA F8 8      BGC,
 ,02/12/2015,20-53-30 30728691,464,DIRECTDEP,BAKER & ELDER LIMI    ALHAMBRA F18 4/6   BGC,
 ,02/12/2015,20-53-30 30728691,-263.8,DIRECTDEBIT,BHAM MIDSHIRES        020003973492/74851 DDR,
 ,02/12/2015,20-53-30 30728691,-37.95,DIRECTDEBIT,LEGAL & GEN MI C/L    011439921-5        DDR,
 ,02/12/2015,20-53-30 30728691,-59.29,DIRECTDEBIT,EE & T-MOBILE         Q13077400572447651 DDR,
 ,03/12/2015,20-53-30 30728691,459.36,DIRECTDEP,BAKER & ELDER LIMI    FRATTON F2 163     BGC,
 ,03/12/2015,20-53-30 30728691,-228.81,DIRECTDEBIT,MORTGAGE EXPRESS      2016485220021520   DDR,
 ,03/12/2015,20-53-30 30728691,-187.95,DIRECTDEBIT,MORTGAGE EXPRESS      2016485130021520   DDR,
 ,03/12/2015,20-53-30 30728691,-212.45,DIRECTDEBIT,MORTGAGE EXPRESS      2016485040021520   DDR,
 ,03/12/2015,20-53-30 30728691,-234.85,DIRECTDEBIT,MORTGAGE EXPRESS      2007545250021520   DDR,
 ,03/12/2015,20-53-30 30728691,-226.76,DIRECTDEBIT,MORTGAGE EXPRESS      2007107760021520   DDR,
 ,03/12/2015,20-53-30 30728691,-186.23,DIRECTDEBIT,MORTGAGE EXPRESS      2007093450021520   DDR,
 ,03/12/2015,20-53-30 30728691,-226.6,DIRECTDEBIT,MORTGAGE EXPRESS      2007093360021520   DDR,
 ,03/12/2015,20-53-30 30728691,-186.1,DIRECTDEBIT,MORTGAGE EXPRESS      2006372640021520   DDR,
 ,03/12/2015,20-53-30 30728691,-143.54,DIRECTDEBIT,MORTGAGE EXPRESS      0019966240021520   DDR,
 ,03/12/2015,20-53-30 30728691,-159.32,DIRECTDEBIT,MORTGAGE EXPRESS      0018724700021520   DDR,
 ,03/12/2015,20-53-30 30728691,-159.35,DIRECTDEBIT,MORTGAGE EXPRESS      0017031550021520   DDR,
 ,03/12/2015,20-53-30 30728691,-152.33,DIRECTDEBIT,MORTGAGE EXPRESS      0016470530021520   DDR,
 ,03/12/2015,20-53-30 30728691,-145.46,DIRECTDEBIT,MORTGAGE EXPRESS      0015866140021520   DDR,
 ,04/12/2015,20-53-30 30728691,425,STO,NWOSU O          C    FLAT 7 8 ALHAMBRA  STO,
 ,04/12/2015,20-53-30 30728691,-75,REPEATPMT,KINGSTON UNITY        PL684048A VALENTNO STO,
 ,04/12/2015,20-53-30 30728691,-75,DIRECTDEBIT,SHEPHERDS FS          PN026484A          DDR,
 ,07/12/2015,20-53-30 30728691,464,DIRECTDEP,BAKER & ELDER LIMI    FAWCETT F2 171     BGC,
 ,07/12/2015,20-53-30 30728691,464,DIRECTDEP,BAKER & ELDER LIMI    ALHAMBRA F13 16/18 BGC,
 ,07/12/2015,20-53-30 30728691,-50,REPEATPMT,MATHEW TUCKER         MTUCKER            STO,
 ,07/12/2015,20-53-30 30728691,-81.51,DIRECTDEBIT,BHAM MIDSHIRES        251387/20011251387 DDR,
 ,08/12/2015,20-53-30 30728691,-218.68,DIRECTDEBIT,BHAM MIDSHIRES        020007900597/89565 DDR,
 ,09/12/2015,20-53-30 30728691,484.24,DIRECTDEP,BAKER & ELDER LIMI    FAWCETT F1 171     BGC,
 ,09/12/2015,20-53-30 30728691,464,DIRECTDEP,BAKER & ELDER LIMI    ALHAMBRA F22 4/6   BGC,
 ,09/12/2015,20-53-30 30728691,464,DIRECTDEP,BAKER & ELDER LIMI    ALHAMBRA F14 12/14 BGC,
 ,09/12/2015,20-53-30 30728691,-19.95,DIRECTDEBIT,BHAM MIDSHIRES        556389/20010556389 DDR,
 ,10/12/2015,20-53-30 30728691,-82.61,DIRECTDEBIT,BHAM MIDSHIRES        309942/20009309942 DDR,
 ,11/12/2015,20-53-30 30728691,464,DIRECTDEP,BAKER & ELDER LIMI    ALHAMBRA F7 16/18  BGC,
 ,11/12/2015,20-53-30 30728691,464,DIRECTDEP,BAKER & ELDER LIMI    ALHAMBRA F6 8      BGC,
 ,11/12/2015,20-53-30 30728691,603.2,DIRECTDEP,BAKER & ELDER LIMI    ALHAMBRA F1 16/18  BGC,
 ,14/12/2015,20-53-30 30728691,556.8,DIRECTDEP,BAKER & ELDER LIMI    ALHAMBRA F23 4/6   BGC,
 ,14/12/2015,20-53-30 30728691,477.92,DIRECTDEP,BAKER & ELDER LIMI    ALHAMBRA F17 4/6   BGC,
 ,14/12/2015,20-53-30 30728691,-204,PAYMENT,PIPELINE PLUMBING     5316 TUCKER        BBP,
 ,14/12/2015,20-53-30 30728691,-140.07,DIRECTDEBIT,BHAM MIDSHIRES        389757/20000389757 DDR,
 ,14/12/2015,20-53-30 30728691,-37.68,DIRECTDEBIT,FRIENDS LIFE          014033997          DDR,
 ,14/12/2015,20-53-30 30728691,-54.85,DIRECTDEBIT,EE & T-MOBILE         Q20664165575682807 DDR,
 ,14/12/2015,20-53-30 30728691,-47.89,DIRECTDEBIT,BT GROUP PLC          GB14092007-000015  DDR,
 ,15/12/2015,20-53-30 30728691,324.8,DIRECTDEP,BAKER & ELDER LIMI    KINGSTON 196 SHOP  BGC,
 ,15/12/2015,20-53-30 30728691,464,DIRECTDEP,BAKER & ELDER LIMI    FAWCETT F2 169     BGC,
 ,15/12/2015,20-53-30 30728691,464,DIRECTDEP,BAKER & ELDER LIMI    ALHAMBRA F6 16/18  BGC,
 ,15/12/2015,20-53-30 30728691,-186.11,DIRECTDEBIT,MORTGAGE EXPRESS      2008784100021532   DDR,
 ,15/12/2015,20-53-30 30728691,-192.58,DIRECTDEBIT,MORTGAGE EXPRESS      2007664780021532   DDR,
 ,15/12/2015,20-53-30 30728691,-192.58,DIRECTDEBIT,MORTGAGE EXPRESS      2007545340021532   DDR,
 ,15/12/2015,20-53-30 30728691,-186.12,DIRECTDEBIT,MORTGAGE EXPRESS      2007544710021532   DDR,
 ,15/12/2015,20-53-30 30728691,-186.09,DIRECTDEBIT,MORTGAGE EXPRESS      2007107670021532   DDR,
 ,15/12/2015,20-53-30 30728691,-186.13,DIRECTDEBIT,MORTGAGE EXPRESS      2006332310021532   DDR,
 ,15/12/2015,20-53-30 30728691,-186.11,DIRECTDEBIT,MORTGAGE EXPRESS      2005787290021532   DDR,
 ,15/12/2015,20-53-30 30728691,-219.67,DIRECTDEBIT,PLATFORM FUNDING      01050228979115     DDR,
 ,15/12/2015,20-53-30 30728691,-184.76,DIRECTDEBIT,PLATFORM FUNDING      01050228957685     DDR,
 ,15/12/2015,20-53-30 30728691,-184.76,DIRECTDEBIT,PLATFORM FUNDING      01050228957650     DDR,
 ,16/12/2015,20-53-30 30728691,321.6,DIRECTDEP,BAKER & ELDER LIMI    FRATTON F3 163     BGC,
 ,16/12/2015,20-53-30 30728691,459.36,DIRECTDEP,BAKER & ELDER LIMI    ALHAMBRA F16 16/18 BGC,
 ,16/12/2015,20-53-30 30728691,-1984,FT ,207409 60458872       RS                 FT ,
 ,16/12/2015,20-53-30 30728691,-14.67,DIRECTDEBIT,BHAM MIDSHIRES        557032/20010557032 DDR,
 ,16/12/2015,20-53-30 30728691,-190.58,DIRECTDEBIT,BHAM MIDSHIRES        110676/20004110676 DDR,
 ,17/12/2015,20-53-30 30728691,580,DIRECTDEP,BAKER & ELDER LIMI    KINGSTON 196B      BGC,
 ,17/12/2015,20-53-30 30728691,612.48,DIRECTDEP,BAKER & ELDER LIMI    HAMP TERR 23C      BGC,
 ,17/12/2015,20-53-30 30728691,612.48,DIRECTDEP,BAKER & ELDER LIMI    HAMP TERR 23B      BGC,
 ,17/12/2015,20-53-30 30728691,464,DIRECTDEP,BAKER & ELDER LIMI    FAWCETT F3 169     BGC,
 ,18/12/2015,20-53-30 30728691,556.8,DIRECTDEP,BAKER & ELDER LIMI    ALHAMBRA F20 4/6   BGC,
 ,18/12/2015,20-53-30 30728691,-3672.12,PAYMENT,BAKER AND ELDER L     MTUCKER-NOV15      BBP,
 ,18/12/2015,20-53-30 30728691,-145.06,DIRECTDEBIT,BHAM MIDSHIRES        649652/20003649652 DDR,
 ,21/12/2015,20-53-30 30728691,366.56,DIRECTDEP,BAKER & ELDER LIMI    FRATTON F4 163     BGC,
 ,21/12/2015,20-53-30 30728691,454.72,DIRECTDEP,BAKER & ELDER LIMI    ALHAMBRA F5 8      BGC,
 ,22/12/2015,20-53-30 30728691,-183.94,DIRECTDEBIT,BHAM MIDSHIRES        882432/20007882432 DDR,
 ,23/12/2015,20-53-30 30728691,464,DIRECTDEP,BAKER & ELDER LIMI    ALHAMBRA F3 16/18  BGC,
 ,23/12/2015,20-53-30 30728691,464,DIRECTDEP,BAKER & ELDER LIMI    ALHAMBRA F16 12/14 BGC,
 ,23/12/2015,20-53-30 30728691,464,DIRECTDEP,BAKER & ELDER LIMI    ALHAMBRA F11 12/14 BGC,
 ,23/12/2015,20-53-30 30728691,464,DIRECTDEP,BAKER & ELDER LIMI    ALHAMBRA F10 12/14 BGC,
 ,23/12/2015,20-53-30 30728691,-47,DIRECTDEBIT,SKY DIGITAL           00620054164228     DDR,
 ,24/12/2015,20-53-30 30728691,-300,FT ,207409 40406538       MOBILE-CHANNEL     FT ,
 ,29/12/2015,20-53-30 30728691,928,DIRECTDEP,BAKER & ELDER LIMI    LONDON 321 1&2     BGC,
 ,29/12/2015,20-53-30 30728691,313.72,DIRECTDEP,BAKER & ELDER LIMI    ALHAMBRA F5 12/14  BGC,
 ,29/12/2015,20-53-30 30728691,482.56,DIRECTDEP,BAKER & ELDER LIMI    ALHAMBRA F21 4/6   BGC,
 ,29/12/2015,20-53-30 30728691,464,DIRECTDEP,BAKER & ELDER LIMI    ALHAMBRA F11 16/18 BGC,
 ,29/12/2015,20-53-30 30728691,-1200,REPEATPMT,MR MATTHEW STUART     207409 40406538    STO,
 ,29/12/2015,20-53-30 30728691,-519.5,REPEATPMT,G& F VALENTINO        MTUCKER            STO,
 ,29/12/2015,20-53-30 30728691,-400,REPEATPMT,F VALENTINO           RENT               STO,
 ,29/12/2015,20-53-30 30728691,-129.28,DIRECTDEBIT,BHAM MIDSHIRES        731371/20002731371 DDR,
 ,29/12/2015,20-53-30 30728691,-33,DIRECTDEBIT,BOOTS REWARDSCHEME    A45028400000736    DDR,
 ,30/12/2015,20-53-30 30728691,398,DIRECTDEP,BAKER & ELDER LIMI    ALHAMBRA F12 16/18 BGC,
 ,31/12/2015,20-53-30 30728691,-189.22,DIRECTDEBIT,MORTGAGE TRUST        002197389 10194960 DDR,
 ,31/12/2015,20-53-30 30728691,-194.59,DIRECTDEBIT,MORTGAGE TRUST        002186357 10194960 DDR,
 ,31/12/2015,20-53-30 30728691,-194.59,DIRECTDEBIT,MORTGAGE TRUST        002186356 10194960 DDR,
 ,31/12/2015,20-53-30 30728691,-194.59,DIRECTDEBIT,MORTGAGE TRUST        002186317 10194960 DDR,
 ,31/12/2015,20-53-30 30728691,-44.1,DIRECTDEBIT,EE & T-MOBILE         Q13077400580300813 DDR,
