Number,Date,Account,Amount,Subcategory,Memo,
 ,02/02/2015,20-53-30 30728691,464,DIRECTDEP,BAKER & ELDER LIMI    LONDON F4 321      BGC,
 ,02/02/2015,20-53-30 30728691,464,DIRECTDEP,BAKER & ELDER LIMI    ALHAMBRA F18 4/6   BGC,
 ,02/02/2015,20-53-30 30728691,525,STO,STEPEK MP             FLAT 19 4/6 ALHAM  STO,
 ,02/02/2015,20-53-30 30728691,-465,REPEATPMT,ALHAMBRA ROAD MANA    209254 83672832    STO,
 ,02/02/2015,20-53-30 30728691,-320,REPEATPMT,ALHAMBRA ROAD MANA    209254 13686035    STO,
 ,02/02/2015,20-53-30 30728691,-315,REPEATPMT,ALHAMBRA ROAD MANA    209254 23534332    STO,
 ,02/02/2015,20-53-30 30728691,-196.79,REPEATPMT,M TUCKER              KINGSTON SHOP      STO,
 ,02/02/2015,20-53-30 30728691,-50,REPEATPMT,NATIONWIDE            0604/229172770     STO,
 ,02/02/2015,20-53-30 30728691,-50,REPEATPMT,23 HAMPSHIRE TERRA    209254 13676978    STO,
 ,02/02/2015,20-53-30 30728691,-50,REPEATPMT,MATHEW TUCKER         MTUCKER            STO,
 ,02/02/2015,20-53-30 30728691,-522.3,DIRECTDEBIT,NRAM                  24935234           DDR,
 ,02/02/2015,20-53-30 30728691,-186.14,DIRECTDEBIT,MORTGAGE EXPRESS      2007093270021216   DDR,
 ,02/02/2015,20-53-30 30728691,-1,DIRECTDEBIT,SOUTHERN ELECTRIC     141011701          DDR,
 ,02/02/2015,20-53-30 30728691,-263.8,DIRECTDEBIT,BHAM MIDSHIRES        020003973492/74851 DDR,
 ,02/02/2015,20-53-30 30728691,-37.95,DIRECTDEBIT,LEGAL & GEN MI C/L    011439921-5        DDR,
 ,02/02/2015,20-53-30 30728691,-200.74,DIRECTDEBIT,PLATFORM FUNDING      01050230313307     DDR,
 ,02/02/2015,20-53-30 30728691,-217.96,DIRECTDEBIT,PLATFORM FUNDING      01050229961090     DDR,
 ,02/02/2015,20-53-30 30728691,-217.96,DIRECTDEBIT,PLATFORM FUNDING      01050229961082     DDR,
 ,02/02/2015,20-53-30 30728691,-219.74,DIRECTDEBIT,PLATFORM FUNDING      01050228964703     DDR,
 ,02/02/2015,20-53-30 30728691,-1050.8,DIRECTDEBIT,THE HARPUR TRUST      TUCKM1/MVALS1      DDR,
 ,02/02/2015,20-53-30 30728691,-995.83,DIRECTDEBIT,THE HARPUR TRUST      TUCKM /PVALR       DDR,
 ,02/02/2015,20-53-30 30728691,-44.14,DIRECTDEBIT,EE & T-MOBILE         Q13077400500009101 DDR,
 ,02/02/2015,20-53-30 30728691,-367.26,DIRECTDEBIT,MORTGAGE EXPRESS      MEC00005/480016104 DDR,
 ,02/02/2015,20-53-30 30728691,-110,DIRECTDEBIT,AUBURN SEC 6          CHL00002/907372200 DDR,
 ,02/02/2015,20-53-30 30728691,-110,DIRECTDEBIT,AUBURN SEC 6          CHL00002/907371904 DDR,
 ,02/02/2015,20-53-30 30728691,-375.68,DIRECTDEBIT,AMBER HOMELOANS       AHG00001/480441702 DDR,
 ,03/02/2015,20-53-30 30728691,464,DIRECTDEP,BAKER & ELDER LIMI    FAWCETT F1 169     BGC,
 ,03/02/2015,20-53-30 30728691,-228.81,DIRECTDEBIT,MORTGAGE EXPRESS      2016485220021217   DDR,
 ,03/02/2015,20-53-30 30728691,-187.95,DIRECTDEBIT,MORTGAGE EXPRESS      2016485130021217   DDR,
 ,03/02/2015,20-53-30 30728691,-212.45,DIRECTDEBIT,MORTGAGE EXPRESS      2016485040021217   DDR,
 ,03/02/2015,20-53-30 30728691,-234.85,DIRECTDEBIT,MORTGAGE EXPRESS      2007545250021217   DDR,
 ,03/02/2015,20-53-30 30728691,-226.76,DIRECTDEBIT,MORTGAGE EXPRESS      2007107760021217   DDR,
 ,03/02/2015,20-53-30 30728691,-186.23,DIRECTDEBIT,MORTGAGE EXPRESS      2007093450021217   DDR,
 ,03/02/2015,20-53-30 30728691,-226.6,DIRECTDEBIT,MORTGAGE EXPRESS      2007093360021217   DDR,
 ,03/02/2015,20-53-30 30728691,-186.1,DIRECTDEBIT,MORTGAGE EXPRESS      2006372640021217   DDR,
 ,03/02/2015,20-53-30 30728691,-143.54,DIRECTDEBIT,MORTGAGE EXPRESS      0019966240021217   DDR,
 ,03/02/2015,20-53-30 30728691,-159.32,DIRECTDEBIT,MORTGAGE EXPRESS      0018724700021217   DDR,
 ,03/02/2015,20-53-30 30728691,-159.35,DIRECTDEBIT,MORTGAGE EXPRESS      0017031550021217   DDR,
 ,03/02/2015,20-53-30 30728691,-152.33,DIRECTDEBIT,MORTGAGE EXPRESS      0016470530021217   DDR,
 ,03/02/2015,20-53-30 30728691,-145.46,DIRECTDEBIT,MORTGAGE EXPRESS      0015866140021217   DDR,
 ,04/02/2015,20-53-30 30728691,-75,REPEATPMT,KINGSTON UNITY        PL684048A VALENTNO STO,
 ,04/02/2015,20-53-30 30728691,-75,DIRECTDEBIT,SHEPHERDS FS          PN026484A          DDR,
 ,05/02/2015,20-53-30 30728691,-81.51,DIRECTDEBIT,BHAM MIDSHIRES        251387/20011251387 DDR,
 ,06/02/2015,20-53-30 30728691,425,STO,NWOSU O          C    FLAT 7 8 ALHAMBRA  STO,
 ,06/02/2015,20-53-30 30728691,459.36,DIRECTDEP,Baker & Elder Limi    FRATTON F2 163     BGC,
 ,09/02/2015,20-53-30 30728691,-19.95,DIRECTDEBIT,BHAM MIDSHIRES        556389/20010556389 DDR,
 ,09/02/2015,20-53-30 30728691,-218.68,DIRECTDEBIT,BHAM MIDSHIRES        020007900597/89565 DDR,
 ,10/02/2015,20-53-30 30728691,475,STO,YACOUB B              17 4-6 ALHAMBRA RO STO,
 ,10/02/2015,20-53-30 30728691,326.8,DIRECTDEP,BAKER & ELDER LIMI    HAMPSHIRE 23B      BGC,
 ,10/02/2015,20-53-30 30728691,538.24,DIRECTDEP,BAKER & ELDER LIMI    FAWCETT F1 171     BGC,
 ,10/02/2015,20-53-30 30728691,464,DIRECTDEP,BAKER & ELDER LIMI    ALHAMBRA F8 8/10   BGC,
 ,10/02/2015,20-53-30 30728691,464,DIRECTDEP,BAKER & ELDER LIMI    ALHAMBRA F4 12/14  BGC,
 ,10/02/2015,20-53-30 30728691,464,DIRECTDEP,BAKER & ELDER LIMI    ALHAMBRA F22 4/6   BGC,
 ,10/02/2015,20-53-30 30728691,464,DIRECTDEP,BAKER & ELDER LIMI    ALHAMBRA F14 12/14 BGC,
 ,10/02/2015,20-53-30 30728691,290,DIRECTDEP,BAKER & ELDER LIMI    ALHAMBRA F13 16/18 BGC,
 ,10/02/2015,20-53-30 30728691,-889.92,FT ,209254 13438023       F13 SC GR 2015     FT ,
 ,10/02/2015,20-53-30 30728691,-82.61,DIRECTDEBIT,BHAM MIDSHIRES        309942/20009309942 DDR,
 ,11/02/2015,20-53-30 30728691,974.4,DIRECTDEP,Baker & Elder Limi    ALHAMBRA F21 4/6   BGC,
 ,11/02/2015,20-53-30 30728691,-1090.76,PAYMENT,BAKER AND ELDER L     MTUCKER-JAN15      BBP,
 ,11/02/2015,20-53-30 30728691,-341.73,PAYMENT,BAKER AND ELDER L     MTUCKER-NOV14      BBP,
 ,11/02/2015,20-53-30 30728691,-155,PAYMENT,BAKER AND ELDER L     MTUCKER-DEC14      BBP,
 ,12/02/2015,20-53-30 30728691,426.88,DIRECTDEP,BAKER & ELDER LIMI    KINGSTON 196A      BGC,
 ,12/02/2015,20-53-30 30728691,603.2,DIRECTDEP,BAKER & ELDER LIMI    HAMPSHIRE 23C      BGC,
 ,12/02/2015,20-53-30 30728691,464,DIRECTDEP,BAKER & ELDER LIMI    FAWCETT F3 171     BGC,
 ,12/02/2015,20-53-30 30728691,928,DIRECTDEP,BAKER & ELDER LIMI    ALHAM F6 8  F7 16  BGC,
 ,12/02/2015,20-53-30 30728691,556.8,DIRECTDEP,Baker & Elder Limi    ALHAMBRA F23 4/6   BGC,
 ,12/02/2015,20-53-30 30728691,-140.07,DIRECTDEBIT,BHAM MIDSHIRES        389757/20000389757 DDR,
 ,12/02/2015,20-53-30 30728691,-37.68,DIRECTDEBIT,FRIENDS LIFE DD       014033997/949      DDR,
 ,12/02/2015,20-53-30 30728691,-65.47,DIRECTDEBIT,EE & T-MOBILE         Q20664165502607936 DDR,
 ,16/02/2015,20-53-30 30728691,3059.5,FT ,209254 13676978       INTERCO 23 HAMP TE FT ,
 ,16/02/2015,20-53-30 30728691,559.38,FT ,200574 33631583       INTERCO 163 FRATT  FT ,
 ,16/02/2015,20-53-30 30728691,324.8,DIRECTDEP,BAKER & ELDER LIMI    KINGSTON SHOP 196  BGC,
 ,16/02/2015,20-53-30 30728691,464,DIRECTDEP,BAKER & ELDER LIMI    FAWCETT F2 169     BGC,
 ,16/02/2015,20-53-30 30728691,464,DIRECTDEP,BAKER & ELDER LIMI    ALHAMBRA F6 16/18  BGC,
 ,16/02/2015,20-53-30 30728691,459.36,DIRECTDEP,BAKER & ELDER LIMI    ALHAMBRA F16 16/18 BGC,
 ,16/02/2015,20-53-30 30728691,-900.01,FT ,209254 13676978       INTERCO 23 HAMP TE FT ,
 ,16/02/2015,20-53-30 30728691,-14.67,DIRECTDEBIT,BHAM MIDSHIRES        557032/20010557032 DDR,
 ,16/02/2015,20-53-30 30728691,-186.11,DIRECTDEBIT,MORTGAGE EXPRESS      2008784100021230   DDR,
 ,16/02/2015,20-53-30 30728691,-192.58,DIRECTDEBIT,MORTGAGE EXPRESS      2007664780021230   DDR,
 ,16/02/2015,20-53-30 30728691,-192.58,DIRECTDEBIT,MORTGAGE EXPRESS      2007545340021230   DDR,
 ,16/02/2015,20-53-30 30728691,-186.12,DIRECTDEBIT,MORTGAGE EXPRESS      2007544710021230   DDR,
 ,16/02/2015,20-53-30 30728691,-186.09,DIRECTDEBIT,MORTGAGE EXPRESS      2007107670021230   DDR,
 ,16/02/2015,20-53-30 30728691,-186.13,DIRECTDEBIT,MORTGAGE EXPRESS      2006332310021230   DDR,
 ,16/02/2015,20-53-30 30728691,-186.11,DIRECTDEBIT,MORTGAGE EXPRESS      2005787290021230   DDR,
 ,16/02/2015,20-53-30 30728691,-190.58,DIRECTDEBIT,BHAM MIDSHIRES        110676/20004110676 DDR,
 ,16/02/2015,20-53-30 30728691,-219.67,DIRECTDEBIT,PLATFORM FUNDING      01050228979115     DDR,
 ,16/02/2015,20-53-30 30728691,-184.76,DIRECTDEBIT,PLATFORM FUNDING      01050228957685     DDR,
 ,16/02/2015,20-53-30 30728691,-184.76,DIRECTDEBIT,PLATFORM FUNDING      01050228957650     DDR,
 ,16/02/2015,20-53-30 30728691,-24.99,DIRECTDEBIT,BT GROUP PLC          GB14092007-000005  DDR,
 ,17/02/2015,20-53-30 30728691,417.6,DIRECTDEP,BAKER & ELDER LIMI    FRATTON F3 163     BGC,
 ,17/02/2015,20-53-30 30728691,1113.6,DIRECTDEP,Baker & Elder Limi    KINGSTON 196B      BGC,
 ,18/02/2015,20-53-30 30728691,464,DIRECTDEP,BAKER & ELDER LIMI    FAWCETT F3 169     BGC,
 ,18/02/2015,20-53-30 30728691,-750,FT ,207409 40406538       MOBILE-CHANNEL     FT ,
 ,18/02/2015,20-53-30 30728691,-145.06,DIRECTDEBIT,BHAM MIDSHIRES        649652/20003649652 DDR,
 ,19/02/2015,20-53-30 30728691,510.4,DIRECTDEP,BAKER & ELDER LIMI    LONDON F3 321      BGC,
 ,19/02/2015,20-53-30 30728691,464,DIRECTDEP,Baker & Elder Limi    ALHAMBRA F7 12/14  BGC,
 ,23/02/2015,20-53-30 30728691,-183.94,DIRECTDEBIT,BHAM MIDSHIRES        882432/20007882432 DDR,
 ,23/02/2015,20-53-30 30728691,-44.5,DIRECTDEBIT,SKY DIGITAL           00620054164228     DDR,
 ,24/02/2015,20-53-30 30728691,270.56,DIRECTDEP,BAKER & ELDER LIMI    FRATTON F4 163     BGC,
 ,24/02/2015,20-53-30 30728691,464,DIRECTDEP,BAKER & ELDER LIMI    FAWCETT F2 171     BGC,
 ,24/02/2015,20-53-30 30728691,454.72,DIRECTDEP,BAKER & ELDER LIMI    ALHAMBRA F5 8      BGC,
 ,24/02/2015,20-53-30 30728691,386,DIRECTDEP,BAKER & ELDER LIMI    ALHAMBRA F11 12/14 BGC,
 ,25/02/2015,20-53-30 30728691,464,DIRECTDEP,BAKER & ELDER LIMI    ALHAMBRA F3 16/18  BGC,
 ,25/02/2015,20-53-30 30728691,519.68,DIRECTDEP,BAKER & ELDER LIMI    ALHAMBRA F20 4/6   BGC,
 ,25/02/2015,20-53-30 30728691,302,DIRECTDEP,BAKER & ELDER LIMI    ALHAMBRA F12 16/18 BGC,
 ,25/02/2015,20-53-30 30728691,464,DIRECTDEP,BAKER & ELDER LIMI    ALHAMBRA F10 12/14 BGC,
 ,25/02/2015,20-53-30 30728691,-500,FT ,207409 40406538       MOBILE-CHANNEL     FT ,
 ,25/02/2015,20-53-30 30728691,-519.5,REPEATPMT,G& F VALENTINO        MTUCKER            STO,
 ,27/02/2015,20-53-30 30728691,410,DIRECTDEP,BAKER & ELDER LIMI    LONDON F2 321      BGC,
 ,27/02/2015,20-53-30 30728691,35.74,DIRECTDEP,BAKER & ELDER LIMI    LONDON F1 321      BGC,
 ,27/02/2015,20-53-30 30728691,519.68,DIRECTDEP,BAKER & ELDER LIMI    ALHAMBRA F1 16/18  BGC,
 ,27/02/2015,20-53-30 30728691,464,DIRECTDEP,BAKER & ELDER LIMI    ALHAMBRA F11 16/18 BGC,
 ,27/02/2015,20-53-30 30728691,-1200,REPEATPMT,MR MATTHEW STUART     207409 40406538    STO,
 ,27/02/2015,20-53-30 30728691,-187.59,DIRECTDEBIT,MORTGAGE TRUST        002197389 10191900 DDR,
 ,27/02/2015,20-53-30 30728691,-193.07,DIRECTDEBIT,MORTGAGE TRUST        002186357 10191900 DDR,
 ,27/02/2015,20-53-30 30728691,-193.07,DIRECTDEBIT,MORTGAGE TRUST        002186356 10191900 DDR,
 ,27/02/2015,20-53-30 30728691,-193.07,DIRECTDEBIT,MORTGAGE TRUST        002186317 10191900 DDR,
