Number,Date,Account,Amount,Subcategory,Memo
 ,02/01/2015,20-53-30 30728691,425,STO,NWOSU O          C    FLAT 7 8 ALHAMBRA  STO
 ,02/01/2015,20-53-30 30728691,525,STO,STEPEK MP             FLAT 19 4/6 ALHAM  STO
 ,02/01/2015,20-53-30 30728691,-465,REPEATPMT,ALHAMBRA ROAD MANA    209254 83672832    STO
 ,02/01/2015,20-53-30 30728691,-320,REPEATPMT,ALHAMBRA ROAD MANA    209254 13686035    STO
 ,02/01/2015,20-53-30 30728691,-315,REPEATPMT,ALHAMBRA ROAD MANA    209254 23534332    STO
 ,02/01/2015,20-53-30 30728691,-196.79,REPEATPMT,M TUCKER              KINGSTON SHOP      STO
 ,02/01/2015,20-53-30 30728691,-50,REPEATPMT,NATIONWIDE            0604/229172770     STO
 ,02/01/2015,20-53-30 30728691,-50,REPEATPMT,23 HAMPSHIRE TERRA    209254 13676978    STO
 ,02/01/2015,20-53-30 30728691,-522.3,DIRECTDEBIT,NRAM                  24935234           DDR
 ,02/01/2015,20-53-30 30728691,-186.14,DIRECTDEBIT,MORTGAGE EXPRESS      2007093270021185   DDR
 ,02/01/2015,20-53-30 30728691,-1,DIRECTDEBIT,SOUTHERN ELECTRIC     141011701          DDR
 ,02/01/2015,20-53-30 30728691,-263.8,DIRECTDEBIT,BHAM MIDSHIRES        020003973492/74851 DDR
 ,02/01/2015,20-53-30 30728691,-37.95,DIRECTDEBIT,LEGAL & GEN MI C/L    011439921-5        DDR
 ,02/01/2015,20-53-30 30728691,-200.74,DIRECTDEBIT,PLATFORM FUNDING      01050230313307     DDR
 ,02/01/2015,20-53-30 30728691,-217.96,DIRECTDEBIT,PLATFORM FUNDING      01050229961090     DDR
 ,02/01/2015,20-53-30 30728691,-217.96,DIRECTDEBIT,PLATFORM FUNDING      01050229961082     DDR
 ,02/01/2015,20-53-30 30728691,-219.74,DIRECTDEBIT,PLATFORM FUNDING      01050228964703     DDR
 ,02/01/2015,20-53-30 30728691,-367.26,DIRECTDEBIT,MORTGAGE EXPRESS      MEC00005/480016104 DDR
 ,02/01/2015,20-53-30 30728691,-110,DIRECTDEBIT,AUBURN SEC 6          CHL00002/907372200 DDR
 ,02/01/2015,20-53-30 30728691,-110,DIRECTDEBIT,AUBURN SEC 6          CHL00002/907371904 DDR
 ,02/01/2015,20-53-30 30728691,-375.68,DIRECTDEBIT,AMBER HOMELOANS       AHG00001/480441702 DDR
 ,05/01/2015,20-53-30 30728691,-75,REPEATPMT,KINGSTON UNITY        PL684048A VALENTNO STO
 ,05/01/2015,20-53-30 30728691,-50,REPEATPMT,MATHEW TUCKER         MTUCKER            STO
 ,05/01/2015,20-53-30 30728691,-81.51,DIRECTDEBIT,BHAM MIDSHIRES        251387/20011251387 DDR
 ,05/01/2015,20-53-30 30728691,-228.81,DIRECTDEBIT,MORTGAGE EXPRESS      2016485220021188   DDR
 ,05/01/2015,20-53-30 30728691,-187.95,DIRECTDEBIT,MORTGAGE EXPRESS      2016485130021188   DDR
 ,05/01/2015,20-53-30 30728691,-212.45,DIRECTDEBIT,MORTGAGE EXPRESS      2016485040021188   DDR
 ,05/01/2015,20-53-30 30728691,-234.85,DIRECTDEBIT,MORTGAGE EXPRESS      2007545250021188   DDR
 ,05/01/2015,20-53-30 30728691,-226.76,DIRECTDEBIT,MORTGAGE EXPRESS      2007107760021188   DDR
 ,05/01/2015,20-53-30 30728691,-186.23,DIRECTDEBIT,MORTGAGE EXPRESS      2007093450021188   DDR
 ,05/01/2015,20-53-30 30728691,-226.6,DIRECTDEBIT,MORTGAGE EXPRESS      2007093360021188   DDR
 ,05/01/2015,20-53-30 30728691,-186.1,DIRECTDEBIT,MORTGAGE EXPRESS      2006372640021188   DDR
 ,05/01/2015,20-53-30 30728691,-143.54,DIRECTDEBIT,MORTGAGE EXPRESS      0019966240021188   DDR
 ,05/01/2015,20-53-30 30728691,-159.32,DIRECTDEBIT,MORTGAGE EXPRESS      0018724700021188   DDR
 ,05/01/2015,20-53-30 30728691,-159.35,DIRECTDEBIT,MORTGAGE EXPRESS      0017031550021188   DDR
 ,05/01/2015,20-53-30 30728691,-152.33,DIRECTDEBIT,MORTGAGE EXPRESS      0016470530021188   DDR
 ,05/01/2015,20-53-30 30728691,-145.46,DIRECTDEBIT,MORTGAGE EXPRESS      0015866140021188   DDR
 ,05/01/2015,20-53-30 30728691,-75,DIRECTDEBIT,SHEPHERDS FS          PN026484A          DDR
 ,06/01/2015,20-53-30 30728691,-1050.8,DIRECTDEBIT,THE HARPUR TRUST      TUCKM1/MVALS1      DDR
 ,06/01/2015,20-53-30 30728691,-995.84,DIRECTDEBIT,THE HARPUR TRUST      TUCKM /PVALR       DDR
 ,07/01/2015,20-53-30 30728691,889.92,DIRECTDEP,Baker & Elder Limi    ALHAMBRA F13 4/6   BGC
 ,08/01/2015,20-53-30 30728691,459.36,DIRECTDEP,BAKER & ELDER LIMI    FRATTON F2 163     BGC
 ,08/01/2015,20-53-30 30728691,464,DIRECTDEP,BAKER & ELDER LIMI    ALHAMBRA F4 12/14  BGC
 ,08/01/2015,20-53-30 30728691,386,DIRECTDEP,BAKER & ELDER LIMI    ALHAMBRA F22 4/6   BGC
 ,08/01/2015,20-53-30 30728691,464,DIRECTDEP,BAKER & ELDER LIMI    ALHAMBRA F13 16/18 BGC
 ,08/01/2015,20-53-30 30728691,-218.68,DIRECTDEBIT,BHAM MIDSHIRES        020007900597/89565 DDR
 ,09/01/2015,20-53-30 30728691,-19.95,DIRECTDEBIT,BHAM MIDSHIRES        556389/20010556389 DDR
 ,12/01/2015,20-53-30 30728691,475,STO,YACOUB B              17 4-6 ALHAMBRA RO STO
 ,12/01/2015,20-53-30 30728691,538.24,DIRECTDEP,BAKER & ELDER LIMI    FAWCETT F1 171     BGC
 ,12/01/2015,20-53-30 30728691,464,DIRECTDEP,BAKER & ELDER LIMI    ALHAMBRA F8 8/10   BGC
 ,12/01/2015,20-53-30 30728691,464,DIRECTDEP,BAKER & ELDER LIMI    ALHAMBRA F14 12/14 BGC
 ,12/01/2015,20-53-30 30728691,-140.07,DIRECTDEBIT,BHAM MIDSHIRES        389757/20000389757 DDR
 ,12/01/2015,20-53-30 30728691,-82.61,DIRECTDEBIT,BHAM MIDSHIRES        309942/20009309942 DDR
 ,12/01/2015,20-53-30 30728691,-37.68,DIRECTDEBIT,FRIENDS LIFE DD       014033997/926      DDR
 ,12/01/2015,20-53-30 30728691,-59.21,DIRECTDEBIT,EE & T-MOBILE         Q20664165496247338 DDR
 ,14/01/2015,20-53-30 30728691,1160,DIRECTDEP,BAKER & ELDER LIMI    HAMP 23B & 23C     BGC
 ,14/01/2015,20-53-30 30728691,464,DIRECTDEP,BAKER & ELDER LIMI    FAWCETT F3 171     BGC
 ,14/01/2015,20-53-30 30728691,464,DIRECTDEP,BAKER & ELDER LIMI    ALHAMBRA F7 16/18  BGC
 ,14/01/2015,20-53-30 30728691,464,DIRECTDEP,BAKER & ELDER LIMI    ALHAMBRA F6 8      BGC
 ,14/01/2015,20-53-30 30728691,-24.99,DIRECTDEBIT,BT GROUP PLC          GB14092007-000004  DDR
 ,15/01/2015,20-53-30 30728691,278.4,DIRECTDEP,BAKER & ELDER LIMI    KINGSTON 196 SHOP  BGC
 ,15/01/2015,20-53-30 30728691,344,DIRECTDEP,BAKER & ELDER LIMI    FAWCETT F2 169     BGC
 ,15/01/2015,20-53-30 30728691,410,DIRECTDEP,BAKER & ELDER LIMI    ALHAMBRA F6 16/18  BGC
 ,15/01/2015,20-53-30 30728691,556.8,DIRECTDEP,BAKER & ELDER LIMI    ALHAMBRA F23 4/6   BGC
 ,15/01/2015,20-53-30 30728691,459.36,DIRECTDEP,BAKER & ELDER LIMI    ALHAMBRA F16 16/18 BGC
 ,15/01/2015,20-53-30 30728691,-186.11,DIRECTDEBIT,MORTGAGE EXPRESS      2008784100021198   DDR
 ,15/01/2015,20-53-30 30728691,-192.58,DIRECTDEBIT,MORTGAGE EXPRESS      2007664780021198   DDR
 ,15/01/2015,20-53-30 30728691,-192.58,DIRECTDEBIT,MORTGAGE EXPRESS      2007545340021198   DDR
 ,15/01/2015,20-53-30 30728691,-186.12,DIRECTDEBIT,MORTGAGE EXPRESS      2007544710021198   DDR
 ,15/01/2015,20-53-30 30728691,-186.09,DIRECTDEBIT,MORTGAGE EXPRESS      2007107670021198   DDR
 ,15/01/2015,20-53-30 30728691,-186.13,DIRECTDEBIT,MORTGAGE EXPRESS      2006332310021198   DDR
 ,15/01/2015,20-53-30 30728691,-186.11,DIRECTDEBIT,MORTGAGE EXPRESS      2005787290021198   DDR
 ,15/01/2015,20-53-30 30728691,-219.67,DIRECTDEBIT,PLATFORM FUNDING      01050228979115     DDR
 ,15/01/2015,20-53-30 30728691,-184.76,DIRECTDEBIT,PLATFORM FUNDING      01050228957685     DDR
 ,15/01/2015,20-53-30 30728691,-184.76,DIRECTDEBIT,PLATFORM FUNDING      01050228957650     DDR
 ,16/01/2015,20-53-30 30728691,-14.67,DIRECTDEBIT,BHAM MIDSHIRES        557032/20010557032 DDR
 ,16/01/2015,20-53-30 30728691,-190.58,DIRECTDEBIT,BHAM MIDSHIRES        110676/20004110676 DDR
 ,19/01/2015,20-53-30 30728691,417.6,DIRECTDEP,BAKER & ELDER LIMI    FRATTON F3 163     BGC
 ,19/01/2015,20-53-30 30728691,464,DIRECTDEP,BAKER & ELDER LIMI    ALHAMBRA F7 12/14  BGC
 ,19/01/2015,20-53-30 30728691,-145.06,DIRECTDEBIT,BHAM MIDSHIRES        649652/20003649652 DDR
 ,21/01/2015,20-53-30 30728691,390.4,DIRECTDEP,BAKER & ELDER LIMI    LONDON F3 321      BGC
 ,21/01/2015,20-53-30 30728691,366.56,DIRECTDEP,BAKER & ELDER LIMI    FRATTON F4 163     BGC
 ,21/01/2015,20-53-30 30728691,464,DIRECTDEP,BAKER & ELDER LIMI    FAWCETT F3 169     BGC
 ,21/01/2015,20-53-30 30728691,454.72,DIRECTDEP,BAKER & ELDER LIMI    ALHAMBRA F5 8/10   BGC
 ,21/01/2015,20-53-30 30728691,-44.5,DIRECTDEBIT,SKY DIGITAL           00620054164228     DDR
 ,22/01/2015,20-53-30 30728691,330.44,DIRECTDEP,BAKER & ELDER LIMI    FAWCETT F2 171     BGC
 ,22/01/2015,20-53-30 30728691,464,DIRECTDEP,BAKER & ELDER LIMI    ALHAMBRA F16 12/14 BGC
 ,22/01/2015,20-53-30 30728691,464,DIRECTDEP,BAKER & ELDER LIMI    ALHAMBRA F11 12/14 BGC
 ,22/01/2015,20-53-30 30728691,-183.94,DIRECTDEBIT,BHAM MIDSHIRES        882432/20007882432 DDR
 ,23/01/2015,20-53-30 30728691,374,DIRECTDEP,BAKER & ELDER LIMI    ALHAMBRA F3 16/18  BGC
 ,23/01/2015,20-53-30 30728691,519.68,DIRECTDEP,BAKER & ELDER LIMI    ALHAMBRA F20 4/6   BGC
 ,23/01/2015,20-53-30 30728691,424,DIRECTDEP,BAKER & ELDER LIMI    ALHAMBRA F12 16/18 BGC
 ,23/01/2015,20-53-30 30728691,464,DIRECTDEP,BAKER & ELDER LIMI    ALHAMBRA F10 12/14 BGC
 ,26/01/2015,20-53-30 30728691,-519.5,REPEATPMT,G& F VALENTINO        MTUCKER            STO
 ,27/01/2015,20-53-30 30728691,464,DIRECTDEP,BAKER & ELDER LIMI    LONDON F2 321      BGC
 ,27/01/2015,20-53-30 30728691,386.5,DIRECTDEP,BAKER & ELDER LIMI    LONDON F1 321      BGC
 ,27/01/2015,20-53-30 30728691,454.72,DIRECTDEP,BAKER & ELDER LIMI    ALHAMBRA F5 12/14  BGC
 ,27/01/2015,20-53-30 30728691,464,DIRECTDEP,BAKER & ELDER LIMI    ALHAMBRA F11 16/18 BGC
 ,27/01/2015,20-53-30 30728691,-1200,REPEATPMT,MR MATTHEW STUART     207409 40406538    STO
 ,28/01/2015,20-53-30 30728691,464,DIRECTDEP,BAKER & ELDER LIMI    ALHAMBRAF3 12/14   BGC
 ,28/01/2015,20-53-30 30728691,663,STO,BUGISIW LIMITED       BUGISIWLTD         STO
 ,28/01/2015,20-53-30 30728691,-33,DIRECTDEBIT,BOOTS REWARDSCHEME    A45028400000736    DDR
 ,29/01/2015,20-53-30 30728691,-400,REPEATPMT,F VALENTINO           RENT               STO
 ,29/01/2015,20-53-30 30728691,-129.28,DIRECTDEBIT,BHAM MIDSHIRES        731371/20002731371 DDR
 ,30/01/2015,20-53-30 30728691,-187.59,DIRECTDEBIT,MORTGAGE TRUST        002197389 10191620 DDR
 ,30/01/2015,20-53-30 30728691,-193.07,DIRECTDEBIT,MORTGAGE TRUST        002186357 10191620 DDR
 ,30/01/2015,20-53-30 30728691,-193.07,DIRECTDEBIT,MORTGAGE TRUST        002186356 10191620 DDR
 ,30/01/2015,20-53-30 30728691,-193.07,DIRECTDEBIT,MORTGAGE TRUST        002186317 10191620 DDR
