Number,Date,Account,Amount,Subcategory,Memo,
 ,28/06/2013,20-53-30 30728691,464,DIRECTDEP,BAKER & ELDER LIMI    ALHAMBRA F4 12/14  BGC,
 ,28/06/2013,20-53-30 30728691,393.81,DIRECTDEP,BAKER & ELDER LIMI    ALHAMBRA F3 12/14  BGC,
 ,28/06/2013,20-53-30 30728691,519.68,DIRECTDEP,BAKER & ELDER LIMI    ALHAMBRA F1 16/18  BGC,
 ,28/06/2013,20-53-30 30728691,-183.76,DIRECTDEBIT,MORTGAGE TRUST        002197389 10185820 DDR,
 ,28/06/2013,20-53-30 30728691,-189.5,DIRECTDEBIT,MORTGAGE TRUST        002186357 10185820 DDR,
 ,28/06/2013,20-53-30 30728691,-189.5,DIRECTDEBIT,MORTGAGE TRUST        002186356 10185820 DDR,
 ,28/06/2013,20-53-30 30728691,-189.5,DIRECTDEBIT,MORTGAGE TRUST        002186317 10185820 DDR,
 ,27/06/2013,20-53-30 30728691,-4.8,PAYMENT,ELIOR@EE              REF 177 0000000000 CLP,
 ,27/06/2013,20-53-30 30728691,-2170.3,REPEATPMT,MR MATTHEW STUART     207409 40406538    STO,
 ,26/06/2013,20-53-30 30728691,464,DIRECTDEP,BAKER & ELDER LIMI    LONDON F2 321      BGC,
 ,26/06/2013,20-53-30 30728691,405.02,DIRECTDEP,BAKER & ELDER LIMI    LONDON F1 321      BGC,
 ,26/06/2013,20-53-30 30728691,400.12,DIRECTDEP,BAKER & ELDER LIMI    ALHAMBRA F5 12/14  BGC,
 ,26/06/2013,20-53-30 30728691,464,DIRECTDEP,BAKER & ELDER LIMI    ALHAMBRA F11 16/18 BGC,
 ,25/06/2013,20-53-30 30728691,-519.5,REPEATPMT,G& F VALENTINO        MTUCKER            STO,
 ,24/06/2013,20-53-30 30728691,30,DIRECTDEP,MRS MARGARET SCHUM    SARA EDWARDS       BGC,
 ,24/06/2013,20-53-30 30728691,-164.75,PAYMENT,JUNGLE JIMS PLAYLA    REF 172 0000000000 BCC,
 ,24/06/2013,20-53-30 30728691,-81.47,PAYMENT,ASDA  STORES          REF 172 0000000000 BCC,
 ,24/06/2013,20-53-30 30728691,-75.75,PAYMENT,NEW COUNTY SERVICE    REF 175 0000000000 BCC,
 ,24/06/2013,20-53-30 30728691,-25.6,PAYMENT,JUNGLE JIMS PLAYLA    REF 174 0000000000 BCC,
 ,24/06/2013,20-53-30 30728691,-23.89,PAYMENT,ASDA STORES           REF 172 0000000000 BCC,
 ,24/06/2013,20-53-30 30728691,-15.96,PAYMENT,ASDA STORES           REF 172 0000000000 BCC,
 ,24/06/2013,20-53-30 30728691,-1464.59,PAYMENT,BAKER AND ELDER L     MTUCKER-MAY13      BBP,
 ,24/06/2013,20-53-30 30728691,-183.94,DIRECTDEBIT,BHAM MIDSHIRES        882432/20007882432 DDR,
 ,24/06/2013,20-53-30 30728691,-106.44,DIRECTDEBIT,HITACHI CAPITAL CO    023217445/33       DDR,
 ,21/06/2013,20-53-30 30728691,1911.68,DIRECTDEP,BAKER & ELDER LIMI    ALHAMBRA           BGC,
 ,21/06/2013,20-53-30 30728691,297.5,DIRECTDEP,NICHOLS KS            23C HAMPSHIRE TERR BGC,
 ,20/06/2013,20-53-30 30728691,464,DIRECTDEP,BAKER & ELDER LIMI    FAWCETT            BGC,
 ,20/06/2013,20-53-30 30728691,-3357.22,PAYMENT,BAKER AND ELDER L     MTUCKER-APR13      BBP,
 ,19/06/2013,20-53-30 30728691,366.56,DIRECTDEP,BAKER & ELDER LIMI    FRATTON            BGC,
 ,19/06/2013,20-53-30 30728691,454.72,DIRECTDEP,BAKER & ELDER LIMI    ALHAMBRA           BGC,
 ,18/06/2013,20-53-30 30728691,-33.65,PAYMENT,BP BEDFORD EXPRESS    REF 167 0000000000 BCC,
 ,18/06/2013,20-53-30 30728691,-145.06,DIRECTDEBIT,BHAM MIDSHIRES        649652/20003649652 DDR,
 ,17/06/2013,20-53-30 30728691,1425,STO,YACOUB B              17 4-6 ALHAMBRA RO STO,
 ,17/06/2013,20-53-30 30728691,-664.86,FT ,207409 40406538    FT ,
 ,17/06/2013,20-53-30 30728691,-50,CASH,YCASH                 EVERYTHING EVERYWH    ,
 ,17/06/2013,20-53-30 30728691,-149.95,PAYMENT,T K MAXX              REF 165 0000000000 BCC,
 ,17/06/2013,20-53-30 30728691,-64.93,PAYMENT,NEW COUNTY SERVICE    REF 168 0000000000 BCC,
 ,17/06/2013,20-53-30 30728691,-47.85,PAYMENT,GULLIVERS LAND        REF 168 0000000000 BCC,
 ,17/06/2013,20-53-30 30728691,-31.32,PAYMENT,BP NEWHAM AVENUE C    REF 164 0000000000 BCC,
 ,17/06/2013,20-53-30 30728691,-31.07,PAYMENT,BP BEDFORD EXPRESS    REF 165 0000000000 BCC,
 ,17/06/2013,20-53-30 30728691,-20.69,PAYMENT,CLOPHILL P O & STO    REF 165 0000000000 BCC,
 ,17/06/2013,20-53-30 30728691,-14.75,PAYMENT,GULLIVERS LAND        REF 168 0000000000 BCC,
 ,17/06/2013,20-53-30 30728691,-14.67,DIRECTDEBIT,BHAM MIDSHIRES        557032/20010557032 DDR,
 ,17/06/2013,20-53-30 30728691,-186.11,DIRECTDEBIT,MORTGAGE EXPRESS      2008784100020621   DDR,
 ,17/06/2013,20-53-30 30728691,-192.58,DIRECTDEBIT,MORTGAGE EXPRESS      2007664780020621   DDR,
 ,17/06/2013,20-53-30 30728691,-192.58,DIRECTDEBIT,MORTGAGE EXPRESS      2007545340020621   DDR,
 ,17/06/2013,20-53-30 30728691,-186.12,DIRECTDEBIT,MORTGAGE EXPRESS      2007544710020621   DDR,
 ,17/06/2013,20-53-30 30728691,-186.09,DIRECTDEBIT,MORTGAGE EXPRESS      2007107670020621   DDR,
 ,17/06/2013,20-53-30 30728691,-186.13,DIRECTDEBIT,MORTGAGE EXPRESS      2006332310020621   DDR,
 ,17/06/2013,20-53-30 30728691,-186.11,DIRECTDEBIT,MORTGAGE EXPRESS      2005787290020621   DDR,
 ,17/06/2013,20-53-30 30728691,-190.58,DIRECTDEBIT,BHAM MIDSHIRES        110676/20004110676 DDR,
 ,17/06/2013,20-53-30 30728691,-219.67,DIRECTDEBIT,PLATFORM FUNDING      01050228979115     DDR,
 ,17/06/2013,20-53-30 30728691,-184.76,DIRECTDEBIT,PLATFORM FUNDING      01050228957685     DDR,
 ,17/06/2013,20-53-30 30728691,-184.76,DIRECTDEBIT,PLATFORM FUNDING      01050228957650     DDR,
 ,14/06/2013,20-53-30 30728691,417.6,DIRECTDEP,BAKER & ELDER LIMI    FRATTON            BGC,????????
 ,14/06/2013,20-53-30 30728691,464,DIRECTDEP,BAKER & ELDER LIMI    FAWCETT            BGC,
 ,14/06/2013,20-53-30 30728691,-67.4,PAYMENT,MICRO SCOOTERS LIM    REF 164 0000000000 BCC,
 ,13/06/2013,20-53-30 30728691,-70,PAYMENT,BP NODEWAY F/STN      REF 162 0000000000 BCC,
 ,13/06/2013,20-53-30 30728691,-37.98,PAYMENT,TOYS R US             REF 163 0000000000 BCC,
 ,12/06/2013,20-53-30 30728691,997.6,DIRECTDEP,BAKER & ELDER LIMI    23-4/6  16-16/18   BGC,
 ,12/06/2013,20-53-30 30728691,-2.95,PAYMENT,ELIOR@EE              REF 162 0000000000 CLP,
 ,12/06/2013,20-53-30 30728691,-140.07,DIRECTDEBIT,BHAM MIDSHIRES        389757/20000389757 DDR,
 ,11/06/2013,20-53-30 30728691,278.4,DIRECTDEP,BAKER & ELDER LIMI    KINGSTON SHOP      BGC,
 ,11/06/2013,20-53-30 30728691,445.44,DIRECTDEP,BAKER & ELDER LIMI    FAWCETT            BGC,
 ,11/06/2013,20-53-30 30728691,928,DIRECTDEP,BAKER & ELDER LIMI    ALHAMBRA           BGC,
 ,11/06/2013,20-53-30 30728691,-175,PAYMENT,POST OFFICE COUNTE    REF 161 0000000000 BCC,
 ,10/06/2013,20-53-30 30728691,1600.8,DIRECTDEP,BAKER & ELDER LIMI    ALHAMBRA           BGC,
 ,10/06/2013,20-53-30 30728691,-44.3,PAYMENT,THE WHITE HORSE       REF 161 0000000000 BCC,
 ,10/06/2013,20-53-30 30728691,-32.6,PAYMENT,TESCO PFS 5449        REF 161 0000000000 BCC,
 ,10/06/2013,20-53-30 30728691,-19.95,DIRECTDEBIT,BHAM MIDSHIRES        556389/20010556389 DDR,
 ,10/06/2013,20-53-30 30728691,-82.61,DIRECTDEBIT,BHAM MIDSHIRES        309942/20009309942 DDR,
 ,10/06/2013,20-53-30 30728691,-218.68,DIRECTDEBIT,BHAM MIDSHIRES        020007900597/89565 DDR,
 ,07/06/2013,20-53-30 30728691,425,STO,NWOSU O          C    FLAT 7 8 ALHAMBRA  STO,
 ,07/06/2013,20-53-30 30728691,1466.24,DIRECTDEP,BAKER & ELDER LIMI    ALHAMBRA           BGC,
 ,07/06/2013,20-53-30 30728691,464,DIRECTDEP,BAKER & ELDER LIMI    ALHAMBRA           BGC,
 ,07/06/2013,20-53-30 30728691,-50,CASH,YCASH                 EVERYTHING EVERYWH    ,
 ,06/06/2013,20-53-30 30728691,-4.45,PAYMENT,ELIOR@EE              REF 156 0000000000 CLP,
 ,05/06/2013,20-53-30 30728691,464,DIRECTDEP,BAKER & ELDER LIMI    ALHAMBRA F13 16/18 BGC,
 ,05/06/2013,20-53-30 30728691,-0.7,PAYMENT,Amazon Web Service    USA                   ,
 ,05/06/2013,20-53-30 30728691,-81.51,DIRECTDEBIT,BHAM MIDSHIRES        251387/20011251387 DDR,
 ,04/06/2013,20-53-30 30728691,459.36,DIRECTDEP,BAKER & ELDER LIMI    FRATTON F2 163     BGC,
 ,04/06/2013,20-53-30 30728691,-43.31,PAYMENT,BP BEDFORD EXPRESS    REF 153 0000000000 BCC,
 ,04/06/2013,20-53-30 30728691,-3,PAYMENT,LAND REGISTRY         REF 154 0000000000 BCC,
 ,04/06/2013,20-53-30 30728691,-100,REPEATPMT,KINGSTON UNITY        PL684048A VALENTNO STO,
 ,04/06/2013,20-53-30 30728691,-100,DIRECTDEBIT,SHEPHERDS FS          PN026484A          DDR,
 ,03/06/2013,20-53-30 30728691,525,STO,STEPEK MP             FLAT 19 4/6 ALHAM  STO,
 ,03/06/2013,20-53-30 30728691,495,STO,MCCARDLE PM           21 4-6 ALHAMBRA RO STO,
 ,03/06/2013,20-53-30 30728691,-14.99,PAYMENT,Amazon EU             LUXEMBOURG            ,
 ,03/06/2013,20-53-30 30728691,-7,PAYMENT,PRESSED 4 TIME IRO    REF 153 0000000000 BCC,
 ,03/06/2013,20-53-30 30728691,-6.66,PAYMENT,OneHourTranslation    CYPRUS                ,
 ,03/06/2013,20-53-30 30728691,-4.67,PAYMENT,OneHourTranslation    CYPRUS                ,
 ,03/06/2013,20-53-30 30728691,-324.97,REPEATPMT,VALENTINO I    0   STO,
 ,03/06/2013,20-53-30 30728691,-312.08,REPEATPMT,ALHAMBRA ROAD MANA    209254 83672832    STO,
 ,03/06/2013,20-53-30 30728691,-261.35,REPEATPMT,ALHAMBRA ROAD MANA    209254 13686035    STO,
 ,03/06/2013,20-53-30 30728691,-261.35,REPEATPMT,ALHAMBRA ROAD MANA    209254 23534332    STO,
 ,03/06/2013,20-53-30 30728691,-196.79,REPEATPMT,M TUCKER              KINGSTON SHOP      STO,
 ,03/06/2013,20-53-30 30728691,-167.06,REPEATPMT,ALHAMBRA ROAD MANA    209254 93543692    STO,
 ,03/06/2013,20-53-30 30728691,-50,REPEATPMT,23 HAMPSHIRE TERRA    209254 13676978    STO,
 ,03/06/2013,20-53-30 30728691,-50,REPEATPMT,MATHEW TUCKER         MTUCKER            STO,
 ,03/06/2013,20-53-30 30728691,-38,DIRECTDEBIT,SOUTHERN ELECTRIC     688276601          DDR,
 ,03/06/2013,20-53-30 30728691,-522.3,DIRECTDEBIT,NRAM                  24935234           DDR,
 ,03/06/2013,20-53-30 30728691,-228.81,DIRECTDEBIT,MORTGAGE EXPRESS      2016485220020607   DDR,
 ,03/06/2013,20-53-30 30728691,-187.95,DIRECTDEBIT,MORTGAGE EXPRESS      2016485130020607   DDR,
 ,03/06/2013,20-53-30 30728691,-212.45,DIRECTDEBIT,MORTGAGE EXPRESS      2016485040020607   DDR,
 ,03/06/2013,20-53-30 30728691,-234.85,DIRECTDEBIT,MORTGAGE EXPRESS      2007545250020607   DDR,
 ,03/06/2013,20-53-30 30728691,-226.76,DIRECTDEBIT,MORTGAGE EXPRESS      2007107760020607   DDR,
 ,03/06/2013,20-53-30 30728691,-186.23,DIRECTDEBIT,MORTGAGE EXPRESS      2007093450020607   DDR,
 ,03/06/2013,20-53-30 30728691,-226.6,DIRECTDEBIT,MORTGAGE EXPRESS      2007093360020607   DDR,
 ,03/06/2013,20-53-30 30728691,-186.14,DIRECTDEBIT,MORTGAGE EXPRESS      2007093270020607   DDR,
 ,03/06/2013,20-53-30 30728691,-186.1,DIRECTDEBIT,MORTGAGE EXPRESS      2006372640020607   DDR,
 ,03/06/2013,20-53-30 30728691,-9,DIRECTDEBIT,SOUTHERN ELECTRIC     141011701          DDR,
 ,03/06/2013,20-53-30 30728691,-263.8,DIRECTDEBIT,BHAM MIDSHIRES        020003973492/74851 DDR,
 ,03/06/2013,20-53-30 30728691,-200.74,DIRECTDEBIT,PLATFORM FUNDING      01050230313307     DDR,
 ,03/06/2013,20-53-30 30728691,-217.96,DIRECTDEBIT,PLATFORM FUNDING      01050229961090     DDR,
 ,03/06/2013,20-53-30 30728691,-217.96,DIRECTDEBIT,PLATFORM FUNDING      01050229961082     DDR,
 ,03/06/2013,20-53-30 30728691,-219.74,DIRECTDEBIT,PLATFORM FUNDING      01050228964703     DDR,
 ,03/06/2013,20-53-30 30728691,-143.54,DIRECTDEBIT,MORTGAGE EXPRESS      0019966240020607   DDR,
 ,03/06/2013,20-53-30 30728691,-159.32,DIRECTDEBIT,MORTGAGE EXPRESS      0018724700020607   DDR,
 ,03/06/2013,20-53-30 30728691,-159.35,DIRECTDEBIT,MORTGAGE EXPRESS      0017031550020607   DDR,
 ,03/06/2013,20-53-30 30728691,-152.33,DIRECTDEBIT,MORTGAGE EXPRESS      0016470530020607   DDR,
 ,03/06/2013,20-53-30 30728691,-145.46,DIRECTDEBIT,MORTGAGE EXPRESS      0015866140020607   DDR,
 ,03/06/2013,20-53-30 30728691,-956.16,DIRECTDEBIT,THE BEDFORD CHARIT    TUCKM /PVALS       DDR,
 ,03/06/2013,20-53-30 30728691,-367.26,DIRECTDEBIT,MORTGAGE EXPRESS      MEC00005/480016104 DDR,
 ,03/06/2013,20-53-30 30728691,-110,DIRECTDEBIT,AUBURN SEC 6          CHL00002/907372200 DDR,
 ,03/06/2013,20-53-30 30728691,-110,DIRECTDEBIT,AUBURN SEC 6          CHL00002/907371904 DDR,
 ,03/06/2013,20-53-30 30728691,-400.35,DIRECTDEBIT,AMBER HOMELOANS       AHG00001/480441702 DDR,
