Number,Date,Account,Amount,Subcategory,Memo
 ,29/06/2012,20-53-30 30728691,-31.96,PAYMENT,BP BEDFORD EXPRESS    REF 178 2676564301 BCC
 ,29/06/2012,20-53-30 30728691,-129.28,DIRECTDEBIT,BHAM MIDSHIRES        731371/20002731371 DDR
 ,29/06/2012,20-53-30 30728691,-223.9,DIRECTDEBIT,MORTGAGE TRUST        002197389 10182170 DDR
 ,29/06/2012,20-53-30 30728691,-226.95,DIRECTDEBIT,MORTGAGE TRUST        002186357 10182170 DDR
 ,29/06/2012,20-53-30 30728691,-226.95,DIRECTDEBIT,MORTGAGE TRUST        002186356 10182170 DDR
 ,29/06/2012,20-53-30 30728691,-226.95,DIRECTDEBIT,MORTGAGE TRUST        002186317 10182170 DDR
 ,28/06/2012,20-53-30 30728691,464,DIRECTDEP,Baker & Elder         LONDON RD F4 321   BGC
 ,28/06/2012,20-53-30 30728691,464,DIRECTDEP,Baker & Elder         ALHAMBRA F18 4/6   BGC
 ,28/06/2012,20-53-30 30728691,459.36,DIRECTDEP,Baker & Elder         ALHAMBRA F16 12/14 BGC
 ,28/06/2012,20-53-30 30728691,373.9,DIRECTDEP,Baker & Elder         LONDON RD F3 321   BGC
 ,27/06/2012,20-53-30 30728691,-2170.3,REPEATPMT,MR MATTHEW STUART     207409 40406538    STO
 ,26/06/2012,20-53-30 30728691,519.68,DIRECTDEP,Baker & Elder         ALHAMBRA F14 12/14 BGC
 ,26/06/2012,20-53-30 30728691,464,DIRECTDEP,Baker & Elder         FAWCETT RD F3 171  BGC
 ,26/06/2012,20-53-30 30728691,464,DIRECTDEP,Baker & Elder         ALHAMBRA F3 12/14  BGC
 ,26/06/2012,20-53-30 30728691,459.36,DIRECTDEP,Baker & Elder         ALHAMBRA F16 16/18 BGC
 ,26/06/2012,20-53-30 30728691,265.37,DIRECTDEP,Baker & Elder         FAWCETT RD F3 169  BGC
 ,26/06/2012,20-53-30 30728691,-16.61,PAYMENT,BP BEDFORD EXPRESS    REF 176 2066024301 BCC
 ,25/06/2012,20-53-30 30728691,519.68,DIRECTDEP,Baker & Elder         ALHAMBRA F1 16/18  BGC
 ,25/06/2012,20-53-30 30728691,348.35,DIRECTDEP,Baker & Elder         ALHAMBRA F4 12/14  BGC
 ,25/06/2012,20-53-30 30728691,454.72,STO,B STILL               ALHAMBRA F5 12/14  STO
 ,25/06/2012,20-53-30 30728691,-250,CASH,HSBC                  401002BP BEDFORD B    
 ,25/06/2012,20-53-30 30728691,-519.5,REPEATPMT,G& F VALENTINO        MTUCKER            STO
 ,22/06/2012,20-53-30 30728691,-183.94,DIRECTDEBIT,BHAM MIDSHIRES        882432/20007882432 DDR
 ,22/06/2012,20-53-30 30728691,-106.44,DIRECTDEBIT,HITACHI CAPITAL CO    023217445/21       DDR
 ,19/06/2012,20-53-30 30728691,102.95,BCC,REFUND                TOYS R US             
 ,19/06/2012,20-53-30 30728691,489.01,DIRECTDEP,Baker & Elder         ALHAMBRA F13 16/18 BGC
 ,19/06/2012,20-53-30 30728691,464,DIRECTDEP,Baker & Elder         FAWCETT F1 169     BGC
 ,19/06/2012,20-53-30 30728691,464,DIRECTDEP,Baker & Elder         ALHAMBRA F10 12/14 BGC
 ,19/06/2012,20-53-30 30728691,464,DIRECTDEP,Baker & Elder         ALHAMBRA F11 16/18 BGC
 ,19/06/2012,20-53-30 30728691,464,DIRECTDEP,Baker & Elder         ALHAMBRA F12 16/18 BGC
 ,19/06/2012,20-53-30 30728691,-154.97,PAYMENT,TOYS R US             REF 167 2033983301 BCC
 ,19/06/2012,20-53-30 30728691,-103.74,PAYMENT,WM MORRISON PLC       REF 168 7624846301 BCC
 ,19/06/2012,20-53-30 30728691,-31.98,PAYMENT,Amazon EU             LUXEMBOURG            
 ,19/06/2012,20-53-30 30728691,-24.68,PAYMENT,TESCO STORE 2087      REF 167 2033985301 BCC
 ,19/06/2012,20-53-30 30728691,-24.03,PAYMENT,Amazon EU             LUXEMBOURG            
 ,19/06/2012,20-53-30 30728691,-19.96,PAYMENT,DP LEISURE/360PLAY    REF 168 2033978301 BCC
 ,19/06/2012,20-53-30 30728691,-4.58,PAYMENT,ONE HOUR TRANSLATI    CYPRUS                
 ,19/06/2012,20-53-30 30728691,-4.09,PAYMENT,MCDONALDS REST.       REF 167 2033979301 BCC
 ,19/06/2012,20-53-30 30728691,-3.28,PAYMENT,TOYS R US             REF 167 2033984301 BCC
 ,18/06/2012,20-53-30 30728691,454.72,DIRECTDEP,Baker & Elder         ALHAMBRA F5 8      BGC
 ,18/06/2012,20-53-30 30728691,552.16,STO,B STILL               ALHAMBRA F20 4/6   STO
 ,18/06/2012,20-53-30 30728691,-208.37,PAYMENT,TOYS R US             REF 166 2670936301 BCC
 ,18/06/2012,20-53-30 30728691,-5,PAYMENT,COMPANIES HSE WEB     REF 166 2670937301 BCC
 ,18/06/2012,20-53-30 30728691,-145.06,DIRECTDEBIT,BHAM MIDSHIRES        649652/20003649652 DDR
 ,18/06/2012,20-53-30 30728691,-14.67,DIRECTDEBIT,BHAM MIDSHIRES        557032/20010557032 DDR
 ,18/06/2012,20-53-30 30728691,-190.58,DIRECTDEBIT,BHAM MIDSHIRES        110676/20004110676 DDR
 ,15/06/2012,20-53-30 30728691,199.84,DIRECTDEP,Baker & Elder         FAWCETT RD F2 171  BGC
 ,15/06/2012,20-53-30 30728691,460,STO,JONES TGT             RENT21 4-6ALHAMBRA STO
 ,15/06/2012,20-53-30 30728691,-186.11,DIRECTDEBIT,MORTGAGE EXPRESS      2008784100020254   DDR
 ,15/06/2012,20-53-30 30728691,-192.58,DIRECTDEBIT,MORTGAGE EXPRESS      2007664780020254   DDR
 ,15/06/2012,20-53-30 30728691,-192.58,DIRECTDEBIT,MORTGAGE EXPRESS      2007545340020254   DDR
 ,15/06/2012,20-53-30 30728691,-186.12,DIRECTDEBIT,MORTGAGE EXPRESS      2007544710020254   DDR
 ,15/06/2012,20-53-30 30728691,-186.09,DIRECTDEBIT,MORTGAGE EXPRESS      2007107670020254   DDR
 ,15/06/2012,20-53-30 30728691,-186.13,DIRECTDEBIT,MORTGAGE EXPRESS      2006332310020254   DDR
 ,15/06/2012,20-53-30 30728691,-186.11,DIRECTDEBIT,MORTGAGE EXPRESS      2005787290020254   DDR
 ,15/06/2012,20-53-30 30728691,-219.67,DIRECTDEBIT,PLATFORM FUNDING      01050228979115     DDR
 ,15/06/2012,20-53-30 30728691,-184.76,DIRECTDEBIT,PLATFORM FUNDING      01050228957685     DDR
 ,15/06/2012,20-53-30 30728691,-184.76,DIRECTDEBIT,PLATFORM FUNDING      01050228957650     DDR
 ,14/06/2012,20-53-30 30728691,538.24,DIRECTDEP,Baker & Elder         ALHAMBRA F23 4/6   BGC
 ,14/06/2012,20-53-30 30728691,417.6,DIRECTDEP,Baker & Elder         FRATTON F3 163     BGC
 ,14/06/2012,20-53-30 30728691,-50.08,PAYMENT,TESCO STORES LTD 5    REF 164 2693246301 BCC
 ,13/06/2012,20-53-30 30728691,-9.75,PAYMENT,TESCO STORES LTD 5    REF 163 2669122301 BCC
 ,12/06/2012,20-53-30 30728691,538.24,STO,B STILL               KINGSTON RD 196B   STO
 ,12/06/2012,20-53-30 30728691,464,STO,B STILL               ALHAMBRA F7 16/18  STO
 ,12/06/2012,20-53-30 30728691,464,STO,B STILL               ALHAMBRA F 7 12/14 STO
 ,12/06/2012,20-53-30 30728691,464,STO,B STILL               ALHAMBRA F11 12/14 STO
 ,12/06/2012,20-53-30 30728691,426.88,STO,B STILL               KINGSTON RD 196A   STO
 ,12/06/2012,20-53-30 30728691,-254.23,PAYMENT,ONE HOUR TRANSLATI    CYPRUS                
 ,12/06/2012,20-53-30 30728691,-63.58,PAYMENT,NEW COUNTY SERVICE    REF 161 7600312301 BCC
 ,12/06/2012,20-53-30 30728691,-32.93,PAYMENT,ONE HOUR TRANSLATI    CYPRUS                
 ,12/06/2012,20-53-30 30728691,-27.72,PAYMENT,HAYDEN'S RESTAURAN    REF 162 2057212301 BCC
 ,12/06/2012,20-53-30 30728691,-12.45,PAYMENT,SHUTTLEWORTH          REF 161 6773246301 BCC
 ,12/06/2012,20-53-30 30728691,-11.9,PAYMENT,ONE HOUR TRANSLATI    CYPRUS                
 ,12/06/2012,20-53-30 30728691,-10.94,PAYMENT,ONE HOUR TRANSLATI    CYPRUS                
 ,12/06/2012,20-53-30 30728691,-5.47,PAYMENT,ONE HOUR TRANSLATI    CYPRUS                
 ,12/06/2012,20-53-30 30728691,-4.6,PAYMENT,ONE HOUR TRANSLATI    CYPRUS                
 ,12/06/2012,20-53-30 30728691,-140.07,DIRECTDEBIT,BHAM MIDSHIRES        389757/20000389757 DDR
 ,11/06/2012,20-53-30 30728691,417.6,DIRECTDEP,Baker & Elder         FAWCETT F2 169     BGC
 ,11/06/2012,20-53-30 30728691,379,DIRECTDEP,Baker & Elder         ALHAMBRA F6 16/18  BGC
 ,11/06/2012,20-53-30 30728691,278.4,DIRECTDEP,Baker & Elder         KINGSTON 196 SHOP  BGC,
 ,11/06/2012,20-53-30 30728691,-40,CASH,LLOYDS TSB            BARTON LE CLAY        ,
 ,11/06/2012,20-53-30 30728691,-31.65,PAYMENT,TESCO STORES LTD 5    REF 159 2667183301 BCC,
 ,11/06/2012,20-53-30 30728691,-14.12,PAYMENT,POST OFFICE COUNTE    REF 159 2667184301 BCC,
 ,11/06/2012,20-53-30 30728691,-19.95,DIRECTDEBIT,BHAM MIDSHIRES        556389/20010556389 DDR,
 ,11/06/2012,20-53-30 30728691,-82.61,DIRECTDEBIT,BHAM MIDSHIRES        309942/20009309942 DDR,
 ,11/06/2012,20-53-30 30728691,-18,DIRECTDEBIT,NEED MORE TIME LTD    000001158151182    DDR,
 ,08/06/2012,20-53-30 30728691,514.02,REM,FLITWICK           REM,
 ,08/06/2012,20-53-30 30728691,-342.19,PAYMENT,BAKER AND ELDER       MTUCKER-MAY12      BBP,
 ,08/06/2012,20-53-30 30728691,-218.68,DIRECTDEBIT,BHAM MIDSHIRES        020007900597/89565 DDR,
 ,07/06/2012,20-53-30 30728691,538.24,DIRECTDEP,Baker & Elder         FAWCETT RD F1 171  BGC,
 ,07/06/2012,20-53-30 30728691,473.28,DIRECTDEP,Baker & Elder         ALHAMBRA F22 4/6   BGC,
 ,07/06/2012,20-53-30 30728691,-134.45,PAYMENT,TELVENT DTN, INC      UNITED STATES         
 ,07/06/2012,20-53-30 30728691,-53.31,PAYMENT,TESCO STORES LTD 5    REF 154 1454648301 BCC,
 ,07/06/2012,20-53-30 30728691,-50.6,PAYMENT,LINN SOFTWARE         UNITED STATES         ,
 ,07/06/2012,20-53-30 30728691,-18.38,PAYMENT,INFOCAMERE-WWW.TEL    ITALY                 ,
 ,07/06/2012,20-53-30 30728691,-13.08,PAYMENT,HOME ON LINE WEB S    ITALY                 
 ,07/06/2012,20-53-30 30728691,-13.08,PAYMENT,HOME ON LINE WEB S    ITALY                 
 ,07/06/2012,20-53-30 30728691,-13.08,PAYMENT,HOME ON LINE WEB S    ITALY                 
 ,07/06/2012,20-53-30 30728691,-13.08,PAYMENT,HOME ON LINE WEB S    ITALY                 
 ,07/06/2012,20-53-30 30728691,-13.08,PAYMENT,HOME ON LINE WEB S    ITALY                 
 ,07/06/2012,20-53-30 30728691,-13.08,PAYMENT,HOME ON LINE WEB S    ITALY                 
 ,07/06/2012,20-53-30 30728691,-10.06,PAYMENT,INFOCAMERE-WWW.TEL    ITALY                 
 ,07/06/2012,20-53-30 30728691,-8.32,PAYMENT,INFOCAMERE-WWW.TEL    ITALY                 
 ,07/06/2012,20-53-30 30728691,-7.04,PAYMENT,HOME ON LINE WEB S    ITALY                 
 ,07/06/2012,20-53-30 30728691,-7.04,PAYMENT,HOME ON LINE WEB S    ITALY                 
 ,07/06/2012,20-53-30 30728691,-7.04,PAYMENT,HOME ON LINE WEB S    ITALY                 
 ,07/06/2012,20-53-30 30728691,-7.04,PAYMENT,HOME ON LINE WEB S    ITALY                 
 ,07/06/2012,20-53-30 30728691,-7.04,PAYMENT,HOME ON LINE WEB S    ITALY                 
 ,07/06/2012,20-53-30 30728691,-7.04,PAYMENT,HOME ON LINE WEB S    ITALY                 
 ,07/06/2012,20-53-30 30728691,-0.65,PAYMENT,Amazon Web Service    UNITED STATES         
 ,06/06/2012,20-53-30 30728691,460,DIRECTDEP,MR OLIVER JAMES WI    RENT 17 4 6 ALHAMB BGC
 ,06/06/2012,20-53-30 30728691,445.44,STO,B STILL               ALHAMBRA F8 8      STO
 ,06/06/2012,20-53-30 30728691,-15.44,PAYMENT,EURODISNEY GEN  47    FRANCE                
 ,06/06/2012,20-53-30 30728691,-9.7,PAYMENT,SUPERMERCATO F.LLI    ITALY                 
 ,06/06/2012,20-53-30 30728691,-81.51,DIRECTDEBIT,BHAM MIDSHIRES        251387/20011251387 DDR
 ,06/06/2012,20-53-30 30728691,-228.81,DIRECTDEBIT,MORTGAGE EXPRESS      2016485220020245   DDR
 ,06/06/2012,20-53-30 30728691,-187.95,DIRECTDEBIT,MORTGAGE EXPRESS      2016485130020245   DDR
 ,06/06/2012,20-53-30 30728691,-212.45,DIRECTDEBIT,MORTGAGE EXPRESS      2016485040020245   DDR
 ,06/06/2012,20-53-30 30728691,-234.85,DIRECTDEBIT,MORTGAGE EXPRESS      2007545250020245   DDR
 ,06/06/2012,20-53-30 30728691,-226.76,DIRECTDEBIT,MORTGAGE EXPRESS      2007107760020245   DDR
 ,06/06/2012,20-53-30 30728691,-186.23,DIRECTDEBIT,MORTGAGE EXPRESS      2007093450020245   DDR
 ,06/06/2012,20-53-30 30728691,-226.6,DIRECTDEBIT,MORTGAGE EXPRESS      2007093360020245   DDR
 ,06/06/2012,20-53-30 30728691,-186.1,DIRECTDEBIT,MORTGAGE EXPRESS      2006372640020245   DDR
 ,06/06/2012,20-53-30 30728691,-263.8,DIRECTDEBIT,BHAM MIDSHIRES        020003973492/74851 DDR
 ,06/06/2012,20-53-30 30728691,-143.54,DIRECTDEBIT,MORTGAGE EXPRESS      0019966240020245   DDR
 ,06/06/2012,20-53-30 30728691,-159.32,DIRECTDEBIT,MORTGAGE EXPRESS      0018724700020245   DDR
 ,06/06/2012,20-53-30 30728691,-159.35,DIRECTDEBIT,MORTGAGE EXPRESS      0017031550020245   DDR
 ,06/06/2012,20-53-30 30728691,-152.33,DIRECTDEBIT,MORTGAGE EXPRESS      0016470530020245   DDR
 ,06/06/2012,20-53-30 30728691,-145.46,DIRECTDEBIT,MORTGAGE EXPRESS      0015866140020245   DDR
 ,01/06/2012,20-53-30 30728691,425,STO,NWOSU O          C    FLAT 7 8 ALHAMBRA  STO
 ,01/06/2012,20-53-30 30728691,464,DIRECTDEP,Baker & Elder         LONDON RD F1 321   BGC
 ,01/06/2012,20-53-30 30728691,459.36,DIRECTDEP,Baker & Elder         FRATTON F2 163     BGC
 ,01/06/2012,20-53-30 30728691,525,STO,STEPEK MP             FLAT 19 4/6 ALHAM  STO
 ,01/06/2012,20-53-30 30728691,-324.97,REPEATPMT,VALENTINO I    0   STO
 ,01/06/2012,20-53-30 30728691,-312.08,REPEATPMT,ALHAMBRA ROAD MANA    209254 83672832    STO
 ,01/06/2012,20-53-30 30728691,-261.35,REPEATPMT,ALHAMBRA ROAD MANA    209254 13686035    STO
 ,01/06/2012,20-53-30 30728691,-261.35,REPEATPMT,ALHAMBRA ROAD MANA    209254 23534332    STO
 ,01/06/2012,20-53-30 30728691,-196.79,REPEATPMT,M TUCKER              KINGSTON SHOP      STO
 ,01/06/2012,20-53-30 30728691,-167.06,REPEATPMT,ALHAMBRA ROAD MANA    209254 93543692    STO
 ,01/06/2012,20-53-30 30728691,-38,DIRECTDEBIT,SOUTHERN ELECTRIC     688276601          DDR
 ,01/06/2012,20-53-30 30728691,-522.3,DIRECTDEBIT,NRAM                  24935234           DDR
 ,01/06/2012,20-53-30 30728691,-186.14,DIRECTDEBIT,MORTGAGE EXPRESS      2007093270020240   DDR
 ,01/06/2012,20-53-30 30728691,-9,DIRECTDEBIT,SOUTHERN ELECTRIC     141011701          DDR
 ,01/06/2012,20-53-30 30728691,-200.74,DIRECTDEBIT,PLATFORM FUNDING      01050230313307     DDR
 ,01/06/2012,20-53-30 30728691,-217.96,DIRECTDEBIT,PLATFORM FUNDING      01050229961090     DDR
 ,01/06/2012,20-53-30 30728691,-217.96,DIRECTDEBIT,PLATFORM FUNDING      01050229961082     DDR
 ,01/06/2012,20-53-30 30728691,-219.74,DIRECTDEBIT,PLATFORM FUNDING      01050228964703     DDR
 ,01/06/2012,20-53-30 30728691,-796.3,DIRECTDEBIT,BEDFORD CHARITY  T    TUCKM /PVALS       DDR
 ,01/06/2012,20-53-30 30728691,-367.26,DIRECTDEBIT,MORTGAGE EXPRESS      MEC00005/480016104 DDR
 ,01/06/2012,20-53-30 30728691,-110,DIRECTDEBIT,AUBURN SEC 6          CHL00002/907372200 DDR
 ,01/06/2012,20-53-30 30728691,-110,DIRECTDEBIT,AUBURN SEC 6          CHL00002/907371904 DDR
 ,01/06/2012,20-53-30 30728691,-400.35,DIRECTDEBIT,AMBER HOMELOANS       AHG00001/480441702 DDR
