Number,Date,Account,Amount,Subcategory,Memo
 ,01/07/2016,20-53-30 30728691,566.08,DIRECTDEP,Baker & Elder Limi    ALHAM F19 4/6      BGC
 ,01/07/2016,20-53-30 30728691,-465,REPEATPMT,ALHAMBRA ROAD MANA    209254 83672832    STO
 ,01/07/2016,20-53-30 30728691,-320,REPEATPMT,ALHAMBRA ROAD MANA    209254 13686035    STO
 ,01/07/2016,20-53-30 30728691,-315,REPEATPMT,ALHAMBRA ROAD MANA    209254 23534332    STO
 ,01/07/2016,20-53-30 30728691,-196.79,REPEATPMT,M TUCKER              KINGSTON SHOP      STO
 ,01/07/2016,20-53-30 30728691,-50,REPEATPMT,NATIONWIDE            0604/229172770     STO
 ,01/07/2016,20-53-30 30728691,-50,REPEATPMT,23 HAMPSHIRE TERRA    209254 13676978    STO
 ,01/07/2016,20-53-30 30728691,-522.3,DIRECTDEBIT,NRAM                  24935234           DDR
 ,01/07/2016,20-53-30 30728691,-186.14,DIRECTDEBIT,MORTGAGE EXPRESS      2007093270021731   DDR
 ,01/07/2016,20-53-30 30728691,-9,DIRECTDEBIT,SOUTHERN ELECTRIC     141011701          DDR
 ,01/07/2016,20-53-30 30728691,-200.74,DIRECTDEBIT,PLATFORM FUNDING      01050230313307     DDR
 ,01/07/2016,20-53-30 30728691,-217.96,DIRECTDEBIT,PLATFORM FUNDING      01050229961090     DDR
 ,01/07/2016,20-53-30 30728691,-217.96,DIRECTDEBIT,PLATFORM FUNDING      01050229961082     DDR
 ,01/07/2016,20-53-30 30728691,-219.74,DIRECTDEBIT,PLATFORM FUNDING      01050228964703     DDR
 ,01/07/2016,20-53-30 30728691,-1321.33,DIRECTDEBIT,THE HARPUR TRUST      TUCKM8  BVALR8     DDR
 ,01/07/2016,20-53-30 30728691,-1097.67,DIRECTDEBIT,THE HARPUR TRUST      TUCKMS  GVALS1     DDR
 ,01/07/2016,20-53-30 30728691,-57.58,DIRECTDEBIT,EE & T-MOBILE         Q13077400629342543 DDR
 ,01/07/2016,20-53-30 30728691,-367.26,DIRECTDEBIT,MORTGAGE EXPRESS      MEC00005/480016104 DDR
 ,01/07/2016,20-53-30 30728691,-110,DIRECTDEBIT,CAPITAL HOME LOANS    CHL00002/907372200 DDR
 ,01/07/2016,20-53-30 30728691,-110,DIRECTDEBIT,CAPITAL HOME LOANS    CHL00002/907371904 DDR
 ,01/07/2016,20-53-30 30728691,-375.68,DIRECTDEBIT,AMBER HOMELOANS       AHG00001/480441702 DDR
 ,04/07/2016,20-53-30 30728691,374.56,DIRECTDEP,BAKER & ELDER LIMI    ALHAMBRA F21 4/6   BGC
 ,04/07/2016,20-53-30 30728691,-75,REPEATPMT,KINGSTON UNITY        PL684048A VALENTNO STO
 ,04/07/2016,20-53-30 30728691,-50,REPEATPMT,MATHEW TUCKER         MTUCKER            STO
 ,04/07/2016,20-53-30 30728691,-228.81,DIRECTDEBIT,MORTGAGE EXPRESS      2016485220021734   DDR
 ,04/07/2016,20-53-30 30728691,-188.24,DIRECTDEBIT,MORTGAGE EXPRESS      2016485130021734   DDR
 ,04/07/2016,20-53-30 30728691,-212.78,DIRECTDEBIT,MORTGAGE EXPRESS      2016485040021734   DDR
 ,04/07/2016,20-53-30 30728691,-234.87,DIRECTDEBIT,MORTGAGE EXPRESS      2007545250021734   DDR
 ,04/07/2016,20-53-30 30728691,-226.75,DIRECTDEBIT,MORTGAGE EXPRESS      2007107760021734   DDR
 ,04/07/2016,20-53-30 30728691,-186.22,DIRECTDEBIT,MORTGAGE EXPRESS      2007093450021734   DDR
 ,04/07/2016,20-53-30 30728691,-226.59,DIRECTDEBIT,MORTGAGE EXPRESS      2007093360021734   DDR
 ,04/07/2016,20-53-30 30728691,-186.11,DIRECTDEBIT,MORTGAGE EXPRESS      2006372640021734   DDR
 ,04/07/2016,20-53-30 30728691,-37.95,DIRECTDEBIT,LEGAL & GEN MI C/L    011439921-5        DDR
 ,04/07/2016,20-53-30 30728691,-143.54,DIRECTDEBIT,MORTGAGE EXPRESS      0019966240021734   DDR
 ,04/07/2016,20-53-30 30728691,-159.33,DIRECTDEBIT,MORTGAGE EXPRESS      0018724700021734   DDR
 ,04/07/2016,20-53-30 30728691,-159.36,DIRECTDEBIT,MORTGAGE EXPRESS      0017031550021734   DDR
 ,04/07/2016,20-53-30 30728691,-152.32,DIRECTDEBIT,MORTGAGE EXPRESS      0016470530021734   DDR
 ,04/07/2016,20-53-30 30728691,-145.45,DIRECTDEBIT,MORTGAGE EXPRESS      0015866140021734   DDR
 ,04/07/2016,20-53-30 30728691,-75,DIRECTDEBIT,SHEPHERDS FS          PN026484A          DDR
 ,06/07/2016,20-53-30 30728691,556.8,DIRECTDEP,Baker & Elder Limi    LONDON F3 321      BGC
 ,06/07/2016,20-53-30 30728691,482.56,DIRECTDEP,Baker & Elder Limi    KINGSTON 196A      BGC
 ,06/07/2016,20-53-30 30728691,464,DIRECTDEP,Baker & Elder Limi    FAWCETT F2 171     BGC
 ,06/07/2016,20-53-30 30728691,464,DIRECTDEP,Baker & Elder Limi    ALHAM F22 4/6      BGC
 ,08/07/2016,20-53-30 30728691,-218.68,DIRECTDEBIT,BHAM MIDSHIRES        020007900597/89565 DDR
 ,11/07/2016,20-53-30 30728691,-19.95,DIRECTDEBIT,BHAM MIDSHIRES        556389/20010556389 DDR
 ,11/07/2016,20-53-30 30728691,-82.61,DIRECTDEBIT,BHAM MIDSHIRES        309942/20009309942 DDR
 ,12/07/2016,20-53-30 30728691,538.24,DIRECTDEP,BAKER & ELDER LIMI    FAWCETT F1 171     BGC
 ,12/07/2016,20-53-30 30728691,468.64,DIRECTDEP,BAKER & ELDER LIMI    FAWCETT F1 169     BGC
 ,12/07/2016,20-53-30 30728691,-140.07,DIRECTDEBIT,BHAM MIDSHIRES        389757/20000389757 DDR
 ,12/07/2016,20-53-30 30728691,-37.68,DIRECTDEBIT,FRIENDS LIFE          014033997          DDR
 ,12/07/2016,20-53-30 30728691,-70.4,DIRECTDEBIT,EE & T-MOBILE         Q20664165632849923 DDR
 ,13/07/2016,20-53-30 30728691,324.8,DIRECTDEP,BAKER & ELDER LIMI    KINGSTON SHOP      BGC
 ,13/07/2016,20-53-30 30728691,464,DIRECTDEP,BAKER & ELDER LIMI    FAWCETT F3 171     BGC
 ,13/07/2016,20-53-30 30728691,464,DIRECTDEP,BAKER & ELDER LIMI    FAWCETT F2 169     BGC
 ,13/07/2016,20-53-30 30728691,434,DIRECTDEP,BAKER & ELDER LIMI    ALHAM F6 8         BGC
 ,13/07/2016,20-53-30 30728691,464,DIRECTDEP,BAKER & ELDER LIMI    ALHAM F6 16/18     BGC
 ,13/07/2016,20-53-30 30728691,744.68,DIRECTDEP,BAKER & ELDER LIMI    ALHAM F3 F4 12/14  BGC
 ,13/07/2016,20-53-30 30728691,1034.72,DIRECTDEP,BAKER & ELDER LIMI    ALHAM F17 F23 4/6  BGC
 ,13/07/2016,20-53-30 30728691,985.04,DIRECTDEP,BAKER & ELDER LIMI    ALHAM F1 F7 16/18  BGC
 ,13/07/2016,20-53-30 30728691,-150,FT ,207409 40406538       MOBILE-CHANNEL     FT 
 ,15/07/2016,20-53-30 30728691,-186.11,DIRECTDEBIT,MORTGAGE EXPRESS      2008784100021745   DDR
 ,15/07/2016,20-53-30 30728691,-192.58,DIRECTDEBIT,MORTGAGE EXPRESS      2007664780021745   DDR
 ,15/07/2016,20-53-30 30728691,-192.58,DIRECTDEBIT,MORTGAGE EXPRESS      2007545340021745   DDR
 ,15/07/2016,20-53-30 30728691,-186.12,DIRECTDEBIT,MORTGAGE EXPRESS      2007544710021745   DDR
 ,15/07/2016,20-53-30 30728691,-186.09,DIRECTDEBIT,MORTGAGE EXPRESS      2007107670021745   DDR
 ,15/07/2016,20-53-30 30728691,-186.13,DIRECTDEBIT,MORTGAGE EXPRESS      2006332310021745   DDR
 ,15/07/2016,20-53-30 30728691,-186.11,DIRECTDEBIT,MORTGAGE EXPRESS      2005787290021745   DDR
 ,15/07/2016,20-53-30 30728691,-219.67,DIRECTDEBIT,PLATFORM FUNDING      01050228979115     DDR
 ,15/07/2016,20-53-30 30728691,-184.76,DIRECTDEBIT,PLATFORM FUNDING      01050228957685     DDR
 ,15/07/2016,20-53-30 30728691,-184.76,DIRECTDEBIT,PLATFORM FUNDING      01050228957650     DDR
 ,15/07/2016,20-53-30 30728691,-51.85,DIRECTDEBIT,BT GROUP PLC          GB14092007-000022     
 ,18/07/2016,20-53-30 30728691,-200,FT ,207409 40406538       MOBILE-CHANNEL     FT 
 ,18/07/2016,20-53-30 30728691,-145.06,DIRECTDEBIT,BHAM MIDSHIRES        649652/20003649652 DDR
 ,18/07/2016,20-53-30 30728691,-14.67,DIRECTDEBIT,BHAM MIDSHIRES        557032/20010557032 DDR
 ,18/07/2016,20-53-30 30728691,-190.58,DIRECTDEBIT,BHAM MIDSHIRES        110676/20004110676 DDR
 ,19/07/2016,20-53-30 30728691,185.6,DIRECTDEP,Baker & Elder Limi    HAMP 23B           BGC
 ,20/07/2016,20-53-30 30728691,366.56,DIRECTDEP,BAKER & ELDER LIMI    FRATTON F4 163     BGC
 ,20/07/2016,20-53-30 30728691,417.6,DIRECTDEP,BAKER & ELDER LIMI    FRATTON F3 163     BGC
 ,20/07/2016,20-53-30 30728691,464,DIRECTDEP,BAKER & ELDER LIMI    FAWCETT F3 169     BGC
 ,20/07/2016,20-53-30 30728691,928,DIRECTDEP,BAKER & ELDER LIMI    ALHAM F7/F12 12/14 BGC
 ,20/07/2016,20-53-30 30728691,468.64,DIRECTDEP,BAKER & ELDER LIMI    ALHAMBRA F5 8      BGC
 ,21/07/2016,20-53-30 30728691,-300,FT ,207409 40406538       MOBILE-CHANNEL     FT 
 ,21/07/2016,20-53-30 30728691,-50,DIRECTDEBIT,SKY DIGITAL           00620054164228     DDR
 ,22/07/2016,20-53-30 30728691,464,DIRECTDEP,BAKER & ELDER LIMI    ALHAM F10 12/14    BGC
 ,22/07/2016,20-53-30 30728691,-183.94,DIRECTDEBIT,BHAM MIDSHIRES        882432/20007882432 DDR
 ,25/07/2016,20-53-30 30728691,464,DIRECTDEP,BAKER & ELDER LIMI    ALHAM F3 16/18     BGC
 ,25/07/2016,20-53-30 30728691,566.08,DIRECTDEP,BAKER & ELDER LIMI    ALHAM F19 4/6      BGC
 ,25/07/2016,20-53-30 30728691,-519.5,REPEATPMT,G& F VALENTINO        MTUCKER            STO
 ,26/07/2016,20-53-30 30728691,-500,FT ,207409 40406538       MOBILE-CHANNEL     FT 
 ,26/07/2016,20-53-30 30728691,-99,FT ,205330 00796751       MOBILE-CHANNEL     FT 
 ,27/07/2016,20-53-30 30728691,464,DIRECTDEP,BAKER & ELDER LIMI    LONDON F2 321      BGC
 ,27/07/2016,20-53-30 30728691,464,DIRECTDEP,BAKER & ELDER LIMI    LONDON F1 321      BGC
 ,27/07/2016,20-53-30 30728691,454.72,DIRECTDEP,BAKER & ELDER LIMI    ALHAM F5  12/14    BGC
 ,27/07/2016,20-53-30 30728691,464,DIRECTDEP,BAKER & ELDER LIMI    ALHAM F11 16/18    BGC
 ,27/07/2016,20-53-30 30728691,-1200,REPEATPMT,MR MATTHEW STUART     207409 40406538    STO
 ,28/07/2016,20-53-30 30728691,-33,DIRECTDEBIT,BOOTS REWARDSCHEME    A45028400000736    DDR
 ,29/07/2016,20-53-30 30728691,-400,REPEATPMT,F VALENTINO           RENT               STO
 ,29/07/2016,20-53-30 30728691,-129.28,DIRECTDEBIT,BHAM MIDSHIRES        731371/20002731371 DDR
 ,29/07/2016,20-53-30 30728691,-190.97,DIRECTDEBIT,MORTGAGE TRUST        002197389 10197090 DDR
 ,29/07/2016,20-53-30 30728691,-196.26,DIRECTDEBIT,MORTGAGE TRUST        002186357 10197090 DDR
 ,29/07/2016,20-53-30 30728691,-196.26,DIRECTDEBIT,MORTGAGE TRUST        002186356 10197090 DDR
 ,29/07/2016,20-53-30 30728691,-196.26,DIRECTDEBIT,MORTGAGE TRUST        002186317 10197090 DDR
