Number,Date,Account,Amount,Subcategory,Memo,
 ,31/07/2013,20-53-30 30728691,-3.35,PAYMENT,ELIOR@EE              REF 211 0000000000 CLP,
 ,31/07/2013,20-53-30 30728691,-183.76,DIRECTDEBIT,MORTGAGE TRUST        002197389 10186130 DDR,
 ,31/07/2013,20-53-30 30728691,-189.5,DIRECTDEBIT,MORTGAGE TRUST        002186357 10186130 DDR,
 ,31/07/2013,20-53-30 30728691,-189.5,DIRECTDEBIT,MORTGAGE TRUST        002186356 10186130 DDR,
 ,31/07/2013,20-53-30 30728691,-189.5,DIRECTDEBIT,MORTGAGE TRUST        002186317 10186130 DDR,
 ,30/07/2013,20-53-30 30728691,-25.03,PAYMENT,BP BEDFORD EXPRESS    REF 209 0000000000 BCC,
 ,29/07/2013,20-53-30 30728691,974.4,DIRECTDEP,BAKER & ELDER LIMI    LONDON F3 & F4 321 BGC,
 ,29/07/2013,20-53-30 30728691,464,DIRECTDEP,BAKER & ELDER LIMI    FAWCETT F3 171     BGC,
 ,29/07/2013,20-53-30 30728691,464,DIRECTDEP,BAKER & ELDER LIMI    ALHAMBRA F6 8      BGC,
 ,29/07/2013,20-53-30 30728691,464,DIRECTDEP,BAKER & ELDER LIMI    ALHAMBRA F18 4/6   BGC,
 ,29/07/2013,20-53-30 30728691,-68.84,PAYMENT,NEW COUNTY SERVICE    REF 210 0000000000 BCC,
 ,29/07/2013,20-53-30 30728691,-43.18,PAYMENT,Amazon EU             LUXEMBOURG            ,
 ,29/07/2013,20-53-30 30728691,-11.66,PAYMENT,NEW COUNTY SERVICE    REF 209 0000000000 BCC,
 ,29/07/2013,20-53-30 30728691,-10.75,PAYMENT,NEW COUNTY SERVICE    REF 209 0000000000 BCC,
 ,29/07/2013,20-53-30 30728691,-10.49,PAYMENT,NEW COUNTY SERVICE    REF 207 0000000000 BCC,
 ,29/07/2013,20-53-30 30728691,-60,CASH,204665 28JUL 17.56    HUNSTANTON         ATM,
 ,29/07/2013,20-53-30 30728691,-2170.3,REPEATPMT,MR MATTHEW STUART     207409 40406538    STO,
 ,29/07/2013,20-53-30 30728691,-400,REPEATPMT,F VALENTINO           RENT               STO,
 ,29/07/2013,20-53-30 30728691,-129.28,DIRECTDEBIT,BHAM MIDSHIRES        731371/20002731371 DDR,
 ,26/07/2013,20-53-30 30728691,-5.8,PAYMENT,ELIOR@EE              REF 206 0000000000 CLP,
 ,26/07/2013,20-53-30 30728691,-19.95,PAYMENT,PAYPAL *ROBOFORM      USA                   ,
 ,26/07/2013,20-53-30 30728691,-13,PAYMENT,PAYPAL *COMPANIESH    REF 205 0000000000 BCC,
 ,25/07/2013,20-53-30 30728691,464,DIRECTDEP,BAKER & ELDER LIMI    ALHAMBRA F3 12/14  BGC,
 ,25/07/2013,20-53-30 30728691,-200,PAYMENT,PAYPAL *TASHAGRAY     REF 204 0000000000 BCC,
 ,25/07/2013,20-53-30 30728691,-103.99,PAYMENT,PAYPAL *VANUATUKAV    REF 204 0000000000 BCC,
 ,25/07/2013,20-53-30 30728691,-19.5,PAYMENT,PAYPAL *HAIRPRODUC    REF 204 0000000000 BCC,
 ,25/07/2013,20-53-30 30728691,-519.5,REPEATPMT,G& F VALENTINO        MTUCKER            STO,
 ,24/07/2013,20-53-30 30728691,464,DIRECTDEP,BAKER & ELDER LIMI    ALHAMBRA F4 12/14  BGC,
 ,24/07/2013,20-53-30 30728691,519.68,DIRECTDEP,BAKER & ELDER LIMI    ALHAMBRA F1 16/18  BGC,
 ,23/07/2013,20-53-30 30728691,464,DIRECTDEP,BAKER & ELDER LIMI    LONDON F2 321      BGC,
 ,23/07/2013,20-53-30 30728691,454.72,DIRECTDEP,BAKER & ELDER LIMI    ALHAMBRA F5 12/14  BGC,
 ,23/07/2013,20-53-30 30728691,464,DIRECTDEP,BAKER & ELDER LIMI    ALHAMBRA F11 16/18 BGC,
 ,23/07/2013,20-53-30 30728691,-74.73,PAYMENT,NEW COUNTY SERVICE    REF 203 0000000000 BCC,
 ,22/07/2013,20-53-30 30728691,464,DIRECTDEP,BAKER & ELDER LIMI    LONDON F1 321      BGC,
 ,22/07/2013,20-53-30 30728691,334,DIRECTDEP,BAKER & ELDER LIMI    ALHAMBRA F3 16/18  BGC,
 ,22/07/2013,20-53-30 30728691,519.68,DIRECTDEP,BAKER & ELDER LIMI    ALHAMBRA F20 4/6   BGC,
 ,22/07/2013,20-53-30 30728691,464,DIRECTDEP,BAKER & ELDER LIMI    ALHAMBRA F12 16/18 BGC,
 ,22/07/2013,20-53-30 30728691,464,DIRECTDEP,BAKER & ELDER LIMI    ALHAMBRA F10 12/14 BGC,
 ,22/07/2013,20-53-30 30728691,-500,FT ,207409 40406538    FT ,
 ,22/07/2013,20-53-30 30728691,-4.65,PAYMENT,ELIOR@EE              REF 200 0000000000 CLP,
 ,22/07/2013,20-53-30 30728691,-140,CASH,HSBC                  401002BP BEDFORD B    ,
 ,22/07/2013,20-53-30 30728691,-50,CASH,YCASH                 EVERYTHING EVERYWH    ,
 ,22/07/2013,20-53-30 30728691,-42.87,PAYMENT,BOOTS 6407            REF 202 0000000000 BCC,
 ,22/07/2013,20-53-30 30728691,-35.56,PAYMENT,BP BEDFORD EXPRESS    REF 202 0000000000 BCC,
 ,22/07/2013,20-53-30 30728691,-29.25,PAYMENT,THE WHITE HORSE       REF 202 0000000000 BCC,
 ,22/07/2013,20-53-30 30728691,-10.07,PAYMENT,NEW COUNTY SERVICE    REF 202 0000000000 BCC,
 ,22/07/2013,20-53-30 30728691,-4.1,PAYMENT,WREST PARK            REF 203 0000000000 BCC,
 ,22/07/2013,20-53-30 30728691,-183.94,DIRECTDEBIT,BHAM MIDSHIRES        882432/20007882432 DDR,
 ,22/07/2013,20-53-30 30728691,-106.44,DIRECTDEBIT,HITACHI CAPITAL CO    023217445/34       DDR,
 ,19/07/2013,20-53-30 30728691,464,DIRECTDEP,BAKER & ELDER LIMI    FAWCETT F1 169     BGC,
 ,19/07/2013,20-53-30 30728691,-4.45,PAYMENT,ELIOR@EE              REF 199 0000000000 CLP,
 ,19/07/2013,20-53-30 30728691,-765,PAYMENT,CENTERPARCS           REF 199 0000000000 BCC,
 ,19/07/2013,20-53-30 30728691,-360.14,PAYMENT,A & F MOTORS LTD      REF 199 0000000000 BCC,
 ,19/07/2013,20-53-30 30728691,-65.04,PAYMENT,BOOTS,HATFIELD        REF 199 0000000000 BCC
 ,18/07/2013,20-53-30 30728691,-9.96,PAYMENT,NEW COUNTY SERVICE    REF 198 0000000000 BCC,
 ,18/07/2013,20-53-30 30728691,-145.06,DIRECTDEBIT,BHAM MIDSHIRES        649652/20003649652 DDR,
 ,17/07/2013,20-53-30 30728691,326.56,DIRECTDEP,BAKER & ELDER LIMI    FRATTON F4 163     BGC,
 ,17/07/2013,20-53-30 30728691,454.72,DIRECTDEP,BAKER & ELDER LIMI    ALHAMBRA F5 8/10   BGC,
 ,16/07/2013,20-53-30 30728691,-4.95,PAYMENT,ELIOR@EE              REF 196 0000000000 CLP,
 ,16/07/2013,20-53-30 30728691,-14.67,DIRECTDEBIT,BHAM MIDSHIRES        557032/20010557032 DDR,
 ,16/07/2013,20-53-30 30728691,-190.58,DIRECTDEBIT,BHAM MIDSHIRES        110676/20004110676 DDR,
 ,15/07/2013,20-53-30 30728691,417.6,DIRECTDEP,BAKER & ELDER LIMI    FRATTIN RD F3 163  BGC,
 ,15/07/2013,20-53-30 30728691,928,DIRECTDEP,BAKER & ELDER LIMI    FAWCETT RD F3 169  BGC,
 ,15/07/2013,20-53-30 30728691,303.82,DIRECTDEP,BAKER & ELDER LIMI    FAWCETT F2 171     BGC,
 ,15/07/2013,20-53-30 30728691,-86.55,PAYMENT,HITACHI CAPITAL       024072545          BBP,
 ,15/07/2013,20-53-30 30728691,-284.29,FT ,209254 13676978       INSURANCE          FT ,
 ,15/07/2013,20-53-30 30728691,-284.29,FT ,209254 13676978       FLAT C INSURANCE   FT ,
 ,15/07/2013,20-53-30 30728691,-284.29,FT ,209254 13676978       FLAT B INSURANCE   FT ,
 ,15/07/2013,20-53-30 30728691,-500,FT ,207409 40406538    FT ,
 ,15/07/2013,20-53-30 30728691,-14.34,PAYMENT,MCDONALDS REST        REF 193 0000000000 CLP,
 ,15/07/2013,20-53-30 30728691,-105,PAYMENT,FCC ENFORCE           REF 196 0000000000 BCC,
 ,15/07/2013,20-53-30 30728691,-72.78,PAYMENT,SAINSBURY'S S/MKT     REF 193 0000000000 BCC,
 ,15/07/2013,20-53-30 30728691,-66.41,PAYMENT,NEW COUNTY SERVICE    REF 195 0000000000 BCC,
 ,15/07/2013,20-53-30 30728691,-64.84,PAYMENT,BP BEDFORD EXPRESS    REF 195 0000000000 BCC,
 ,15/07/2013,20-53-30 30728691,-10,PAYMENT,NEW COUNTY SERVICE    REF 195 0000000000 BCC,
 ,15/07/2013,20-53-30 30728691,-9.1,PAYMENT,SAINSBURY'S S/MKT     REF 193 0000000000 BCC,
 ,15/07/2013,20-53-30 30728691,-186.11,DIRECTDEBIT,MORTGAGE EXPRESS      2008784100020649   DDR,
 ,15/07/2013,20-53-30 30728691,-192.58,DIRECTDEBIT,MORTGAGE EXPRESS      2007664780020649   DDR,
 ,15/07/2013,20-53-30 30728691,-192.58,DIRECTDEBIT,MORTGAGE EXPRESS      2007545340020649   DDR,
 ,15/07/2013,20-53-30 30728691,-186.12,DIRECTDEBIT,MORTGAGE EXPRESS      2007544710020649   DDR,
 ,15/07/2013,20-53-30 30728691,-186.09,DIRECTDEBIT,MORTGAGE EXPRESS      2007107670020649   DDR,
 ,15/07/2013,20-53-30 30728691,-186.13,DIRECTDEBIT,MORTGAGE EXPRESS      2006332310020649   DDR,
 ,15/07/2013,20-53-30 30728691,-186.11,DIRECTDEBIT,MORTGAGE EXPRESS      2005787290020649   DDR,
 ,15/07/2013,20-53-30 30728691,-219.67,DIRECTDEBIT,PLATFORM FUNDING      01050228979115     DDR,
 ,15/07/2013,20-53-30 30728691,-184.76,DIRECTDEBIT,PLATFORM FUNDING      01050228957685     DDR,
 ,15/07/2013,20-53-30 30728691,-184.76,DIRECTDEBIT,PLATFORM FUNDING      01050228957650     DDR,
 ,12/07/2013,20-53-30 30728691,399,DIRECTDEP,BAKER & ELDER LIMI    ALHAMBRA F6 16/18  BGC,
 ,12/07/2013,20-53-30 30728691,538.24,DIRECTDEP,BAKER & ELDER LIMI    ALHAMBRA F23 4/6   BGC,
 ,12/07/2013,20-53-30 30728691,459.36,DIRECTDEP,BAKER & ELDER LIMI    ALHAMBRA F16 16/18 BGC,
 ,12/07/2013,20-53-30 30728691,-3.25,PAYMENT,ELIOR@EE              REF 192 0000000000 CLP,
 ,12/07/2013,20-53-30 30728691,-8.78,PAYMENT,THE RED LION          REF 191 0000000000 BCC,
 ,12/07/2013,20-53-30 30728691,-140.07,DIRECTDEBIT,BHAM MIDSHIRES        389757/20000389757 DDR,
 ,11/07/2013,20-53-30 30728691,-5.35,PAYMENT,ELIOR@EE              REF 191 0000000000 CLP,
 ,10/07/2013,20-53-30 30728691,475,STO,YACOUB B              17 4-6 ALHAMBRA RO STO,
 ,10/07/2013,20-53-30 30728691,278.4,DIRECTDEP,BAKER & ELDER LIMI    KINGSTON SHOP      BGC,
 ,10/07/2013,20-53-30 30728691,445.44,DIRECTDEP,BAKER & ELDER LIMI    FAWCETT F2 169     BGC,
 ,10/07/2013,20-53-30 30728691,307.4,DIRECTDEP,BAKER & ELDER LIMI    ALHAMBRA F22 4/6   BGC,
 ,10/07/2013,20-53-30 30728691,-82.61,DIRECTDEBIT,BHAM MIDSHIRES        309942/20009309942 DDR,
 ,09/07/2013,20-53-30 30728691,426.88,DIRECTDEP,BAKER & ELDER LIMI    KINGSTON 196A      BGC,
 ,09/07/2013,20-53-30 30728691,464,DIRECTDEP,BAKER & ELDER LIMI    ALHAMBRA F7 16/18  BGC,
 ,09/07/2013,20-53-30 30728691,245.92,DIRECTDEP,BAKER & ELDER LIMI    ALHAMBRAF7 12/14   BGC,
 ,09/07/2013,20-53-30 30728691,374.74,DIRECTDEP,BAKER & ELDER LIMI    ALHAMBRA F16 12/14 BGC,
 ,09/07/2013,20-53-30 30728691,-3.3,PAYMENT,ELIOR@EE              REF 189 0000000000 CLP,
 ,09/07/2013,20-53-30 30728691,-180,PAYMENT,FAST FIT STATION      REF 189 0000000000 BCC,
 ,09/07/2013,20-53-30 30728691,-36.24,PAYMENT,TESCO PFS 5449        REF 189 0000000000 BCC,
 ,09/07/2013,20-53-30 30728691,-19.95,DIRECTDEBIT,BHAM MIDSHIRES        556389/20010556389 DDR,
 ,08/07/2013,20-53-30 30728691,538.24,DIRECTDEP,BAKER & ELDER LIMI    FAWCETT F1 171     BGC,
 ,08/07/2013,20-53-30 30728691,464,DIRECTDEP,BAKER & ELDER LIMI    ALHAMBRA F8 8/10   BGC,
 ,08/07/2013,20-53-30 30728691,464,DIRECTDEP,BAKER & ELDER LIMI    ALHAMBRA F14 12/14 BGC,
 ,08/07/2013,20-53-30 30728691,464,DIRECTDEP,BAKER & ELDER LIMI    ALHAMBRA F11 12/14 BGC,
 ,08/07/2013,20-53-30 30728691,-132.68,PAYMENT,THACKERAYS            REF 186 0000000000 BCC,
 ,08/07/2013,20-53-30 30728691,-131.95,PAYMENT,CULT51.COM            REF 186 0000000000 BCC,
 ,08/07/2013,20-53-30 30728691,-94.6,PAYMENT,TESCO PFS 5449        REF 186 0000000000 BCC,
 ,08/07/2013,20-53-30 30728691,-71.98,PAYMENT,NEW COUNTY SERVICE    REF 186 0000000000 BCC,
 ,08/07/2013,20-53-30 30728691,-31.2,PAYMENT,THE BLACK HORSE       REF 186 0000000000 BCC,
 ,08/07/2013,20-53-30 30728691,-2.98,PAYMENT,MKC PAYBEPHONES PA    REF 186 0000000000 BCC,
 ,08/07/2013,20-53-30 30728691,-0.91,PAYMENT,Amazon Web Service    USA                   ,
 ,08/07/2013,20-53-30 30728691,-218.68,DIRECTDEBIT,BHAM MIDSHIRES        020007900597/89565 DDR,
 ,05/07/2013,20-53-30 30728691,425,STO,NWOSU O          C    FLAT 7 8 ALHAMBRA  STO,
 ,05/07/2013,20-53-30 30728691,464,DIRECTDEP,BAKER & ELDER LIMI    ALHAMBRA F13 16/18 BGC,
 ,05/07/2013,20-53-30 30728691,-94,PAYMENT,HOUSE OF FRASER       REF 185 0000000000 BCC,
 ,05/07/2013,20-53-30 30728691,-81.51,DIRECTDEBIT,BHAM MIDSHIRES        251387/20011251387 DDR,
 ,04/07/2013,20-53-30 30728691,496.8,DIRECTDEP,BAKER & ELDER LIMI    KINGSTON 196B      BGC,
 ,04/07/2013,20-53-30 30728691,459.36,DIRECTDEP,BAKER & ELDER LIMI    FRATTON F2 163     BGC,
 ,04/07/2013,20-53-30 30728691,-27.05,PAYMENT,MARKS & SPENCER       REF 184 0000000000 BCC,
 ,04/07/2013,20-53-30 30728691,-100,REPEATPMT,KINGSTON UNITY        PL684048A VALENTNO STO,
 ,04/07/2013,20-53-30 30728691,-100,DIRECTDEBIT,SHEPHERDS FS          PN026484A          DDR,
 ,03/07/2013,20-53-30 30728691,-228.81,DIRECTDEBIT,MORTGAGE EXPRESS      2016485220020637   DDR,
 ,03/07/2013,20-53-30 30728691,-187.95,DIRECTDEBIT,MORTGAGE EXPRESS      2016485130020637   DDR,
 ,03/07/2013,20-53-30 30728691,-212.45,DIRECTDEBIT,MORTGAGE EXPRESS      2016485040020637   DDR,
 ,03/07/2013,20-53-30 30728691,-234.85,DIRECTDEBIT,MORTGAGE EXPRESS      2007545250020637   DDR,
 ,03/07/2013,20-53-30 30728691,-226.76,DIRECTDEBIT,MORTGAGE EXPRESS      2007107760020637   DDR,
 ,03/07/2013,20-53-30 30728691,-186.23,DIRECTDEBIT,MORTGAGE EXPRESS      2007093450020637   DDR,
 ,03/07/2013,20-53-30 30728691,-226.6,DIRECTDEBIT,MORTGAGE EXPRESS      2007093360020637   DDR,
 ,03/07/2013,20-53-30 30728691,-186.1,DIRECTDEBIT,MORTGAGE EXPRESS      2006372640020637   DDR,
 ,03/07/2013,20-53-30 30728691,-143.54,DIRECTDEBIT,MORTGAGE EXPRESS      0019966240020637   DDR,
 ,03/07/2013,20-53-30 30728691,-159.32,DIRECTDEBIT,MORTGAGE EXPRESS      0018724700020637   DDR,
 ,03/07/2013,20-53-30 30728691,-159.35,DIRECTDEBIT,MORTGAGE EXPRESS      0017031550020637   DDR,
 ,03/07/2013,20-53-30 30728691,-152.33,DIRECTDEBIT,MORTGAGE EXPRESS      0016470530020637   DDR,
 ,03/07/2013,20-53-30 30728691,-145.46,DIRECTDEBIT,MORTGAGE EXPRESS      0015866140020637   DDR,
 ,02/07/2013,20-53-30 30728691,-263.8,DIRECTDEBIT,BHAM MIDSHIRES        020003973492/74851 DDR,
 ,01/07/2013,20-53-30 30728691,464,DIRECTDEP,BAKER & ELDER LIMI    LONDON F4 321      BGC,
 ,01/07/2013,20-53-30 30728691,456.4,DIRECTDEP,BAKER & ELDER LIMI    LONDON F3 321      BGC,
 ,01/07/2013,20-53-30 30728691,314,DIRECTDEP,BAKER & ELDER LIMI    ALHAMBRA F6 8      BGC,
 ,01/07/2013,20-53-30 30728691,464,DIRECTDEP,BAKER & ELDER LIMI    ALHAMBRA F18 4/6   BGC,
 ,01/07/2013,20-53-30 30728691,525,STO,STEPEK MP             FLAT 19 4/6 ALHAM  STO,
 ,01/07/2013,20-53-30 30728691,495,STO,MCCARDLE PM           21 4-6 ALHAMBRA RO STO,
 ,01/07/2013,20-53-30 30728691,-4.65,PAYMENT,ELIOR@EE              REF 179 0000000000 CLP,
 ,01/07/2013,20-53-30 30728691,-27.9,PAYMENT,PRESSED 4 TIME IRO    REF 181 0000000000 BCC,
 ,01/07/2013,20-53-30 30728691,-21.4,PAYMENT,WREST PARK            REF 182 0000000000 BCC,
 ,01/07/2013,20-53-30 30728691,-10.84,PAYMENT,MARSTON VALE SERVI    REF 181 0000000000 BCC,
 ,01/07/2013,20-53-30 30728691,-8.7,PAYMENT,WREST PARK            REF 182 0000000000 BCC,
 ,01/07/2013,20-53-30 30728691,-7.61,PAYMENT,NEW COUNTY SERVICE    REF 179 0000000000 BCC,
 ,01/07/2013,20-53-30 30728691,-400,REPEATPMT,F VALENTINO           RENT               STO,
 ,01/07/2013,20-53-30 30728691,-324.97,REPEATPMT,VALENTINO I    0   STO,
 ,01/07/2013,20-53-30 30728691,-312.08,REPEATPMT,ALHAMBRA ROAD MANA    209254 83672832    STO,
 ,01/07/2013,20-53-30 30728691,-261.35,REPEATPMT,ALHAMBRA ROAD MANA    209254 13686035    STO,
 ,01/07/2013,20-53-30 30728691,-261.35,REPEATPMT,ALHAMBRA ROAD MANA    209254 23534332    STO,
 ,01/07/2013,20-53-30 30728691,-196.79,REPEATPMT,M TUCKER              KINGSTON SHOP      STO,
 ,01/07/2013,20-53-30 30728691,-167.06,REPEATPMT,ALHAMBRA ROAD MANA    209254 93543692    STO,
 ,01/07/2013,20-53-30 30728691,-50,REPEATPMT,23 HAMPSHIRE TERRA    209254 13676978    STO,
 ,01/07/2013,20-53-30 30728691,-50,REPEATPMT,MATHEW TUCKER         MTUCKER            STO,
 ,01/07/2013,20-53-30 30728691,-129.28,DIRECTDEBIT,BHAM MIDSHIRES        731371/20002731371 DDR,
 ,01/07/2013,20-53-30 30728691,-38,DIRECTDEBIT,SOUTHERN ELECTRIC     688276601          DDR,
 ,01/07/2013,20-53-30 30728691,-522.3,DIRECTDEBIT,NRAM                  24935234           DDR,
 ,01/07/2013,20-53-30 30728691,-186.14,DIRECTDEBIT,MORTGAGE EXPRESS      2007093270020635   DDR,
 ,01/07/2013,20-53-30 30728691,-9,DIRECTDEBIT,SOUTHERN ELECTRIC     141011701          DDR,
 ,01/07/2013,20-53-30 30728691,-200.74,DIRECTDEBIT,PLATFORM FUNDING      01050230313307     DDR,
 ,01/07/2013,20-53-30 30728691,-217.96,DIRECTDEBIT,PLATFORM FUNDING      01050229961090     DDR,
 ,01/07/2013,20-53-30 30728691,-217.96,DIRECTDEBIT,PLATFORM FUNDING      01050229961082     DDR,
 ,01/07/2013,20-53-30 30728691,-219.74,DIRECTDEBIT,PLATFORM FUNDING      01050228964703     DDR,
 ,01/07/2013,20-53-30 30728691,-956.16,DIRECTDEBIT,THE BEDFORD CHARIT    TUCKM /PVALS       DDR,
 ,01/07/2013,20-53-30 30728691,-367.26,DIRECTDEBIT,MORTGAGE EXPRESS      MEC00005/480016104 DDR,
 ,01/07/2013,20-53-30 30728691,-110,DIRECTDEBIT,AUBURN SEC 6          CHL00002/907372200 DDR,
 ,01/07/2013,20-53-30 30728691,-110,DIRECTDEBIT,AUBURN SEC 6          CHL00002/907371904 DDR,
 ,01/07/2013,20-53-30 30728691,-375.68,DIRECTDEBIT,AMBER HOMELOANS       AHG00001/480441702 DDR,
