Number,Date,Account,Amount,Subcategory,Memo,
 ,02/06/2014,20-53-30 30728691,404,DIRECTDEP,Baker & Elder Limi    ALHAMBRA F22 4/6   BGC,
 ,02/06/2014,20-53-30 30728691,525,STO,STEPEK MP             FLAT 19 4/6 ALHAM  STO,
 ,02/06/2014,20-53-30 30728691,495,STO,MCCARDLE PM           21 4-6 ALHAMBRA RO STO,
 ,02/06/2014,20-53-30 30728691,-465,REPEATPMT,ALHAMBRA ROAD MANA    209254 83672832    STO,
 ,02/06/2014,20-53-30 30728691,-324.97,REPEATPMT,VALENTINO I    0   STO,
 ,02/06/2014,20-53-30 30728691,-320,REPEATPMT,ALHAMBRA ROAD MANA    209254 13686035    STO,
 ,02/06/2014,20-53-30 30728691,-315,REPEATPMT,ALHAMBRA ROAD MANA    209254 23534332    STO,
 ,02/06/2014,20-53-30 30728691,-196.79,REPEATPMT,M TUCKER              KINGSTON SHOP      STO,
 ,02/06/2014,20-53-30 30728691,-50,REPEATPMT,NATIONWIDE            0604/229172770     STO,
 ,02/06/2014,20-53-30 30728691,-50,REPEATPMT,23 HAMPSHIRE TERRA    209254 13676978    STO,
 ,02/06/2014,20-53-30 30728691,-50,REPEATPMT,MATHEW TUCKER         MTUCKER            STO,
 ,02/06/2014,20-53-30 30728691,-39,DIRECTDEBIT,SOUTHERN ELECTRIC     688276601          DDR,
 ,02/06/2014,20-53-30 30728691,-522.3,DIRECTDEBIT,NRAM                  24935234           DDR,
 ,02/06/2014,20-53-30 30728691,-186.14,DIRECTDEBIT,MORTGAGE EXPRESS      2007093270020971   DDR,
 ,02/06/2014,20-53-30 30728691,-1,DIRECTDEBIT,SOUTHERN ELECTRIC     141011701          DDR,
 ,02/06/2014,20-53-30 30728691,-263.8,DIRECTDEBIT,BHAM MIDSHIRES        020003973492/74851 DDR,
 ,02/06/2014,20-53-30 30728691,-37.95,DIRECTDEBIT,LEGAL & GEN MI C/L    011439921-5        DDR,
 ,02/06/2014,20-53-30 30728691,-200.74,DIRECTDEBIT,PLATFORM FUNDING      01050230313307     DDR,
 ,02/06/2014,20-53-30 30728691,-217.96,DIRECTDEBIT,PLATFORM FUNDING      01050229961090     DDR,
 ,02/06/2014,20-53-30 30728691,-217.96,DIRECTDEBIT,PLATFORM FUNDING      01050229961082     DDR,
 ,02/06/2014,20-53-30 30728691,-219.74,DIRECTDEBIT,PLATFORM FUNDING      01050228964703     DDR,
 ,02/06/2014,20-53-30 30728691,-1028.83,DIRECTDEBIT,THE HARPUR TRUST      TUCKM /PVALS       DDR,
 ,02/06/2014,20-53-30 30728691,-935,DIRECTDEBIT,THE HARPUR TRUST      TUCKM /PVALR       DDR,
 ,02/06/2014,20-53-30 30728691,-64.38,DIRECTDEBIT,EE & T-MOBILE         Q13077400454108192 DDR,
 ,02/06/2014,20-53-30 30728691,-367.26,DIRECTDEBIT,MORTGAGE EXPRESS      MEC00005/480016104 DDR,
 ,02/06/2014,20-53-30 30728691,-110,DIRECTDEBIT,AUBURN SEC 6          CHL00002/907372200 DDR,
 ,02/06/2014,20-53-30 30728691,-110,DIRECTDEBIT,AUBURN SEC 6          CHL00002/907371904 DDR,
 ,02/06/2014,20-53-30 30728691,-375.68,DIRECTDEBIT,AMBER HOMELOANS       AHG00001/480441702 DDR,
 ,03/06/2014,20-53-30 30728691,556.8,DIRECTDEP,Baker & Elder Limi    HAMPSHIRE TER 23B  BGC,
 ,03/06/2014,20-53-30 30728691,-38.95,PAYMENT,WWW.JOHNLEWIS.COM     ON 31 MAY          BCC,
 ,03/06/2014,20-53-30 30728691,-228.81,DIRECTDEBIT,MORTGAGE EXPRESS      2016485220020972   DDR,
 ,03/06/2014,20-53-30 30728691,-187.95,DIRECTDEBIT,MORTGAGE EXPRESS      2016485130020972   DDR,
 ,03/06/2014,20-53-30 30728691,-212.45,DIRECTDEBIT,MORTGAGE EXPRESS      2016485040020972   DDR,
 ,03/06/2014,20-53-30 30728691,-234.85,DIRECTDEBIT,MORTGAGE EXPRESS      2007545250020972   DDR,
 ,03/06/2014,20-53-30 30728691,-226.76,DIRECTDEBIT,MORTGAGE EXPRESS      2007107760020972   DDR,
 ,03/06/2014,20-53-30 30728691,-186.23,DIRECTDEBIT,MORTGAGE EXPRESS      2007093450020972   DDR,
 ,03/06/2014,20-53-30 30728691,-226.6,DIRECTDEBIT,MORTGAGE EXPRESS      2007093360020972   DDR,
 ,03/06/2014,20-53-30 30728691,-186.1,DIRECTDEBIT,MORTGAGE EXPRESS      2006372640020972   DDR,
 ,03/06/2014,20-53-30 30728691,-143.54,DIRECTDEBIT,MORTGAGE EXPRESS      0019966240020972   DDR,
 ,03/06/2014,20-53-30 30728691,-159.32,DIRECTDEBIT,MORTGAGE EXPRESS      0018724700020972   DDR,
 ,03/06/2014,20-53-30 30728691,-159.35,DIRECTDEBIT,MORTGAGE EXPRESS      0017031550020972   DDR,
 ,03/06/2014,20-53-30 30728691,-152.33,DIRECTDEBIT,MORTGAGE EXPRESS      0016470530020972   DDR,
 ,03/06/2014,20-53-30 30728691,-145.46,DIRECTDEBIT,MORTGAGE EXPRESS      0015866140020972   DDR,
 ,04/06/2014,20-53-30 30728691,-75,REPEATPMT,KINGSTON UNITY        PL684048A VALENTNO STO,
 ,04/06/2014,20-53-30 30728691,-75,DIRECTDEBIT,SHEPHERDS FS          PN026484A          DDR,
 ,05/06/2014,20-53-30 30728691,464,STO,BAKER & ELDER LIMI    ALHAMBRA F22 4/6   STO,
 ,05/06/2014,20-53-30 30728691,-0.15,PAYMENT,Amazon Web Service    USA                   ,
 ,05/06/2014,20-53-30 30728691,-81.51,DIRECTDEBIT,BHAM MIDSHIRES        251387/20011251387 DDR,
 ,06/06/2014,20-53-30 30728691,425,STO,NWOSU O          C    FLAT 7 8 ALHAMBRA  STO,
 ,06/06/2014,20-53-30 30728691,464,DIRECTDEP,BAKER & ELDER LIMI    ALHAMBRA F16 12/14 BGC,
 ,06/06/2014,20-53-30 30728691,464,DIRECTDEP,BAKER & ELDER LIMI    ALHAMBRA F13 16/18 BGC,
100085,06/06/2014,20-53-30 30728691,-65,CHQ,100085,
 ,09/06/2014,20-53-30 30728691,402.92,DIRECTDEP,BAKER & ELDER LIMI    FAWCETT F1 171     BGC,
 ,09/06/2014,20-53-30 30728691,464,DIRECTDEP,BAKER & ELDER LIMI    ALHAMBRA F8 8/10   BGC,
 ,09/06/2014,20-53-30 30728691,464,DIRECTDEP,BAKER & ELDER LIMI    ALHAMBRA F14 12/14 BGC,
 ,09/06/2014,20-53-30 30728691,-19.95,DIRECTDEBIT,BHAM MIDSHIRES        556389/20010556389 DDR,
 ,09/06/2014,20-53-30 30728691,-218.68,DIRECTDEBIT,BHAM MIDSHIRES        020007900597/89565 DDR,
 ,10/06/2014,20-53-30 30728691,475,STO,YACOUB B              17 4-6 ALHAMBRA RO STO,
 ,10/06/2014,20-53-30 30728691,-1088,PAYMENT,CP WOBURN, ECOM       ON 09 JUN          BCC
 ,10/06/2014,20-53-30 30728691,-82.61,DIRECTDEBIT,BHAM MIDSHIRES        309942/20009309942 DDR,
 ,11/06/2014,20-53-30 30728691,426.88,DIRECTDEP,BAKER & ELDER LIMI    KINGSTON 196A      BGC,
 ,11/06/2014,20-53-30 30728691,464,DIRECTDEP,BAKER & ELDER LIMI    ALHAMBRA F7 16/18  BGC,
 ,11/06/2014,20-53-30 30728691,464,DIRECTDEP,BAKER & ELDER LIMI    ALHAMBRA F6 8      BGC,
 ,11/06/2014,20-53-30 30728691,556.8,DIRECTDEP,BAKER & ELDER LIMI    ALHAMBRA F23 4/6   BGC,
 ,11/06/2014,20-53-30 30728691,464,DIRECTDEP,Baker & Elder Limi    FAWCETT F3 171     BGC,
 ,11/06/2014,20-53-30 30728691,-18.34,PAYMENT,Amazon EU             LUXEMBOURG            ,
 ,12/06/2014,20-53-30 30728691,278.4,DIRECTDEP,BAKER & ELDER LIMI    KINGSTON SHOP      BGC,
 ,12/06/2014,20-53-30 30728691,464,DIRECTDEP,BAKER & ELDER LIMI    ALHAMBRA F6 16/18  BGC,
 ,12/06/2014,20-53-30 30728691,-3.94,PAYMENT,Amazon *Mktplce EU    LUXEMBOURG            ,
 ,12/06/2014,20-53-30 30728691,-140.07,DIRECTDEBIT,BHAM MIDSHIRES        389757/20000389757 DDR,
 ,12/06/2014,20-53-30 30728691,-37.68,DIRECTDEBIT,FRIENDS LIFE DD       014033997/781      DDR,
 ,12/06/2014,20-53-30 30728691,-79.31,DIRECTDEBIT,EE & T-MOBILE         Q20664165455990113 DDR,
 ,13/06/2014,20-53-30 30728691,355.1,DIRECTDEP,BAKER & ELDER LIMI    FRATTON F3 163     BGC,
 ,13/06/2014,20-53-30 30728691,464,DIRECTDEP,BAKER & ELDER LIMI    FAWCETT F2 171     BGC,
 ,13/06/2014,20-53-30 30728691,361,DIRECTDEP,BAKER & ELDER LIMI    FAWCETT F2 169     BGC,
 ,13/06/2014,20-53-30 30728691,459.36,DIRECTDEP,BAKER & ELDER LIMI    ALHAMBRA F16 16/18 BGC,
100086,13/06/2014,20-53-30 30728691,-65,CHQ,100086,
 ,16/06/2014,20-53-30 30728691,464,DIRECTDEP,BAKER & ELDER LIMI    FAWCETT F3 169     BGC,
 ,16/06/2014,20-53-30 30728691,510.4,DIRECTDEP,Baker & Elder Limi    LONDON F3 321      BGC,
 ,16/06/2014,20-53-30 30728691,-500,FT ,207409 40406538       MOBILE-CHANNEL     FT ,
 ,16/06/2014,20-53-30 30728691,-1303.36,PAYMENT,PAYPAL *RC LEGENDS    LUXEMBOURG            ,
 ,16/06/2014,20-53-30 30728691,-11.04,PAYMENT,Amazon EU             LUXEMBOURG            ,
 ,16/06/2014,20-53-30 30728691,-14.67,DIRECTDEBIT,BHAM MIDSHIRES        557032/20010557032 DDR,
 ,16/06/2014,20-53-30 30728691,-186.11,DIRECTDEBIT,MORTGAGE EXPRESS      2008784100020985   DDR,
 ,16/06/2014,20-53-30 30728691,-192.58,DIRECTDEBIT,MORTGAGE EXPRESS      2007664780020985   DDR,
 ,16/06/2014,20-53-30 30728691,-192.58,DIRECTDEBIT,MORTGAGE EXPRESS      2007545340020985   DDR,
 ,16/06/2014,20-53-30 30728691,-186.12,DIRECTDEBIT,MORTGAGE EXPRESS      2007544710020985   DDR,
 ,16/06/2014,20-53-30 30728691,-186.09,DIRECTDEBIT,MORTGAGE EXPRESS      2007107670020985   DDR,
 ,16/06/2014,20-53-30 30728691,-186.13,DIRECTDEBIT,MORTGAGE EXPRESS      2006332310020985   DDR,
 ,16/06/2014,20-53-30 30728691,-186.11,DIRECTDEBIT,MORTGAGE EXPRESS      2005787290020985   DDR,
 ,16/06/2014,20-53-30 30728691,-190.58,DIRECTDEBIT,BHAM MIDSHIRES        110676/20004110676 DDR,
 ,16/06/2014,20-53-30 30728691,-219.67,DIRECTDEBIT,PLATFORM FUNDING      01050228979115     DDR,
 ,16/06/2014,20-53-30 30728691,-184.76,DIRECTDEBIT,PLATFORM FUNDING      01050228957685     DDR,
 ,16/06/2014,20-53-30 30728691,-184.76,DIRECTDEBIT,PLATFORM FUNDING      01050228957650     DDR,
 ,17/06/2014,20-53-30 30728691,454.8,DIRECTDEP,Baker & Elder Limi    KINGSTON 196B      BGC,
 ,17/06/2014,20-53-30 30728691,-99,DIRECTDEBIT,MBFIN  S0CX56VSP02    S0CX56VSP027456133 DDR,
 ,18/06/2014,20-53-30 30728691,-25,PAYMENT,HCAINTERNATIONAL.C    ON 17 JUN          BCC,
 ,18/06/2014,20-53-30 30728691,-145.06,DIRECTDEBIT,BHAM MIDSHIRES        649652/20003649652 DDR,
 ,19/06/2014,20-53-30 30728691,326.56,DIRECTDEP,BAKER & ELDER LIMI    FRATTON F4 163     BGC,
 ,19/06/2014,20-53-30 30728691,248,DIRECTDEP,BAKER & ELDER LIMI    FAWCETT F1 169     BGC,
 ,19/06/2014,20-53-30 30728691,454.72,DIRECTDEP,BAKER & ELDER LIMI    ALHAMBRA F5 8/10   BGC,
 ,20/06/2014,20-53-30 30728691,-1845,PAYMENT,BAKER AND ELDER L     MTUCKER-MAY14      BBP,
 ,20/06/2014,20-53-30 30728691,-725,PAYMENT,BAKER AND ELDER L     MTUCKER-APR14      BBP,
 ,20/06/2014,20-53-30 30728691,-450,FT ,207409 40406538       MOBILE-CHANNEL     FT ,
 ,23/06/2014,20-53-30 30728691,464,DIRECTDEP,BAKER & ELDER LIMI    ALHAMBRA F3 16/18  BGC,
 ,23/06/2014,20-53-30 30728691,519.68,DIRECTDEP,BAKER & ELDER LIMI    ALHAMBRA F20 4/6   BGC,
 ,23/06/2014,20-53-30 30728691,464,DIRECTDEP,BAKER & ELDER LIMI    ALHAMBRA F12 16/18 BGC,
 ,23/06/2014,20-53-30 30728691,464,DIRECTDEP,BAKER & ELDER LIMI    ALHAMBRA F10 12/14 BGC,
 ,23/06/2014,20-53-30 30728691,-44,PAYMENT,CP WOBURN, ECOM       ON 20 JUN          BCC
 ,23/06/2014,20-53-30 30728691,-183.94,DIRECTDEBIT,BHAM MIDSHIRES        882432/20007882432 DDR,
 ,23/06/2014,20-53-30 30728691,-43,DIRECTDEBIT,SKY DIGITAL           00620054164228     DDR,
 ,25/06/2014,20-53-30 30728691,464,DIRECTDEP,BAKER & ELDER LIMI    LONDON F2 321      BGC,
 ,25/06/2014,20-53-30 30728691,464,DIRECTDEP,BAKER & ELDER LIMI    LONDON F1 321      BGC,
 ,25/06/2014,20-53-30 30728691,409.72,DIRECTDEP,BAKER & ELDER LIMI    ALHAMBRAF5 12/14   BGC,
 ,25/06/2014,20-53-30 30728691,464,DIRECTDEP,BAKER & ELDER LIMI    ALHAMBRA F4 12/14  BGC,
 ,25/06/2014,20-53-30 30728691,519.68,DIRECTDEP,BAKER & ELDER LIMI    ALHAMBRA F1 16/18  BGC,
 ,25/06/2014,20-53-30 30728691,464,DIRECTDEP,BAKER & ELDER LIMI    ALHAMBRA F11 16/18 BGC,
 ,25/06/2014,20-53-30 30728691,-519.5,REPEATPMT,G& F VALENTINO        MTUCKER            STO,
 ,26/06/2014,20-53-30 30728691,326,DIRECTDEP,BAKER & ELDER LIMI    ALHAMBRA F3 12/14  BGC,
 ,27/06/2014,20-53-30 30728691,122,DIRECTDEP,BAKER & ELDER LIMI    LONDON F4 321      BGC,
 ,27/06/2014,20-53-30 30728691,464,DIRECTDEP,BAKER & ELDER LIMI    ALHAMBRA F18 4/6   BGC,
 ,27/06/2014,20-53-30 30728691,-1200,REPEATPMT,MR MATTHEW STUART     207409 40406538    STO,
 ,27/06/2014,20-53-30 30728691,-19.45,DIRECTDEBIT,TALKTALK LIMITED      5008130512 6290963 DDR,
 ,30/06/2014,20-53-30 30728691,663,STO,BUGISIW LIMITED       BUGISIWLTD         STO,
 ,30/06/2014,20-53-30 30728691,-400,REPEATPMT,F VALENTINO           RENT               STO,
 ,30/06/2014,20-53-30 30728691,-129.28,DIRECTDEBIT,BHAM MIDSHIRES        731371/20002731371 DDR,
 ,30/06/2014,20-53-30 30728691,-185.8,DIRECTDEBIT,MORTGAGE TRUST        002197389 10189470 DDR,
 ,30/06/2014,20-53-30 30728691,-191.4,DIRECTDEBIT,MORTGAGE TRUST        002186357 10189470 DDR,
 ,30/06/2014,20-53-30 30728691,-191.4,DIRECTDEBIT,MORTGAGE TRUST        002186356 10189470 DDR,
 ,30/06/2014,20-53-30 30728691,-191.4,DIRECTDEBIT,MORTGAGE TRUST        002186317 10189470 DDR,
 ,30/06/2014,20-53-30 30728691,-33,DIRECTDEBIT,BOOTS REWARDSCHEME    A45028400000736       ,
