Number,Date,Account,Amount,Subcategory,Memo,,,,,
 ,01/06/2015,20-53-30 30728691,519.68,DIRECTDEP,BAKER & ELDER LIMI    ALHAMBRA F20 4/6   BGC,,,,,
 ,01/06/2015,20-53-30 30728691,525,STO,STEPEK MP             FLAT 19 4/6 ALHAM  STO,,,,,
 ,01/06/2015,20-53-30 30728691,-465,REPEATPMT,ALHAMBRA ROAD MANA    209254 83672832    STO,,,,,
 ,01/06/2015,20-53-30 30728691,-320,REPEATPMT,ALHAMBRA ROAD MANA    209254 13686035    STO,,,,,
 ,01/06/2015,20-53-30 30728691,-315,REPEATPMT,ALHAMBRA ROAD MANA    209254 23534332    STO,,,,,
 ,01/06/2015,20-53-30 30728691,-196.79,REPEATPMT,M TUCKER              KINGSTON SHOP      STO,,,,,
 ,01/06/2015,20-53-30 30728691,-50,REPEATPMT,NATIONWIDE            0604/229172770     STO,,,,,
 ,01/06/2015,20-53-30 30728691,-50,REPEATPMT,23 HAMPSHIRE TERRA    209254 13676978    STO,,,,,
 ,01/06/2015,20-53-30 30728691,-50,REPEATPMT,MATHEW TUCKER         MTUCKER            STO,,,,,
 ,01/06/2015,20-53-30 30728691,-522.3,DIRECTDEBIT,NRAM                  24935234           DDR,,,,,
 ,01/06/2015,20-53-30 30728691,-186.14,DIRECTDEBIT,MORTGAGE EXPRESS      2007093270021335   DDR,,,,,
 ,01/06/2015,20-53-30 30728691,-9,DIRECTDEBIT,SOUTHERN ELECTRIC     141011701          DDR,,,,,
 ,01/06/2015,20-53-30 30728691,-200.74,DIRECTDEBIT,PLATFORM FUNDING      01050230313307     DDR,,,,,
 ,01/06/2015,20-53-30 30728691,-217.96,DIRECTDEBIT,PLATFORM FUNDING      01050229961090     DDR,,,,,
 ,01/06/2015,20-53-30 30728691,-217.96,DIRECTDEBIT,PLATFORM FUNDING      01050229961082     DDR,,,,,
 ,01/06/2015,20-53-30 30728691,-219.74,DIRECTDEBIT,PLATFORM FUNDING      01050228964703     DDR,,,,,
 ,01/06/2015,20-53-30 30728691,-51.13,DIRECTDEBIT,EE & T-MOBILE         Q13077400527573404 DDR,,,,,
 ,01/06/2015,20-53-30 30728691,-367.26,DIRECTDEBIT,MORTGAGE EXPRESS      MEC00005/480016104 DDR,,,,,
 ,01/06/2015,20-53-30 30728691,-110,DIRECTDEBIT,AUBURN SEC 6          CHL00002/907372200 DDR,,,,,
 ,01/06/2015,20-53-30 30728691,-110,DIRECTDEBIT,AUBURN SEC 6          CHL00002/907371904 DDR,,,,,
 ,01/06/2015,20-53-30 30728691,-375.68,DIRECTDEBIT,AMBER HOMELOANS       AHG00001/480441702 DDR,,,,,
 ,01/06/2015,20-53-30 30728691,-1055.13,DIRECTDEBIT,THE HARPUR TRUST      TUCKMS/GVALS1         ,,,,,
 ,01/06/2015,20-53-30 30728691,-992.33,DIRECTDEBIT,THE HARPUR TRUST      TUCKM/PVALR           ,,,,,
 ,02/06/2015,20-53-30 30728691,-263.8,DIRECTDEBIT,BHAM MIDSHIRES        020003973492/74851 DDR,,,,,
 ,02/06/2015,20-53-30 30728691,-37.95,DIRECTDEBIT,LEGAL & GEN MI C/L    011439921-5        DDR,,,,,
 ,03/06/2015,20-53-30 30728691,464,DIRECTDEP,BAKER & ELDER LIMI    LONDON F4 321      BGC,,,,,
 ,03/06/2015,20-53-30 30728691,1113.6,DIRECTDEP,BAKER & ELDER LIMI    KINGSTON 196B      BGC,,,,,
 ,03/06/2015,20-53-30 30728691,464,DIRECTDEP,BAKER & ELDER LIMI    FAWCETT F1 169     BGC,,,,,
 ,03/06/2015,20-53-30 30728691,951.2,DIRECTDEP,BAKER & ELDER LIMI    ALHAM F18&21 4/6   BGC,,,,,
 ,03/06/2015,20-53-30 30728691,-420,PAYMENT,TIM KEMP              M TUCKER           BBP,,,,,
 ,03/06/2015,20-53-30 30728691,-228.81,DIRECTDEBIT,MORTGAGE EXPRESS      2016485220021337   DDR,,,,,
 ,03/06/2015,20-53-30 30728691,-187.95,DIRECTDEBIT,MORTGAGE EXPRESS      2016485130021337   DDR,,,,,
 ,03/06/2015,20-53-30 30728691,-212.45,DIRECTDEBIT,MORTGAGE EXPRESS      2016485040021337   DDR,,,,,
 ,03/06/2015,20-53-30 30728691,-234.85,DIRECTDEBIT,MORTGAGE EXPRESS      2007545250021337   DDR,,,,,
 ,03/06/2015,20-53-30 30728691,-226.76,DIRECTDEBIT,MORTGAGE EXPRESS      2007107760021337   DDR,,,,,
 ,03/06/2015,20-53-30 30728691,-186.23,DIRECTDEBIT,MORTGAGE EXPRESS      2007093450021337   DDR,,,,,
 ,03/06/2015,20-53-30 30728691,-226.6,DIRECTDEBIT,MORTGAGE EXPRESS      2007093360021337   DDR,,,,,
 ,03/06/2015,20-53-30 30728691,-186.1,DIRECTDEBIT,MORTGAGE EXPRESS      2006372640021337   DDR,,,,,
 ,03/06/2015,20-53-30 30728691,-143.54,DIRECTDEBIT,MORTGAGE EXPRESS      0019966240021337   DDR,,,,,
 ,03/06/2015,20-53-30 30728691,-159.32,DIRECTDEBIT,MORTGAGE EXPRESS      0018724700021337   DDR,,,,,
 ,03/06/2015,20-53-30 30728691,-159.35,DIRECTDEBIT,MORTGAGE EXPRESS      0017031550021337   DDR,,,,,
 ,03/06/2015,20-53-30 30728691,-152.33,DIRECTDEBIT,MORTGAGE EXPRESS      0016470530021337   DDR,,,,,
 ,03/06/2015,20-53-30 30728691,-145.46,DIRECTDEBIT,MORTGAGE EXPRESS      0015866140021337   DDR,,,,,
 ,04/06/2015,20-53-30 30728691,-75,REPEATPMT,KINGSTON UNITY        PL684048A VALENTNO STO,,,,,
 ,04/06/2015,20-53-30 30728691,-75,DIRECTDEBIT,SHEPHERDS FS          PN026484A          DDR,,,,,
 ,05/06/2015,20-53-30 30728691,425,STO,NWOSU O          C    FLAT 7 8 ALHAMBRA  STO,,,,,
 ,05/06/2015,20-53-30 30728691,459.36,DIRECTDEP,BAKER & ELDER LIMI    FRATTON F2 163     BGC,,,,,
 ,05/06/2015,20-53-30 30728691,464,DIRECTDEP,BAKER & ELDER LIMI    FAWCETT F2 171     BGC,,,,,
 ,05/06/2015,20-53-30 30728691,464,DIRECTDEP,BAKER & ELDER LIMI    ALHAMBRA F13 16/18 BGC,,,,,
 ,05/06/2015,20-53-30 30728691,-81.51,DIRECTDEBIT,BHAM MIDSHIRES        251387/20011251387 DDR,,,,,
 ,08/06/2015,20-53-30 30728691,464,DIRECTDEP,BAKER & ELDER LIMI    ALHAMBRA F22 4/6   BGC,,,,,
 ,08/06/2015,20-53-30 30728691,-218.68,DIRECTDEBIT,BHAM MIDSHIRES        020007900597/89565 DDR,,,,,
 ,09/06/2015,20-53-30 30728691,603.2,DIRECTDEP,BAKER & ELDER LIMI    ALHAMBRA F1 16/18  BGC,,,,,
 ,09/06/2015,20-53-30 30728691,928,DIRECTDEP,Baker & Elder Limi    ALHAMBRA F4 12/14  BGC,,,,,
 ,09/06/2015,20-53-30 30728691,-19.95,DIRECTDEBIT,BHAM MIDSHIRES        556389/20010556389 DDR,,,,,
 ,10/06/2015,20-53-30 30728691,468.24,DIRECTDEP,BAKER & ELDER LIMI    FAWCETT F1 171     BGC,,,,,
 ,10/06/2015,20-53-30 30728691,464,DIRECTDEP,BAKER & ELDER LIMI    ALHAMBRA F14 12/14 BGC,,,,,
 ,10/06/2015,20-53-30 30728691,-82.61,DIRECTDEBIT,BHAM MIDSHIRES        309942/20009309942 DDR,,,,,
 ,12/06/2015,20-53-30 30728691,603.2,DIRECTDEP,BAKER & ELDER LIMI    HAMP TERR 23C      BGC,,,,,
 ,12/06/2015,20-53-30 30728691,464,DIRECTDEP,BAKER & ELDER LIMI    FAWCETT F3 171     BGC,,,,,
 ,12/06/2015,20-53-30 30728691,464,DIRECTDEP,BAKER & ELDER LIMI    ALHAMBRA F7 16/18  BGC,,,,,
 ,12/06/2015,20-53-30 30728691,464,DIRECTDEP,BAKER & ELDER LIMI    ALHAMBRA F6 8      BGC,,,,,
 ,12/06/2015,20-53-30 30728691,-140.07,DIRECTDEBIT,BHAM MIDSHIRES        389757/20000389757 DDR,,,,,
 ,12/06/2015,20-53-30 30728691,-37.68,DIRECTDEBIT,FRIENDS LIFE DD       014033997/031      DDR,,,,,
 ,12/06/2015,20-53-30 30728691,-77.38,DIRECTDEBIT,EE & T-MOBILE         Q20664165529873615 DDR,,,,,
 ,15/06/2015,20-53-30 30728691,-186.11,DIRECTDEBIT,MORTGAGE EXPRESS      2008784100021349   DDR,,,,,
 ,15/06/2015,20-53-30 30728691,-192.58,DIRECTDEBIT,MORTGAGE EXPRESS      2007664780021349   DDR,,,,,
 ,15/06/2015,20-53-30 30728691,-192.58,DIRECTDEBIT,MORTGAGE EXPRESS      2007545340021349   DDR,,,,,
 ,15/06/2015,20-53-30 30728691,-186.12,DIRECTDEBIT,MORTGAGE EXPRESS      2007544710021349   DDR,,,,,
 ,15/06/2015,20-53-30 30728691,-186.09,DIRECTDEBIT,MORTGAGE EXPRESS      2007107670021349   DDR,,,,,
 ,15/06/2015,20-53-30 30728691,-186.13,DIRECTDEBIT,MORTGAGE EXPRESS      2006332310021349   DDR,,,,,
 ,15/06/2015,20-53-30 30728691,-186.11,DIRECTDEBIT,MORTGAGE EXPRESS      2005787290021349   DDR,,,,,
 ,15/06/2015,20-53-30 30728691,-219.67,DIRECTDEBIT,PLATFORM FUNDING      01050228979115     DDR,,,,,
 ,15/06/2015,20-53-30 30728691,-184.76,DIRECTDEBIT,PLATFORM FUNDING      01050228957685     DDR,,,,,
 ,15/06/2015,20-53-30 30728691,-184.76,DIRECTDEBIT,PLATFORM FUNDING      01050228957650     DDR,,,,,
 ,15/06/2015,20-53-30 30728691,-44.99,DIRECTDEBIT,BT GROUP PLC          GB14092007-000009  DDR,,,,,
 ,16/06/2015,20-53-30 30728691,324.8,DIRECTDEP,BAKER & ELDER LIMI    KINGSTON SHOP 196  BGC,,,,,
 ,16/06/2015,20-53-30 30728691,414,DIRECTDEP,BAKER & ELDER LIMI    FAWCETT F2 169     BGC,,,,,
 ,16/06/2015,20-53-30 30728691,923.36,DIRECTDEP,BAKER & ELDER LIMI    ALHAM F6/F16 16/18 BGC,,,,,
 ,16/06/2015,20-53-30 30728691,955.84,DIRECTDEP,BAKER & ELDER LIMI    ALHAMBRA F17 4/6   BGC,,,,,
 ,16/06/2015,20-53-30 30728691,-14.67,DIRECTDEBIT,BHAM MIDSHIRES        557032/20010557032 DDR,,,,,
 ,16/06/2015,20-53-30 30728691,-190.58,DIRECTDEBIT,BHAM MIDSHIRES        110676/20004110676 DDR,,,,,
 ,18/06/2015,20-53-30 30728691,417.6,DIRECTDEP,BAKER & ELDER LIMI    FRATTON F3 163     BGC,,,,,
 ,18/06/2015,20-53-30 30728691,464,DIRECTDEP,BAKER & ELDER LIMI    FAWCETT F3 169     BGC,,,,,
 ,18/06/2015,20-53-30 30728691,464,DIRECTDEP,BAKER & ELDER LIMI    ALHAMBRA F7 12/14  BGC,,,,,
 ,18/06/2015,20-53-30 30728691,-700,FT ,207409 40406538       MOBILE-CHANNEL     FT ,,,,,
 ,18/06/2015,20-53-30 30728691,-145.06,DIRECTDEBIT,BHAM MIDSHIRES        649652/20003649652 DDR,,,,,
 ,19/06/2015,20-53-30 30728691,7,BCC,TESCO STORE 2105      ON 18 JUN          BCC,,,,,
 ,19/06/2015,20-53-30 30728691,510.4,DIRECTDEP,BAKER & ELDER LIMI    LONDON F3 321      BGC,,,,,
 ,19/06/2015,20-53-30 30728691,286.56,DIRECTDEP,BAKER & ELDER LIMI    FRATTON F4 163     BGC,,,,,
 ,19/06/2015,20-53-30 30728691,454.72,DIRECTDEP,BAKER & ELDER LIMI    ALHAMBRA F5 8      BGC,,,,,
 ,19/06/2015,20-53-30 30728691,-201.83,PAYMENT,TESCO STORE 2105      ON 18 JUN          BCC,,,,,
 ,22/06/2015,20-53-30 30728691,464,DIRECTDEP,Baker & Elder Limi    ALHAMBRA F3 16/18  BGC,,,,,
 ,22/06/2015,20-53-30 30728691,-183.94,DIRECTDEBIT,BHAM MIDSHIRES        882432/20007882432 DDR,,,,,
 ,23/06/2015,20-53-30 30728691,-47,DIRECTDEBIT,SKY DIGITAL           00620054164228     DDR,,,,,
 ,24/06/2015,20-53-30 30728691,464,DIRECTDEP,BAKER & ELDER LIMI    ALHAMBRA F16 12/14 BGC,,,,,
 ,24/06/2015,20-53-30 30728691,464,DIRECTDEP,BAKER & ELDER LIMI    ALHAMBRA F12 16/18 BGC,,,,,
 ,24/06/2015,20-53-30 30728691,464,DIRECTDEP,BAKER & ELDER LIMI    ALHAMBRA F11 12/14 BGC,,,,,
 ,24/06/2015,20-53-30 30728691,464,DIRECTDEP,BAKER & ELDER LIMI    ALHAMBRA F10 12/1  BGC,,,,,
 ,24/06/2015,20-53-30 30728691,519.68,DIRECTDEP,Baker & Elder Limi    ALHAMBRA F20 4/6   BGC,,,,,
 ,25/06/2015,20-53-30 30728691,464,DIRECTDEP,BAKER & ELDER LIMI    LONDON F2 321      BGC,,,,,
 ,25/06/2015,20-53-30 30728691,464,DIRECTDEP,BAKER & ELDER LIMI    LONDON F1 321      BGC,,,,,
 ,25/06/2015,20-53-30 30728691,454.72,DIRECTDEP,BAKER & ELDER LIMI    ALHAMBRA F5 12/14  BGC,,,,,
 ,25/06/2015,20-53-30 30728691,-519.5,REPEATPMT,G& F VALENTINO        MTUCKER            STO,,,,,
 ,26/06/2015,20-53-30 30728691,326,DIRECTDEP,Baker & Elder Limi    ALHAMBRA F3 12/14  BGC,,,,,
 ,29/06/2015,20-53-30 30728691,-134.5,PAYMENT,TESCO STORE 2105      ON 26 JUN          BCC,,,,,
 ,29/06/2015,20-53-30 30728691,-1200,REPEATPMT,MR MATTHEW STUART     207409 40406538    STO,,,,,
 ,29/06/2015,20-53-30 30728691,-400,REPEATPMT,F VALENTINO           RENT               STO,,,,,
 ,29/06/2015,20-53-30 30728691,-129.28,DIRECTDEBIT,BHAM MIDSHIRES        731371/20002731371 DDR,,,,,
 ,29/06/2015,20-53-30 30728691,-33,DIRECTDEBIT,BOOTS REWARDSCHEME    A45028400000736    DDR,,,,,
 ,30/06/2015,20-53-30 30728691,464,DIRECTDEP,BAKER & ELDER LIMI    LONDON RD F4 321   BGC,,,,,
 ,30/06/2015,20-53-30 30728691,487.2,DIRECTDEP,BAKER & ELDER LIMI    ALHAMBRA F21 4/6   BGC,,,,,
 ,30/06/2015,20-53-30 30728691,464,DIRECTDEP,BAKER & ELDER LIMI    ALHAMBRA F18 4/6   BGC,,,,,
 ,30/06/2015,20-53-30 30728691,-188.82,DIRECTDEBIT,MORTGAGE TRUST        002197389 10193120 DDR,,,,,
 ,30/06/2015,20-53-30 30728691,-194.21,DIRECTDEBIT,MORTGAGE TRUST        002186357 10193120 DDR,,,,,
 ,30/06/2015,20-53-30 30728691,-194.21,DIRECTDEBIT,MORTGAGE TRUST        002186356 10193120 DDR,,,,,
 ,30/06/2015,20-53-30 30728691,-194.21,DIRECTDEBIT,MORTGAGE TRUST        002186317 10193120 DDR,,,,,
