Number,Date,Account,Amount,Subcategory,Memo,
 ,03/05/2016,20-53-30 30728691,556.8,DIRECTDEP,Baker & Elder Limi    ALHAM F20 4/6      BGC,
 ,03/05/2016,20-53-30 30728691,357.36,DIRECTDEP,Baker & Elder Limi    ALHAM F16 16/18    BGC,
 ,03/05/2016,20-53-30 30728691,-465,REPEATPMT,ALHAMBRA ROAD MANA    209254 83672832    STO,
 ,03/05/2016,20-53-30 30728691,-320,REPEATPMT,ALHAMBRA ROAD MANA    209254 13686035    STO,
 ,03/05/2016,20-53-30 30728691,-315,REPEATPMT,ALHAMBRA ROAD MANA    209254 23534332    STO,
 ,03/05/2016,20-53-30 30728691,-196.79,REPEATPMT,M TUCKER              KINGSTON SHOP      STO,
 ,03/05/2016,20-53-30 30728691,-50,REPEATPMT,NATIONWIDE            0604/229172770     STO,
 ,03/05/2016,20-53-30 30728691,-50,REPEATPMT,23 HAMPSHIRE TERRA    209254 13676978    STO,
 ,03/05/2016,20-53-30 30728691,-50,REPEATPMT,MATHEW TUCKER         MTUCKER            STO,
 ,03/05/2016,20-53-30 30728691,-522.3,DIRECTDEBIT,NRAM                  24935234           DDR,
 ,03/05/2016,20-53-30 30728691,-228.81,DIRECTDEBIT,MORTGAGE EXPRESS      2016485220021672   DDR,
 ,03/05/2016,20-53-30 30728691,-188.24,DIRECTDEBIT,MORTGAGE EXPRESS      2016485130021672   DDR,
 ,03/05/2016,20-53-30 30728691,-212.78,DIRECTDEBIT,MORTGAGE EXPRESS      2016485040021672   DDR,
 ,03/05/2016,20-53-30 30728691,-234.87,DIRECTDEBIT,MORTGAGE EXPRESS      2007545250021672   DDR,
 ,03/05/2016,20-53-30 30728691,-226.75,DIRECTDEBIT,MORTGAGE EXPRESS      2007107760021672   DDR,
 ,03/05/2016,20-53-30 30728691,-186.22,DIRECTDEBIT,MORTGAGE EXPRESS      2007093450021672   DDR,
 ,03/05/2016,20-53-30 30728691,-226.59,DIRECTDEBIT,MORTGAGE EXPRESS      2007093360021672   DDR,
 ,03/05/2016,20-53-30 30728691,-186.14,DIRECTDEBIT,MORTGAGE EXPRESS      2007093270021672   DDR,
 ,03/05/2016,20-53-30 30728691,-186.11,DIRECTDEBIT,MORTGAGE EXPRESS      2006372640021672   DDR,
 ,03/05/2016,20-53-30 30728691,-9,DIRECTDEBIT,SOUTHERN ELECTRIC     141011701          DDR,
 ,03/05/2016,20-53-30 30728691,-37.95,DIRECTDEBIT,LEGAL & GEN MI C/L    011439921-5        DDR,
 ,03/05/2016,20-53-30 30728691,-200.74,DIRECTDEBIT,PLATFORM FUNDING      01050230313307     DDR,
 ,03/05/2016,20-53-30 30728691,-217.96,DIRECTDEBIT,PLATFORM FUNDING      01050229961090     DDR,
 ,03/05/2016,20-53-30 30728691,-217.96,DIRECTDEBIT,PLATFORM FUNDING      01050229961082     DDR,
 ,03/05/2016,20-53-30 30728691,-219.74,DIRECTDEBIT,PLATFORM FUNDING      01050228964703     DDR,
 ,03/05/2016,20-53-30 30728691,-143.54,DIRECTDEBIT,MORTGAGE EXPRESS      0019966240021672   DDR,
 ,03/05/2016,20-53-30 30728691,-159.33,DIRECTDEBIT,MORTGAGE EXPRESS      0018724700021672   DDR,
 ,03/05/2016,20-53-30 30728691,-159.36,DIRECTDEBIT,MORTGAGE EXPRESS      0017031550021672   DDR,
 ,03/05/2016,20-53-30 30728691,-152.32,DIRECTDEBIT,MORTGAGE EXPRESS      0016470530021672   DDR,
 ,03/05/2016,20-53-30 30728691,-145.45,DIRECTDEBIT,MORTGAGE EXPRESS      0015866140021672   DDR,
 ,03/05/2016,20-53-30 30728691,-1321.34,DIRECTDEBIT,THE HARPUR TRUST      TUCKM8  BVALR8     DDR,
 ,03/05/2016,20-53-30 30728691,-1097.66,DIRECTDEBIT,THE HARPUR TRUST      TUCKMS  GVALS1     DDR,
 ,03/05/2016,20-53-30 30728691,-57.18,DIRECTDEBIT,EE & T-MOBILE         Q13077400613002734 DDR,
 ,03/05/2016,20-53-30 30728691,-75,DIRECTDEBIT,SHEPHERDS FS          PN026484A          DDR,
 ,03/05/2016,20-53-30 30728691,-367.26,DIRECTDEBIT,MORTGAGE EXPRESS      MEC00005/480016104 DDR,
 ,03/05/2016,20-53-30 30728691,-110,DIRECTDEBIT,CAPITAL HOME LOANS    CHL00002/907372200 DDR,
 ,03/05/2016,20-53-30 30728691,-110,DIRECTDEBIT,CAPITAL HOME LOANS    CHL00002/907371904 DDR,
 ,03/05/2016,20-53-30 30728691,-375.68,DIRECTDEBIT,AMBER HOMELOANS       AHG00001/480441702 DDR,
 ,04/05/2016,20-53-30 30728691,-75,REPEATPMT,KINGSTON UNITY        PL684048A VALENTNO STO,
 ,05/05/2016,20-53-30 30728691,409.48,DIRECTDEP,BAKER & ELDER LIMI    ALHAM F21 4/6      BGC,
 ,06/05/2016,20-53-30 30728691,425,STO,NWOSU O          C    FLAT 7 8 ALHAMBRA  STO,
 ,06/05/2016,20-53-30 30728691,464,DIRECTDEP,Baker & Elder Limi    ALHAM F13 16/18    BGC,
 ,06/05/2016,20-53-30 30728691,-849,FT ,207409 60458872       MOBILE-CHANNEL     FT ,
 ,09/05/2016,20-53-30 30728691,378.64,DIRECTDEP,Baker & Elder Limi    FAWCETT F1 169     BGC,
 ,09/05/2016,20-53-30 30728691,-73.94,PAYMENT,PORTSMOUTH CITY       103807053          BBP,
 ,09/05/2016,20-53-30 30728691,-19.95,DIRECTDEBIT,BHAM MIDSHIRES        556389/20010556389 DDR,
 ,09/05/2016,20-53-30 30728691,-218.68,DIRECTDEBIT,BHAM MIDSHIRES        020007900597/89565 DDR,
 ,10/05/2016,20-53-30 30728691,-82.61,DIRECTDEBIT,BHAM MIDSHIRES        309942/20009309942 DDR,
 ,10/05/2016,20-53-30 30728691,531.9,DIRECTDEP,BAKER & ELDER LIMI    LONDON F3 321      BGC,
 ,10/05/2016,20-53-30 30728691,482.56,DIRECTDEP,BAKER & ELDER LIMI    KINGSTON 196A      BGC,
 ,10/05/2016,20-53-30 30728691,464,DIRECTDEP,BAKER & ELDER LIMI    FAWCETT F2 171     BGC,
 ,10/05/2016,20-53-30 30728691,464,DIRECTDEP,BAKER & ELDER LIMI    ALHAM F22 4/6      BGC,
 ,10/05/2016,20-53-30 30728691,464,DIRECTDEP,BAKER & ELDER LIMI    ALHAMBRA F14 12/14 BGC,
 ,10/05/2016,20-53-30 30728691,388.24,DIRECTDEP,BAKER & ELDER LIMI    FAWCETT F1 171     BGC,
,11/05/2016,20-53-30 30728691,-300,FT ,200574 33631583       MGMT FEE OVRPMT    FT ,
,11/05/2016,20-53-30 30728691,464,DIRECTDEP,BAKER & ELDER LIMI    ALHAMBRA F6 8      BGC,
,11/05/2016,20-53-30 30728691,468.64,DIRECTDEP,BAKER & ELDER LIMI    ALHAMBRA F4 12/14  BGC,
,11/05/2016,20-53-30 30728691,1067.2,DIRECTDEP,BAKER & ELDER LIMI    ALHAM F1 F7 16/18  BGC,
,11/05/2016,20-53-30 30728691,464,DIRECTDEP,BAKER & ELDER LIMI    FAWCETT F3 171     BGC,
,12/05/2016,20-53-30 30728691,324.8,DIRECTDEP,Baker & Elder Limi    KINGSTON 196 SHOP  BGC,
,12/05/2016,20-53-30 30728691,-51.08,DIRECTDEBIT,EE & T-MOBILE         Q20664165616203431 DDR,
,12/05/2016,20-53-30 30728691,-37.68,DIRECTDEBIT,FRIENDS LIFE          014033997          DDR,
,12/05/2016,20-53-30 30728691,-140.07,DIRECTDEBIT,BHAM MIDSHIRES        389757/20000389757 DDR,
,13/05/2016,20-53-30 30728691,-300,FT ,207409 40406538       MOBILE-CHANNEL     FT ,
,13/05/2016,20-53-30 30728691,477.92,DIRECTDEP,BAKER & ELDER LIMI    ALHAMBRA F17 4/6   BGC,
,13/05/2016,20-53-30 30728691,464,DIRECTDEP,BAKER & ELDER LIMI    FAWCETT F2 169     BGC,
,13/05/2016,20-53-30 30728691,464,DIRECTDEP,BAKER & ELDER LIMI    ALHAMBRA F6 16/18  BGC,
,16/05/2016,20-53-30 30728691,556.8,DIRECTDEP,Baker & Elder Limi    ALHAM F23 4/6      BGC,
,16/05/2016,20-53-30 30728691,-186.09,DIRECTDEBIT,MORTGAGE EXPRESS      2007107670021685   DDR,
,16/05/2016,20-53-30 30728691,-192.58,DIRECTDEBIT,MORTGAGE EXPRESS      2007545340021685   DDR,
,16/05/2016,20-53-30 30728691,-14.67,DIRECTDEBIT,BHAM MIDSHIRES        557032/20010557032 DDR,
,16/05/2016,20-53-30 30728691,-186.11,DIRECTDEBIT,MORTGAGE EXPRESS      2005787290021685   DDR,
,16/05/2016,20-53-30 30728691,-184.76,DIRECTDEBIT,PLATFORM FUNDING      01050228957650     DDR,
,16/05/2016,20-53-30 30728691,-186.13,DIRECTDEBIT,MORTGAGE EXPRESS      2006332310021685   DDR,
,16/05/2016,20-53-30 30728691,-186.11,DIRECTDEBIT,MORTGAGE EXPRESS      2008784100021685   DDR,
,16/05/2016,20-53-30 30728691,-186.12,DIRECTDEBIT,MORTGAGE EXPRESS      2007544710021685   DDR,
,16/05/2016,20-53-30 30728691,-192.58,DIRECTDEBIT,MORTGAGE EXPRESS      2007664780021685   DDR,
,16/05/2016,20-53-30 30728691,-184.76,DIRECTDEBIT,PLATFORM FUNDING      01050228957685     DDR,
,16/05/2016,20-53-30 30728691,-219.67,DIRECTDEBIT,PLATFORM FUNDING      01050228979115     DDR,
,16/05/2016,20-53-30 30728691,-47.89,DIRECTDEBIT,BT GROUP PLC          GB14092007-000020  DDR,
,16/05/2016,20-53-30 30728691,-190.58,DIRECTDEBIT,BHAM MIDSHIRES        110676/20004110676 DDR,
,16/05/2016,20-53-30 30728691,-50,FT ,207409 40406538       MOBILE-CHANNEL     FT ,
,17/05/2016,20-53-30 30728691,-300,FT ,207409 40406538       MOBILE-CHANNEL     FT ,
,18/05/2016,20-53-30 30728691,1158.96,DIRECTDEP,BAKER & ELDER LIMI    HAMP TERR 23B 23C  BGC,
,18/05/2016,20-53-30 30728691,417.6,DIRECTDEP,BAKER & ELDER LIMI    FRATTON F3 163     BGC,
,18/05/2016,20-53-30 30728691,464,DIRECTDEP,BAKER & ELDER LIMI    FAWCETT F3 169     BGC,
,18/05/2016,20-53-30 30728691,403.64,DIRECTDEP,BAKER & ELDER LIMI    ALHAM 5 8          BGC,
,18/05/2016,20-53-30 30728691,464,DIRECTDEP,BAKER & ELDER LIMI    ALHAM F7 12/14     BGC,
,18/05/2016,20-53-30 30728691,-145.06,DIRECTDEBIT,BHAM MIDSHIRES        649652/20003649652 DDR,
,19/05/2016,20-53-30 30728691,366.56,DIRECTDEP,BAKER & ELDER LIMI    FRATTON F4 163     BGC,
,19/05/2016,20-53-30 30728691,580,DIRECTDEP,Baker & Elder Limi    KINGSTON 196B      BGC,
,23/05/2016,20-53-30 30728691,464,DIRECTDEP,BAKER & ELDER LIMI    ALHAMBRA F16 12/14 BGC,
,23/05/2016,20-53-30 30728691,464,DIRECTDEP,BAKER & ELDER LIMI    ALHAMBRA F11 12/14 BGC,
,23/05/2016,20-53-30 30728691,566.08,DIRECTDEP,Baker & Elder Limi    ALHAM F19 4/6      BGC,
,23/05/2016,20-53-30 30728691,-300,FT ,207409 40406538       MOBILE-CHANNEL     FT ,
,23/05/2016,20-53-30 30728691,-183.94,DIRECTDEBIT,BHAM MIDSHIRES        882432/20007882432 DDR,
,23/05/2016,20-53-30 30728691,-48.94,DIRECTDEBIT,SKY DIGITAL           00620054164228     DDR,
,24/05/2016,20-53-30 30728691,464,DIRECTDEP,BAKER & ELDER LIMI    ALHAMBRA F10 12/14 BGC,
,24/05/2016,20-53-30 30728691,-100,FT ,207409 40406538       MOBILE-CHANNEL     FT ,
,25/05/2016,20-53-30 30728691,464,DIRECTDEP,BAKER & ELDER LIMI    LONDON F2 321      BGC,
,25/05/2016,20-53-30 30728691,464,DIRECTDEP,BAKER & ELDER LIMI    LONDON F1 321      BGC,
,25/05/2016,20-53-30 30728691,400.72,DIRECTDEP,BAKER & ELDER LIMI    ALHAM F5 12/14     BGC,
,25/05/2016,20-53-30 30728691,379,DIRECTDEP,BAKER & ELDER LIMI    ALHAM F11 16/18    BGC,
,25/05/2016,20-53-30 30728691,464,DIRECTDEP,BAKER & ELDER LIMI    ALHAMBRA F3 16/18  BGC,
,25/05/2016,20-53-30 30728691,-519.5,REPEATPMT,G& F VALENTINO        MTUCKER            STO,
,26/05/2016,20-53-30 30728691,556.8,DIRECTDEP,Baker & Elder Limi    ALHAM F20 4/6      BGC,
,27/05/2016,20-53-30 30728691,-1200,REPEATPMT,MR MATTHEW STUART     207409 40406538    STO,
,31/05/2016,20-53-30 30728691,-400,REPEATPMT,F VALENTINO           RENT               STO,
,31/05/2016,20-53-30 30728691,-129.28,DIRECTDEBIT,BHAM MIDSHIRES        731371/20002731371 DDR,
,31/05/2016,20-53-30 30728691,-191.05,DIRECTDEBIT,MORTGAGE TRUST        002197389 10196480 DDR,
,31/05/2016,20-53-30 30728691,-196.34,DIRECTDEBIT,MORTGAGE TRUST        002186357 10196480 DDR,
,31/05/2016,20-53-30 30728691,-196.34,DIRECTDEBIT,MORTGAGE TRUST        002186356 10196480 DDR,
,31/05/2016,20-53-30 30728691,-196.34,DIRECTDEBIT,MORTGAGE TRUST        002186317 10196480 DDR,
,31/05/2016,20-53-30 30728691,-33,DIRECTDEBIT,BOOTS REWARDSCHEME    A45028400000736    DDR,
