Number,Date,Account,Amount,Subcategory,Memo,
 ,01/03/2016,20-53-30 30728691,525,STO,STEPEK MP             FLAT 19 4/6 ALHAM  STO,
 ,01/03/2016,20-53-30 30728691,-50,REPEATPMT,NATIONWIDE            0604/229172770     STO,
 ,01/03/2016,20-53-30 30728691,-50,REPEATPMT,23 HAMPSHIRE TERRA    209254 13676978    STO,
 ,01/03/2016,20-53-30 30728691,-320,REPEATPMT,ALHAMBRA ROAD MANA    209254 13686035    STO,
 ,01/03/2016,20-53-30 30728691,-315,REPEATPMT,ALHAMBRA ROAD MANA    209254 23534332    STO,
 ,01/03/2016,20-53-30 30728691,-465,REPEATPMT,ALHAMBRA ROAD MANA    209254 83672832    STO,
 ,01/03/2016,20-53-30 30728691,-196.79,REPEATPMT,M TUCKER              KINGSTON SHOP      STO,
 ,01/03/2016,20-53-30 30728691,-217.96,DIRECTDEBIT,PLATFORM FUNDING      01050229961090     DDR,
 ,01/03/2016,20-53-30 30728691,-219.74,DIRECTDEBIT,PLATFORM FUNDING      01050228964703     DDR,
 ,01/03/2016,20-53-30 30728691,-217.96,DIRECTDEBIT,PLATFORM FUNDING      01050229961082     DDR,
 ,01/03/2016,20-53-30 30728691,-522.3,DIRECTDEBIT,NRAM                  24935234           DDR,
 ,01/03/2016,20-53-30 30728691,-186.14,DIRECTDEBIT,MORTGAGE EXPRESS      2007093270021609   DDR,
 ,01/03/2016,20-53-30 30728691,-1332.69,DIRECTDEBIT,THE HARPUR TRUST      TUCKM8  BVALR8     DDR,
 ,01/03/2016,20-53-30 30728691,-1112.6,DIRECTDEBIT,THE HARPUR TRUST      TUCKMS  GVALS1     DDR,
 ,01/03/2016,20-53-30 30728691,-110,DIRECTDEBIT,CAPITAL HOME LOANS    CHL00002/907372200 DDR,
 ,01/03/2016,20-53-30 30728691,-110,DIRECTDEBIT,CAPITAL HOME LOANS    CHL00002/907371904 DDR,
 ,01/03/2016,20-53-30 30728691,-375.68,DIRECTDEBIT,AMBER HOMELOANS       AHG00001/480441702 DDR,
 ,01/03/2016,20-53-30 30728691,-367.26,DIRECTDEBIT,MORTGAGE EXPRESS      MEC00005/480016104 DDR,
 ,01/03/2016,20-53-30 30728691,-9,DIRECTDEBIT,SOUTHERN ELECTRIC     141011701          DDR,
 ,01/03/2016,20-53-30 30728691,-200.74,DIRECTDEBIT,PLATFORM FUNDING      01050230313307     DDR,
 ,01/03/2016,20-53-30 30728691,464,DIRECTDEP,BAKER & ELDER LIMI    ALHAMBRA F3 12/14  BGC,
 ,02/03/2016,20-53-30 30728691,-37.95,DIRECTDEBIT,LEGAL & GEN MI C/L    011439921-5        DDR,
 ,02/03/2016,20-53-30 30728691,-59.12,DIRECTDEBIT,EE & T-MOBILE         Q13077400596696132 DDR,
 ,02/03/2016,20-53-30 30728691,464,DIRECTDEP,BAKER & ELDER LIMI    ALHAMBRA F18 4/6   BGC,
 ,02/03/2016,20-53-30 30728691,468.64,DIRECTDEP,BAKER & ELDER LIMI    ALHAMBRA F8 8      BGC,
 ,02/03/2016,20-53-30 30728691,464,DIRECTDEP,BAKER & ELDER LIMI    LONDON F4 321      BGC,
 ,03/03/2016,20-53-30 30728691,-152.33,DIRECTDEBIT,MORTGAGE EXPRESS      0016470530021611   DDR,
 ,03/03/2016,20-53-30 30728691,-228.81,DIRECTDEBIT,MORTGAGE EXPRESS      2016485220021611   DDR,
 ,03/03/2016,20-53-30 30728691,-143.54,DIRECTDEBIT,MORTGAGE EXPRESS      0019966240021611   DDR,
 ,03/03/2016,20-53-30 30728691,-159.32,DIRECTDEBIT,MORTGAGE EXPRESS      0018724700021611   DDR,
 ,03/03/2016,20-53-30 30728691,-159.35,DIRECTDEBIT,MORTGAGE EXPRESS      0017031550021611   DDR,
 ,03/03/2016,20-53-30 30728691,-145.46,DIRECTDEBIT,MORTGAGE EXPRESS      0015866140021611   DDR,
 ,03/03/2016,20-53-30 30728691,-187.95,DIRECTDEBIT,MORTGAGE EXPRESS      2016485130021611   DDR,
 ,03/03/2016,20-53-30 30728691,-212.45,DIRECTDEBIT,MORTGAGE EXPRESS      2016485040021611   DDR,
 ,03/03/2016,20-53-30 30728691,-186.1,DIRECTDEBIT,MORTGAGE EXPRESS      2006372640021611   DDR,
 ,03/03/2016,20-53-30 30728691,-234.85,DIRECTDEBIT,MORTGAGE EXPRESS      2007545250021611   DDR,
 ,03/03/2016,20-53-30 30728691,-226.76,DIRECTDEBIT,MORTGAGE EXPRESS      2007107760021611   DDR,
 ,03/03/2016,20-53-30 30728691,-186.23,DIRECTDEBIT,MORTGAGE EXPRESS      2007093450021611   DDR,
 ,03/03/2016,20-53-30 30728691,-226.6,DIRECTDEBIT,MORTGAGE EXPRESS      2007093360021611   DDR,
 ,04/03/2016,20-53-30 30728691,425,STO,NWOSU O          C    FLAT 7 8 ALHAMBRA  STO,
 ,04/03/2016,20-53-30 30728691,-75,REPEATPMT,KINGSTON UNITY        PL684048A VALENTNO STO,
 ,04/03/2016,20-53-30 30728691,-75,DIRECTDEBIT,SHEPHERDS FS          PN026484A          DDR,
 ,07/03/2016,20-53-30 30728691,-50,REPEATPMT,MATHEW TUCKER         MTUCKER            STO,
 ,07/03/2016,20-53-30 30728691,459.36,DIRECTDEP,BAKER & ELDER LIMI    FRATTON 163 F2     BGC,
 ,07/03/2016,20-53-30 30728691,464,DIRECTDEP,BAKER & ELDER LIMI    ALHAMBRA F13 16/18 BGC,
 ,07/03/2016,20-53-30 30728691,464,DIRECTDEP,BAKER & ELDER LIMI    FAWCETT F2 171     BGC,
 ,08/03/2016,20-53-30 30728691,-218.68,DIRECTDEBIT,BHAM MIDSHIRES        020007900597/89565 DDR,
 ,08/03/2016,20-53-30 30728691,464,DIRECTDEP,BAKER & ELDER LIMI    ALHAMBRA F22 4/6   BGC,
 ,09/03/2016,20-53-30 30728691,-19.95,DIRECTDEBIT,BHAM MIDSHIRES        556389/20010556389 DDR,
 ,09/03/2016,20-53-30 30728691,398,DIRECTDEP,BAKER & ELDER LIMI    ALHAMBRA F14 12/14 BGC,
 ,09/03/2016,20-53-30 30728691,538.24,DIRECTDEP,BAKER & ELDER LIMI    FAWCETT F1 171     BGC,
 ,10/03/2016,20-53-30 30728691,-1200,FT ,207409 60458872       MOBILE-CHANNEL     FT ,
 ,10/03/2016,20-53-30 30728691,-82.61,DIRECTDEBIT,BHAM MIDSHIRES        309942/20009309942 DDR,
 ,14/03/2016,20-53-30 30728691,-47.89,DIRECTDEBIT,BT GROUP PLC          GB14092007-000018  DDR,
 ,14/03/2016,20-53-30 30728691,-37.68,DIRECTDEBIT,FRIENDS LIFE          014033997          DDR,
 ,14/03/2016,20-53-30 30728691,-56.08,DIRECTDEBIT,EE & T-MOBILE         Q20664165599796979 DDR,
 ,14/03/2016,20-53-30 30728691,-140.07,DIRECTDEBIT,BHAM MIDSHIRES        389757/20000389757 DDR,
 ,15/03/2016,20-53-30 30728691,-186.13,DIRECTDEBIT,MORTGAGE EXPRESS      2006332310021623   DDR,
 ,15/03/2016,20-53-30 30728691,-186.11,DIRECTDEBIT,MORTGAGE EXPRESS      2008784100021623   DDR,
 ,15/03/2016,20-53-30 30728691,-219.67,DIRECTDEBIT,PLATFORM FUNDING      01050228979115     DDR,
 ,15/03/2016,20-53-30 30728691,-184.76,DIRECTDEBIT,PLATFORM FUNDING      01050228957685     DDR,
 ,15/03/2016,20-53-30 30728691,-186.11,DIRECTDEBIT,MORTGAGE EXPRESS      2005787290021623   DDR,
 ,15/03/2016,20-53-30 30728691,-186.09,DIRECTDEBIT,MORTGAGE EXPRESS      2007107670021623   DDR,
 ,15/03/2016,20-53-30 30728691,-192.58,DIRECTDEBIT,MORTGAGE EXPRESS      2007545340021623   DDR,
 ,15/03/2016,20-53-30 30728691,-184.76,DIRECTDEBIT,PLATFORM FUNDING      01050228957650     DDR,
 ,15/03/2016,20-53-30 30728691,-192.58,DIRECTDEBIT,MORTGAGE EXPRESS      2007664780021623   DDR,
 ,15/03/2016,20-53-30 30728691,-186.12,DIRECTDEBIT,MORTGAGE EXPRESS      2007544710021623   DDR,
 ,15/03/2016,20-53-30 30728691,1034.72,DIRECTDEP,BAKER & ELDER LIMI    ALHAM  F17/23 4/6  BGC,
 ,15/03/2016,20-53-30 30728691,1206.4,DIRECTDEP,BAKER & ELDER LIMI    ALHAMBRA F1 16/18  BGC,
 ,15/03/2016,20-53-30 30728691,302,DIRECTDEP,BAKER & ELDER LIMI    FAWCETT F2 169     BGC,
 ,15/03/2016,20-53-30 30728691,324.8,DIRECTDEP,BAKER & ELDER LIMI    KINGSTON SHOP      BGC,
 ,15/03/2016,20-53-30 30728691,464,DIRECTDEP,BAKER & ELDER LIMI    ALHAMBRA F6 16/18  BGC,
 ,15/03/2016,20-53-30 30728691,464,DIRECTDEP,BAKER & ELDER LIMI    ALHAMBRA F6 8      BGC,
 ,15/03/2016,20-53-30 30728691,464,DIRECTDEP,BAKER & ELDER LIMI    ALHAMBRA F7 16/18  BGC,
 ,15/03/2016,20-53-30 30728691,464,DIRECTDEP,BAKER & ELDER LIMI    FAWCETT F3 171     BGC,
 ,16/03/2016,20-53-30 30728691,-14.67,DIRECTDEBIT,BHAM MIDSHIRES        557032/20010557032 DDR,
 ,16/03/2016,20-53-30 30728691,-190.58,DIRECTDEBIT,BHAM MIDSHIRES        110676/20004110676 DDR,
 ,16/03/2016,20-53-30 30728691,417.6,DIRECTDEP,BAKER & ELDER LIMI    FRATTON F3 163     BGC,
 ,16/03/2016,20-53-30 30728691,459.36,DIRECTDEP,BAKER & ELDER LIMI    ALHAMBRA F16 16/18 BGC,
 ,16/03/2016,20-53-30 30728691,-140,FT ,207409 40406538       MOBILE-CHANNEL     FT ,
 ,17/03/2016,20-53-30 30728691,464,DIRECTDEP,BAKER & ELDER LIMI    FAWCETT F3 169     BGC,
 ,17/03/2016,20-53-30 30728691,580,DIRECTDEP,BAKER & ELDER LIMI    KINGSTON 196B      BGC,
 ,17/03/2016,20-53-30 30728691,433.11,DIRECTDEP,BAKER & ELDER LIMI    HAMP TERR 23B      BGC,
 ,17/03/2016,20-53-30 30728691,323,DIRECTDEP,BAKER & ELDER LIMI    ALHAMBRA F7 12/14  BGC,
 ,18/03/2016,20-53-30 30728691,-145.06,DIRECTDEBIT,BHAM MIDSHIRES        649652/20003649652 DDR,
 ,21/03/2016,20-53-30 30728691,-350,FT ,207409 40406538       MOBILE-CHANNEL     FT ,
 ,21/03/2016,20-53-30 30728691,556.8,DIRECTDEP,BAKER & ELDER LIMI    ALHAMBRA F20 4/6   BGC,
 ,21/03/2016,20-53-30 30728691,366.56,DIRECTDEP,BAKER & ELDER LIMI    FRATTON F4 163     BGC,
 ,22/03/2016,20-53-30 30728691,-183.94,DIRECTDEBIT,BHAM MIDSHIRES        882432/20007882432 DDR,
 ,23/03/2016,20-53-30 30728691,612.48,DIRECTDEP,Baker & Elder Limi    HAMP TER 23C       BGC,
 ,23/03/2016,20-53-30 30728691,366.56,DIRECTDEP,Baker & Elder Limi    FRATTON F4 163     BGC,Missing payment Jan
 ,23/03/2016,20-53-30 30728691,454.72,DIRECTDEP,Baker & Elder Limi    ALHAMBRA F5 4/8    BGC,Missing payment Jan
 ,23/03/2016,20-53-30 30728691,464,DIRECTDEP,Baker & Elder Limi    FAWCETT F1 171     BGC,Missing payment Feb - Flat 3 171
 ,23/03/2016,20-53-30 30728691,495.2,DIRECTDEP,Baker & Elder Limi    ALHAMBRA F1 16/18  BGC,Missing payment Feb
 ,23/03/2016,20-53-30 30728691,-47,DIRECTDEBIT,SKY DIGITAL           00620054164228     DDR,
 ,23/03/2016,20-53-30 30728691,464,DIRECTDEP,BAKER & ELDER LIMI    ALHAMBRA F16 12/14 BGC,
 ,23/03/2016,20-53-30 30728691,464,DIRECTDEP,BAKER & ELDER LIMI    ALHAMBRA F10 12/14 BGC,
 ,23/03/2016,20-53-30 30728691,464,DIRECTDEP,BAKER & ELDER LIMI    ALHAMBRA F11 12/14 BGC,
 ,23/03/2016,20-53-30 30728691,464,DIRECTDEP,BAKER & ELDER LIMI    ALHAMBRA F3 16/18  BGC,
 ,29/03/2016,20-53-30 30728691,-1200,REPEATPMT,MR MATTHEW STUART207409 40406538    STO,
 ,29/03/2016,20-53-30 30728691,-519.5,REPEATPMT,G& F VALENTINOMTUCKER            STO,
 ,29/03/2016,20-53-30 30728691,-400,REPEATPMT,F VALENTINORENT               STO,
 ,29/03/2016,20-53-30 30728691,-129.28,DIRECTDEBIT,BHAM MIDSHIRES731371/20002731371 DDR,
 ,29/03/2016,20-53-30 30728691,-33,DIRECTDEBIT,BOOTS REWARDSCHEMEA45028400000736    DDR,
 ,29/03/2016,20-53-30 30728691,-500,FT ,207409 40406538MOBILE-CHANNEL     FT,
 ,29/03/2016,20-53-30 30728691,454.72,DIRECTDEP,BAKER & ELDER LIMIALHAMBRA F5 12/14  BGC,
 ,29/03/2016,20-53-30 30728691,464,DIRECTDEP,BAKER & ELDER LIMILONDON F2 321      BGC,
 ,29/03/2016,20-53-30 30728691,464,DIRECTDEP,BAKER & ELDER LIMIALHAMBRA F11 16/18 BGC,
 ,29/03/2016,20-53-30 30728691,464,DIRECTDEP,BAKER & ELDER LIMILONDON F1 321      BGC,
 ,30/03/2016,20-53-30 30728691,-15.19,PAYMENT,PORTSMOUTH CITY CO103807053          BBP,
 ,30/03/2016,20-53-30 30728691,-1000,FT ,207409 60458872    FT,
 ,31/03/2016,20-53-30 30728691,-1561.69,PAYMENT,BAKER AND ELDER LMTUCKER-FEB16      BBP,
 ,31/03/2016,20-53-30 30728691,-191.05,DIRECTDEBIT,MORTGAGE TRUST002197389 10195870 DDR,
 ,31/03/2016,20-53-30 30728691,-56.88,DIRECTDEBIT,EE & T-MOBILEQ13077400604802432 DDR,
 ,31/03/2016,20-53-30 30728691,-196.34,DIRECTDEBIT,MORTGAGE TRUST002186317 10195870 DDR,
 ,31/03/2016,20-53-30 30728691,-196.34,DIRECTDEBIT,MORTGAGE TRUST002186356 10195870 DDR,
 ,31/03/2016,20-53-30 30728691,-196.34,DIRECTDEBIT,MORTGAGE TRUST002186357 10195870 DDR,
