Number,Date,Account,Amount,Subcategory,Memo,
 ,01/05/2015,20-53-30 30728691,425,STO,NWOSU O          C    FLAT 7 8 ALHAMBRA  STO,
 ,01/05/2015,20-53-30 30728691,254,DIRECTDEP,BAKER & ELDER LIMI    FAWCETT F1 169     BGC,?????
 ,01/05/2015,20-53-30 30728691,525,STO,STEPEK MP             FLAT 19 4/6 ALHAM  STO,
 ,01/05/2015,20-53-30 30728691,-465,REPEATPMT,ALHAMBRA ROAD MANA    209254 83672832    STO,
 ,01/05/2015,20-53-30 30728691,-320,REPEATPMT,ALHAMBRA ROAD MANA    209254 13686035    STO,
 ,01/05/2015,20-53-30 30728691,-315,REPEATPMT,ALHAMBRA ROAD MANA    209254 23534332    STO,
 ,01/05/2015,20-53-30 30728691,-196.79,REPEATPMT,M TUCKER              KINGSTON SHOP      STO,
 ,01/05/2015,20-53-30 30728691,-50,REPEATPMT,NATIONWIDE            0604/229172770     STO,
 ,01/05/2015,20-53-30 30728691,-50,REPEATPMT,23 HAMPSHIRE TERRA    209254 13676978    STO,
 ,01/05/2015,20-53-30 30728691,-522.3,DIRECTDEBIT,NRAM                  24935234           DDR,
 ,01/05/2015,20-53-30 30728691,-186.14,DIRECTDEBIT,MORTGAGE EXPRESS      2007093270021304   DDR,
 ,01/05/2015,20-53-30 30728691,-1,DIRECTDEBIT,SOUTHERN ELECTRIC     141011701          DDR,
 ,01/05/2015,20-53-30 30728691,-200.74,DIRECTDEBIT,PLATFORM FUNDING      01050230313307     DDR,
 ,01/05/2015,20-53-30 30728691,-217.96,DIRECTDEBIT,PLATFORM FUNDING      01050229961090     DDR,
 ,01/05/2015,20-53-30 30728691,-217.96,DIRECTDEBIT,PLATFORM FUNDING      01050229961082     DDR,
 ,01/05/2015,20-53-30 30728691,-219.74,DIRECTDEBIT,PLATFORM FUNDING      01050228964703     DDR,
 ,01/05/2015,20-53-30 30728691,-1055.14,DIRECTDEBIT,THE HARPUR TRUST      TUCKMS/GVALS1      DDR,
 ,01/05/2015,20-53-30 30728691,-992.34,DIRECTDEBIT,THE HARPUR TRUST      TUCKM/PVALR        DDR,
 ,01/05/2015,20-53-30 30728691,-42.54,DIRECTDEBIT,EE & T-MOBILE         Q13077400520170787 DDR,
 ,01/05/2015,20-53-30 30728691,-367.26,DIRECTDEBIT,MORTGAGE EXPRESS      MEC00005/480016104 DDR,
 ,01/05/2015,20-53-30 30728691,-110,DIRECTDEBIT,AUBURN SEC 6          CHL00002/907372200 DDR,
 ,01/05/2015,20-53-30 30728691,-110,DIRECTDEBIT,AUBURN SEC 6          CHL00002/907371904 DDR,
 ,01/05/2015,20-53-30 30728691,-375.68,DIRECTDEBIT,AMBER HOMELOANS       AHG00001/480441702 DDR,
 ,05/05/2015,20-53-30 30728691,-75,REPEATPMT,KINGSTON UNITY        PL684048A VALENTNO STO,
 ,05/05/2015,20-53-30 30728691,-50,REPEATPMT,MATHEW TUCKER         MTUCKER            STO,
 ,05/05/2015,20-53-30 30728691,-81.51,DIRECTDEBIT,BHAM MIDSHIRES        251387/20011251387 DDR,
 ,05/05/2015,20-53-30 30728691,-228.81,DIRECTDEBIT,MORTGAGE EXPRESS      2016485220021308   DDR,
 ,05/05/2015,20-53-30 30728691,-187.95,DIRECTDEBIT,MORTGAGE EXPRESS      2016485130021308   DDR,
 ,05/05/2015,20-53-30 30728691,-212.45,DIRECTDEBIT,MORTGAGE EXPRESS      2016485040021308   DDR,
 ,05/05/2015,20-53-30 30728691,-234.85,DIRECTDEBIT,MORTGAGE EXPRESS      2007545250021308   DDR,
 ,05/05/2015,20-53-30 30728691,-226.76,DIRECTDEBIT,MORTGAGE EXPRESS      2007107760021308   DDR,
 ,05/05/2015,20-53-30 30728691,-186.23,DIRECTDEBIT,MORTGAGE EXPRESS      2007093450021308   DDR,
 ,05/05/2015,20-53-30 30728691,-226.6,DIRECTDEBIT,MORTGAGE EXPRESS      2007093360021308   DDR,
 ,05/05/2015,20-53-30 30728691,-186.1,DIRECTDEBIT,MORTGAGE EXPRESS      2006372640021308   DDR,
 ,05/05/2015,20-53-30 30728691,-263.8,DIRECTDEBIT,BHAM MIDSHIRES        020003973492/74851 DDR,
 ,05/05/2015,20-53-30 30728691,-37.95,DIRECTDEBIT,LEGAL & GEN MI C/L    011439921-5        DDR,
 ,05/05/2015,20-53-30 30728691,-143.54,DIRECTDEBIT,MORTGAGE EXPRESS      0019966240021308   DDR,
 ,05/05/2015,20-53-30 30728691,-159.32,DIRECTDEBIT,MORTGAGE EXPRESS      0018724700021308   DDR,
 ,05/05/2015,20-53-30 30728691,-159.35,DIRECTDEBIT,MORTGAGE EXPRESS      0017031550021308   DDR,
 ,05/05/2015,20-53-30 30728691,-152.33,DIRECTDEBIT,MORTGAGE EXPRESS      0016470530021308   DDR,
 ,05/05/2015,20-53-30 30728691,-145.46,DIRECTDEBIT,MORTGAGE EXPRESS      0015866140021308   DDR,
 ,05/05/2015,20-53-30 30728691,-75,DIRECTDEBIT,SHEPHERDS FS          PN026484A          DDR,
 ,07/05/2015,20-53-30 30728691,759.28,DIRECTDEP,Baker & Elder Limi    F3 321/KING 196 GF BGC,Missing payments - See emails of 7/5 - this �372.40 (321 London Rd) + �386.88 (196 Kingston Rd)
 ,08/05/2015,20-53-30 30728691,-218.68,DIRECTDEBIT,BHAM MIDSHIRES        020007900597/89565 DDR,
 ,11/05/2015,20-53-30 30728691,-295.59,PAYMENT,PORTSMOUTH CITY CO    103542768          BBP,
 ,11/05/2015,20-53-30 30728691,-38.14,PAYMENT,SOUTHERN ELECTRIC     6882766014         BBP,
 ,11/05/2015,20-53-30 30728691,-468.18,FT ,200574 63796884       SFF VIA BE         FT ,
 ,11/05/2015,20-53-30 30728691,-19.95,DIRECTDEBIT,BHAM MIDSHIRES        556389/20010556389 DDR,
 ,11/05/2015,20-53-30 30728691,-82.61,DIRECTDEBIT,BHAM MIDSHIRES        309942/20009309942 DDR,
 ,12/05/2015,20-53-30 30728691,-1897.17,PAYMENT,BAKER AND ELDER L     MTUCKER-APR15      BBP,
 ,12/05/2015,20-53-30 30728691,-140.07,DIRECTDEBIT,BHAM MIDSHIRES        389757/20000389757 DDR,
 ,12/05/2015,20-53-30 30728691,-37.68,DIRECTDEBIT,FRIENDS LIFE DD       014033997/009      DDR,
 ,13/05/2015,20-53-30 30728691,208.8,DIRECTDEP,BAKER & ELDER LIMI    HAMP TER 23B       BGC,
 ,13/05/2015,20-53-30 30728691,459.36,DIRECTDEP,BAKER & ELDER LIMI    FRATTON F2 163     BGC,
 ,13/05/2015,20-53-30 30728691,828.24,DIRECTDEP,BAKER & ELDER LIMI    F/CETT F2 F1 171   BGC,
 ,13/05/2015,20-53-30 30728691,464,DIRECTDEP,BAKER & ELDER LIMI    ALHAMBRA F8 8      BGC,
 ,13/05/2015,20-53-30 30728691,464,DIRECTDEP,BAKER & ELDER LIMI    ALHAMBRA F3 16/18  BGC,
 ,13/05/2015,20-53-30 30728691,464,DIRECTDEP,BAKER & ELDER LIMI    ALHAMBRA F22 4/6   BGC,
 ,13/05/2015,20-53-30 30728691,464,DIRECTDEP,BAKER & ELDER LIMI    ALHAMBRA F14 12/14 BGC,
 ,13/05/2015,20-53-30 30728691,-138.61,DIRECTDEBIT,EE & T-MOBILE         Q20664165523036700 DDR,
 ,14/05/2015,20-53-30 30728691,464,DIRECTDEP,BAKER & ELDER LIMI    KINGSTON 196A      BGC,
 ,14/05/2015,20-53-30 30728691,603.2,DIRECTDEP,BAKER & ELDER LIMI    HAMPSHIRE 23C      BGC,
 ,14/05/2015,20-53-30 30728691,464,DIRECTDEP,BAKER & ELDER LIMI    FAWCETT F3 171     BGC,
 ,14/05/2015,20-53-30 30728691,928,DIRECTDEP,BAKER & ELDER LIMI    ALHAMBRA 7 16/18   BGC,
 ,14/05/2015,20-53-30 30728691,464,DIRECTDEP,BAKER & ELDER LIMI    ALHAMBRA F6 8      BGC,
 ,14/05/2015,20-53-30 30728691,556.8,DIRECTDEP,BAKER & ELDER LIMI    ALHAMBRA F 23 4/6  BGC,
 ,15/05/2015,20-53-30 30728691,324.8,DIRECTDEP,BAKER & ELDER LIMI    KINGSTON SHOP      BGC,
 ,15/05/2015,20-53-30 30728691,180.68,DIRECTDEP,BAKER & ELDER LIMI    FAWCETT F2 169     BGC,
 ,15/05/2015,20-53-30 30728691,459.36,DIRECTDEP,BAKER & ELDER LIMI    ALHAMBRA F 16 16/1 BGC,
 ,15/05/2015,20-53-30 30728691,-186.11,DIRECTDEBIT,MORTGAGE EXPRESS      2008784100021318   DDR,
 ,15/05/2015,20-53-30 30728691,-192.58,DIRECTDEBIT,MORTGAGE EXPRESS      2007664780021318   DDR,
 ,15/05/2015,20-53-30 30728691,-192.58,DIRECTDEBIT,MORTGAGE EXPRESS      2007545340021318   DDR,
 ,15/05/2015,20-53-30 30728691,-186.12,DIRECTDEBIT,MORTGAGE EXPRESS      2007544710021318   DDR,
 ,15/05/2015,20-53-30 30728691,-186.09,DIRECTDEBIT,MORTGAGE EXPRESS      2007107670021318   DDR,
 ,15/05/2015,20-53-30 30728691,-186.13,DIRECTDEBIT,MORTGAGE EXPRESS      2006332310021318   DDR,
 ,15/05/2015,20-53-30 30728691,-186.11,DIRECTDEBIT,MORTGAGE EXPRESS      2005787290021318   DDR,
 ,15/05/2015,20-53-30 30728691,-219.67,DIRECTDEBIT,PLATFORM FUNDING      01050228979115     DDR,
 ,15/05/2015,20-53-30 30728691,-184.76,DIRECTDEBIT,PLATFORM FUNDING      01050228957685     DDR,
 ,15/05/2015,20-53-30 30728691,-184.76,DIRECTDEBIT,PLATFORM FUNDING      01050228957650     DDR,
 ,18/05/2015,20-53-30 30728691,417.6,DIRECTDEP,BAKER & ELDER LIMI    FRATTON F3 163     BGC,
 ,18/05/2015,20-53-30 30728691,464,DIRECTDEP,BAKER & ELDER LIMI    ALHAMBRA F7 12/14  BGC,
 ,18/05/2015,20-53-30 30728691,-145.06,DIRECTDEBIT,BHAM MIDSHIRES        649652/20003649652 DDR,
 ,18/05/2015,20-53-30 30728691,-14.67,DIRECTDEBIT,BHAM MIDSHIRES        557032/20010557032 DDR,
 ,18/05/2015,20-53-30 30728691,-190.58,DIRECTDEBIT,BHAM MIDSHIRES        110676/20004110676 DDR,
 ,18/05/2015,20-53-30 30728691,-44.99,DIRECTDEBIT,BT GROUP PLC          GB14092007-000008  DDR,
 ,19/05/2015,20-53-30 30728691,464,DIRECTDEP,BAKER & ELDER LIMI    FAWCETT F3 169     BGC,
 ,20/05/2015,20-53-30 30728691,894.8,DIRECTDEP,BAKER & ELDER LIMI    LONDON F3 321      BGC,
 ,21/05/2015,20-53-30 30728691,366.56,DIRECTDEP,BAKER & ELDER LIMI    FRATTON F4 163     BGC,
 ,21/05/2015,20-53-30 30728691,454.72,DIRECTDEP,BAKER & ELDER LIMI    ALHAMBRA F5 8      BGC,
 ,21/05/2015,20-53-30 30728691,-46.11,DIRECTDEBIT,SKY DIGITAL           00620054164228     DDR,
 ,22/05/2015,20-53-30 30728691,398,DIRECTDEP,BAKER & ELDER LIMI    ALHAMBRA F16 12/14 BGC,
 ,22/05/2015,20-53-30 30728691,464,DIRECTDEP,BAKER & ELDER LIMI    ALHAMBRA F12 16/18 BGC,
 ,22/05/2015,20-53-30 30728691,464,DIRECTDEP,BAKER & ELDER LIMI    ALHAMBRA F11 12/14 BGC,
 ,22/05/2015,20-53-30 30728691,464,DIRECTDEP,BAKER & ELDER LIMI    ALHAMBRA F10 12/14 BGC,
 ,22/05/2015,20-53-30 30728691,-183.94,DIRECTDEBIT,BHAM MIDSHIRES        882432/20007882432 DDR,
 ,26/05/2015,20-53-30 30728691,-500,FT ,207409 40406538       MOBILE-CHANNEL     FT ,
 ,26/05/2015,20-53-30 30728691,-519.5,REPEATPMT,G& F VALENTINO        MTUCKER            STO,
 ,27/05/2015,20-53-30 30728691,928,DIRECTDEP,BAKER & ELDER LIMI    LONDON RD F1&2 321 BGC,
 ,27/05/2015,20-53-30 30728691,454.72,DIRECTDEP,BAKER & ELDER LIMI    ALHAMBRA F5 12/14  BGC,
 ,27/05/2015,20-53-30 30728691,464,DIRECTDEP,BAKER & ELDER LIMI    ALHAMBRA F3 16/18  BGC,
 ,27/05/2015,20-53-30 30728691,464,DIRECTDEP,BAKER & ELDER LIMI    ALHAMBRA F11 16/18 BGC,
 ,27/05/2015,20-53-30 30728691,-1200,REPEATPMT,MR MATTHEW STUART     207409 40406538    STO,
 ,28/05/2015,20-53-30 30728691,-33,DIRECTDEBIT,BOOTS REWARDSCHEME    A45028400000736    DDR,
 ,29/05/2015,20-53-30 30728691,-400,REPEATPMT,F VALENTINO           RENT               STO,
 ,29/05/2015,20-53-30 30728691,-129.28,DIRECTDEBIT,BHAM MIDSHIRES        731371/20002731371 DDR,
 ,29/05/2015,20-53-30 30728691,-188.33,DIRECTDEBIT,MORTGAGE TRUST        002197389 10192820 DDR,
 ,29/05/2015,20-53-30 30728691,-193.75,DIRECTDEBIT,MORTGAGE TRUST        002186357 10192820 DDR,
 ,29/05/2015,20-53-30 30728691,-193.75,DIRECTDEBIT,MORTGAGE TRUST        002186356 10192820 DDR,
 ,29/05/2015,20-53-30 30728691,-193.75,DIRECTDEBIT,MORTGAGE TRUST        002186317 10192820 DDR,
