Number,Date,Account,Amount,Subcategory,Memo
 ,03/03/2014,20-53-30 30728691,525,STO,STEPEK MP             FLAT 19 4/6 ALHAM  STO
 ,03/03/2014,20-53-30 30728691,495,STO,MCCARDLE PM           21 4-6 ALHAMBRA RO STO
 ,03/03/2014,20-53-30 30728691,-2179.84,FT ,209254 13438023       LONGMORE SC 2014   FT 
 ,03/03/2014,20-53-30 30728691,-4.65,PAYMENT,EVERYTHING EVERYWH    ON 28 FEB          CLP
 ,03/03/2014,20-53-30 30728691,-1.05,PAYMENT,ELIOR@EE              ON 28 FEB          CLP
 ,03/03/2014,20-53-30 30728691,-1,PAYMENT,ELIOR@EE              ON 28 FEB          CLP
 ,03/03/2014,20-53-30 30728691,-0.65,PAYMENT,ELIOR@EE              ON 28 FEB          CLP
 ,03/03/2014,20-53-30 30728691,-71.89,PAYMENT,SHELL BALDOCK         ON 28 FEB          BCC
 ,03/03/2014,20-53-30 30728691,-17.88,PAYMENT,NEW COUNTY SERVICE    ON 28 FEB          BCC
 ,03/03/2014,20-53-30 30728691,-465,REPEATPMT,ALHAMBRA ROAD MANA    209254 83672832    STO
 ,03/03/2014,20-53-30 30728691,-400,REPEATPMT,F VALENTINO           RENT               STO
 ,03/03/2014,20-53-30 30728691,-324.97,REPEATPMT,VALENTINO I    0   STO
 ,03/03/2014,20-53-30 30728691,-320,REPEATPMT,ALHAMBRA ROAD MANA    209254 13686035    STO
 ,03/03/2014,20-53-30 30728691,-315,REPEATPMT,ALHAMBRA ROAD MANA    209254 23534332    STO
 ,03/03/2014,20-53-30 30728691,-196.79,REPEATPMT,M TUCKER              KINGSTON SHOP      STO
 ,03/03/2014,20-53-30 30728691,-50,REPEATPMT,NATIONWIDE            0604/229172770     STO
 ,03/03/2014,20-53-30 30728691,-50,REPEATPMT,23 HAMPSHIRE TERRA    209254 13676978    STO
 ,03/03/2014,20-53-30 30728691,-50,REPEATPMT,MATHEW TUCKER         MTUCKER            STO
 ,03/03/2014,20-53-30 30728691,-38,DIRECTDEBIT,SOUTHERN ELECTRIC     688276601          DDR
 ,03/03/2014,20-53-30 30728691,-522.3,DIRECTDEBIT,NRAM                  24935234           DDR
 ,03/03/2014,20-53-30 30728691,-228.81,DIRECTDEBIT,MORTGAGE EXPRESS      2016485220020880   DDR
 ,03/03/2014,20-53-30 30728691,-187.95,DIRECTDEBIT,MORTGAGE EXPRESS      2016485130020880   DDR
 ,03/03/2014,20-53-30 30728691,-212.45,DIRECTDEBIT,MORTGAGE EXPRESS      2016485040020880   DDR
 ,03/03/2014,20-53-30 30728691,-234.85,DIRECTDEBIT,MORTGAGE EXPRESS      2007545250020880   DDR
 ,03/03/2014,20-53-30 30728691,-226.76,DIRECTDEBIT,MORTGAGE EXPRESS      2007107760020880   DDR
 ,03/03/2014,20-53-30 30728691,-186.23,DIRECTDEBIT,MORTGAGE EXPRESS      2007093450020880   DDR
 ,03/03/2014,20-53-30 30728691,-226.6,DIRECTDEBIT,MORTGAGE EXPRESS      2007093360020880   DDR
 ,03/03/2014,20-53-30 30728691,-186.14,DIRECTDEBIT,MORTGAGE EXPRESS      2007093270020880   DDR
 ,03/03/2014,20-53-30 30728691,-186.1,DIRECTDEBIT,MORTGAGE EXPRESS      2006372640020880   DDR
 ,03/03/2014,20-53-30 30728691,-9,DIRECTDEBIT,SOUTHERN ELECTRIC     141011701          DDR
 ,03/03/2014,20-53-30 30728691,-263.8,DIRECTDEBIT,BHAM MIDSHIRES        020003973492/74851 DDR
 ,03/03/2014,20-53-30 30728691,-37.95,DIRECTDEBIT,LEGAL & GEN MI C/L    011439921-5        DDR
 ,03/03/2014,20-53-30 30728691,-200.74,DIRECTDEBIT,PLATFORM FUNDING      01050230313307     DDR
 ,03/03/2014,20-53-30 30728691,-217.96,DIRECTDEBIT,PLATFORM FUNDING      01050229961090     DDR
 ,03/03/2014,20-53-30 30728691,-217.96,DIRECTDEBIT,PLATFORM FUNDING      01050229961082     DDR
 ,03/03/2014,20-53-30 30728691,-219.74,DIRECTDEBIT,PLATFORM FUNDING      01050228964703     DDR
 ,03/03/2014,20-53-30 30728691,-143.54,DIRECTDEBIT,MORTGAGE EXPRESS      0019966240020880   DDR
 ,03/03/2014,20-53-30 30728691,-159.32,DIRECTDEBIT,MORTGAGE EXPRESS      0018724700020880   DDR
 ,03/03/2014,20-53-30 30728691,-159.35,DIRECTDEBIT,MORTGAGE EXPRESS      0017031550020880   DDR
 ,03/03/2014,20-53-30 30728691,-152.33,DIRECTDEBIT,MORTGAGE EXPRESS      0016470530020880   DDR
 ,03/03/2014,20-53-30 30728691,-145.46,DIRECTDEBIT,MORTGAGE EXPRESS      0015866140020880   DDR
 ,03/03/2014,20-53-30 30728691,-1070.75,DIRECTDEBIT,THE HARPUR TRUST      TUCKM /PVALS       DDR
 ,03/03/2014,20-53-30 30728691,-927.5,DIRECTDEBIT,THE HARPUR TRUST      TUCKM /PVALR       DDR
 ,03/03/2014,20-53-30 30728691,-51.28,DIRECTDEBIT,EE & T-MOBILE         Q13077400439922116 DDR
 ,03/03/2014,20-53-30 30728691,-367.26,DIRECTDEBIT,MORTGAGE EXPRESS      MEC00005/480016104 DDR
 ,03/03/2014,20-53-30 30728691,-110,DIRECTDEBIT,AUBURN SEC 6          CHL00002/907372200 DDR
 ,03/03/2014,20-53-30 30728691,-110,DIRECTDEBIT,AUBURN SEC 6          CHL00002/907371904 DDR
 ,03/03/2014,20-53-30 30728691,-375.68,DIRECTDEBIT,AMBER HOMELOANS       AHG00001/480441702 DDR
 ,04/03/2014,20-53-30 30728691,-3,PAYMENT,EVERYTHING EVERYWH    ON 03 MAR          CLP
 ,04/03/2014,20-53-30 30728691,-1.8,PAYMENT,ELIOR@EE              ON 03 MAR          CLP
 ,04/03/2014,20-53-30 30728691,-1.25,PAYMENT,ELIOR@EE              ON 03 MAR          CLP
 ,04/03/2014,20-53-30 30728691,-0.78,PAYMENT,Amazon Web Service    USA                   
 ,04/03/2014,20-53-30 30728691,-75,REPEATPMT,KINGSTON UNITY        PL684048A VALENTNO STO
 ,04/03/2014,20-53-30 30728691,-75,DIRECTDEBIT,SHEPHERDS FS          PN026484A          DDR
 ,05/03/2014,20-53-30 30728691,424,DIRECTDEP,BAKER & ELDER LIMI    ALHAMBRA F13 16/18 BGC
 ,05/03/2014,20-53-30 30728691,-2.25,PAYMENT,ELIOR@EE              ON 04 MAR          CLP
 ,05/03/2014,20-53-30 30728691,-1.8,PAYMENT,ELIOR@EE              ON 04 MAR          CLP
 ,05/03/2014,20-53-30 30728691,-1.05,PAYMENT,ELIOR@EE              ON 04 MAR          CLP
 ,05/03/2014,20-53-30 30728691,-0.65,PAYMENT,ELIOR@EE              ON 04 MAR          CLP
 ,05/03/2014,20-53-30 30728691,-81.51,DIRECTDEBIT,BHAM MIDSHIRES        251387/20011251387 DDR
 ,06/03/2014,20-53-30 30728691,409.73,DIRECTDEP,BAKER & ELDER LIMI    KINGSTON 196B      BGC
 ,06/03/2014,20-53-30 30728691,388.8,DIRECTDEP,BAKER & ELDER LIMI    HAMPSHIRE 23B      BGC
 ,06/03/2014,20-53-30 30728691,459.36,DIRECTDEP,BAKER & ELDER LIMI    FRATTON F2 163     BGC
 ,06/03/2014,20-53-30 30728691,464,DIRECTDEP,BAKER & ELDER LIMI    ALHAMBRA F16 12/14 BGC
 ,06/03/2014,20-53-30 30728691,-4.9,PAYMENT,ELIOR@EE              ON 05 MAR          CLP
 ,06/03/2014,20-53-30 30728691,-4.45,PAYMENT,EVERYTHING EVERYWH    ON 05 MAR          CLP
 ,06/03/2014,20-53-30 30728691,-1,PAYMENT,ELIOR@EE              ON 05 MAR          CLP
 ,06/03/2014,20-53-30 30728691,-0.65,PAYMENT,ELIOR@EE              ON 05 MAR          CLP
 ,07/03/2014,20-53-30 30728691,425,STO,NWOSU O          C    FLAT 7 8 ALHAMBRA  STO
 ,07/03/2014,20-53-30 30728691,538.24,DIRECTDEP,BAKER & ELDER LIMI    FAWCETT F1 171     BGC
 ,07/03/2014,20-53-30 30728691,464,DIRECTDEP,BAKER & ELDER LIMI    ALHAMBRA F8 8/10   BGC
 ,07/03/2014,20-53-30 30728691,464,DIRECTDEP,BAKER & ELDER LIMI    ALHAMBRA F14 12/14 BGC
 ,07/03/2014,20-53-30 30728691,-1.05,PAYMENT,ELIOR@EE              ON 06 MAR          CLP
 ,07/03/2014,20-53-30 30728691,-1,PAYMENT,ELIOR@EE              ON 06 MAR          CLP
 ,07/03/2014,20-53-30 30728691,-1,PAYMENT,ELIOR@EE              ON 06 MAR          CLP
 ,07/03/2014,20-53-30 30728691,-36.77,PAYMENT,BOOTS
 ,10/03/2014,20-53-30 30728691,252,FT ,200574 33631583       MULTIPLE           FT 
 ,10/03/2014,20-53-30 30728691,108,FT ,200574 33631583       EXPRESS ELECTRICAL FT 
 ,10/03/2014,20-53-30 30728691,426.88,DIRECTDEP,BAKER & ELDER LIMI    KINGSTON 196A      BGC
 ,10/03/2014,20-53-30 30728691,464,DIRECTDEP,BAKER & ELDER LIMI    ALHAMBRA F7 16/18  BGC
 ,10/03/2014,20-53-30 30728691,464,DIRECTDEP,BAKER & ELDER LIMI    ALHAMBRA F6 8      BGC
 ,10/03/2014,20-53-30 30728691,464,DIRECTDEP,BAKER & ELDER LIMI    ALHAMBRA F11 12/14 BGC
 ,10/03/2014,20-53-30 30728691,9360,DIRECTDEP,Bugisiw Limited       BUGISIW LTD        BGC
 ,10/03/2014,20-53-30 30728691,28600,STO,BUGISIW LIMITED       BUGISIW LTD        STO
 ,10/03/2014,20-53-30 30728691,-2527.36,PAYMENT,BAKER AND ELDER L     MTUCKER-FEB14      BBP
 ,10/03/2014,20-53-30 30728691,-1998.31,PAYMENT,BAKER AND ELDER L     MTUCKER-JAN14      BBP
 ,10/03/2014,20-53-30 30728691,-1120.63,PAYMENT,BAKER AND ELDER L     MTUCKER-DEC13      BBP
 ,10/03/2014,20-53-30 30728691,-546.03,FT ,200574 33631583       MTUCKER SC         FT 
 ,10/03/2014,20-53-30 30728691,-28600,FT ,207409 60458872    FT 
 ,10/03/2014,20-53-30 30728691,-9360,FT ,207409 60458872    FT 
 ,10/03/2014,20-53-30 30728691,-4.65,PAYMENT,EVERYTHING EVERYWH    ON 07 MAR          CLP
 ,10/03/2014,20-53-30 30728691,-2.25,PAYMENT,ELIOR@EE              ON 06 MAR          CLP
 ,10/03/2014,20-53-30 30728691,-1,PAYMENT,ELIOR@EE              ON 07 MAR          CLP
 ,10/03/2014,20-53-30 30728691,-0.7,PAYMENT,ELIOR@EE              ON 07 MAR          CLP
 ,10/03/2014,20-53-30 30728691,-62.39,PAYMENT,NEW COUNTY SERVICE    ON 09 MAR          BCC
 ,10/03/2014,20-53-30 30728691,-13.3,PAYMENT,MEAD OPEN FARM        ON 09 MAR          BCC
 ,10/03/2014,20-53-30 30728691,-9.1,PAYMENT,MEAD OPEN FARM        ON 09 MAR          BCC
 ,10/03/2014,20-53-30 30728691,-7.98,PAYMENT,Amazon *Mktplce EU    LUXEMBOURG            
 ,10/03/2014,20-53-30 30728691,-19.95,DIRECTDEBIT,BHAM MIDSHIRES        556389/20010556389 DDR
 ,10/03/2014,20-53-30 30728691,-82.61,DIRECTDEBIT,BHAM MIDSHIRES        309942/20009309942 DDR
 ,10/03/2014,20-53-30 30728691,-218.68,DIRECTDEBIT,BHAM MIDSHIRES        020007900597/89565 DDR
 ,11/03/2014,20-53-30 30728691,278.4,DIRECTDEP,BAKER & ELDER LIMI    KINGSTON SHOP      BGC
 ,11/03/2014,20-53-30 30728691,464,DIRECTDEP,BAKER & ELDER LIMI    ALHAMBRA F6 16/18  BGC
 ,11/03/2014,20-53-30 30728691,1113.6,DIRECTDEP,BAKER & ELDER LIMI    ALHAMBRA F23 4/6   BGC
 ,11/03/2014,20-53-30 30728691,464,DIRECTDEP,BAKER & ELDER LIMI    ALHAMBRA F22 4/6   BGC
 ,11/03/2014,20-53-30 30728691,-3.35,PAYMENT,EVERYTHING EVERYWH    ON 10 MAR          CLP
 ,11/03/2014,20-53-30 30728691,-2.3,PAYMENT,ELIOR@EE              ON 10 MAR          CLP
 ,11/03/2014,20-53-30 30728691,-0.99,PAYMENT,GOOGLE *JumpPad In    ON 09 MAR          BCC
 ,12/03/2014,20-53-30 30728691,459.36,DIRECTDEP,BAKER & ELDER LIMI    ALHAMBRA F16 16/18 BGC
 ,12/03/2014,20-53-30 30728691,-0.35,PAYMENT,ELIOR@EE              ON 10 MAR          CLP
 ,12/03/2014,20-53-30 30728691,-1000,PAYMENT,MERCEDES-BENZ BREN    ON 11 MAR          BCC
 ,12/03/2014,20-53-30 30728691,-74.99,PAYMENT,PAYPAL *TPICCIN       ON 11 MAR          BCC
 ,12/03/2014,20-53-30 30728691,-52.96,PAYMENT,INTERFLORA BRITISH    ON 11 MAR          BCC
 ,12/03/2014,20-53-30 30728691,-140.07,DIRECTDEBIT,BHAM MIDSHIRES        389757/20000389757 DDR
 ,12/03/2014,20-53-30 30728691,-37.68,DIRECTDEBIT,FRIENDS LIFE DD       014033997/719      DDR
 ,13/03/2014,20-53-30 30728691,-95.98,PAYMENT,PAYPAL *ACTIVITYLT    ON 11 MAR          BCC
 ,13/03/2014,20-53-30 30728691,-8.89,PAYMENT,NEW COUNTY SERVICE    ON 12 MAR          BCC
 ,14/03/2014,20-53-30 30728691,10000,FT ,207409 60458872    FT 
 ,14/03/2014,20-53-30 30728691,417.6,DIRECTDEP,BAKER & ELDER LIMI    FRATTON F3 163     BGC
 ,14/03/2014,20-53-30 30728691,464,DIRECTDEP,BAKER & ELDER LIMI    FAWCETT F2 171     BGC
 ,14/03/2014,20-53-30 30728691,464,DIRECTDEP,BAKER & ELDER LIMI    ALHAMBRA F7 12/14  BGC
 ,14/03/2014,20-53-30 30728691,-9000,PAYMENT,VALENTINO I    0      MTUCKER            BBP
 ,14/03/2014,20-53-30 30728691,-3.7,PAYMENT,ELIOR@EE              ON 13 MAR          CLP
 ,14/03/2014,20-53-30 30728691,-1.8,PAYMENT,ELIOR@EE              ON 13 MAR          CLP
 ,14/03/2014,20-53-30 30728691,-1.75,PAYMENT,ELIOR@EE              ON 13 MAR          CLP
 ,14/03/2014,20-53-30 30728691,-0.65,PAYMENT,ELIOR@EE              ON 13 MAR          CLP
 ,14/03/2014,20-53-30 30728691,-0.6,PAYMENT,ELIOR@EE              ON 13 MAR          CLP
 ,14/03/2014,20-53-30 30728691,-204.1,PAYMENT,A & F MOTORS LTD      ON 13 MAR          BCC
 ,14/03/2014,20-53-30 30728691,-67.11,PAYMENT,SHELL BALDOCK         ON 13 MAR          BCC
 ,14/03/2014,20-53-30 30728691,-65.97,PAYMENT,SPORTSDIRECT 233      ON 12 MAR          BCC
 ,14/03/2014,20-53-30 30728691,-40.8,PAYMENT,OneHourTranslation    CYPRUS                
 ,17/03/2014,20-53-30 30728691,95.98,BCC,PAYPAL *ACTIVITYLT    ON 13 MAR          BCC
 ,17/03/2014,20-53-30 30728691,464,DIRECTDEP,BAKER & ELDER LIMI    FAWCETT F3 169     BGC
 ,17/03/2014,20-53-30 30728691,-130,PAYMENT,TERRY LOVELOCK        MTUCKER            BBP
 ,17/03/2014,20-53-30 30728691,-2.25,PAYMENT,ELIOR@EE              ON 14 MAR          CLP
 ,17/03/2014,20-53-30 30728691,-1.75,PAYMENT,ELIOR@EE              ON 14 MAR          CLP
 ,17/03/2014,20-53-30 30728691,-1,PAYMENT,ELIOR@EE              ON 14 MAR          CLP
 ,17/03/2014,20-53-30 30728691,-59.89,PAYMENT,TESCO PFS 5449        ON 14 MAR          BCC
 ,17/03/2014,20-53-30 30728691,-45,PAYMENT,MOLECLINICL           ON 15 MAR          BCC
 ,17/03/2014,20-53-30 30728691,-14.67,DIRECTDEBIT,BHAM MIDSHIRES        557032/20010557032 DDR
 ,17/03/2014,20-53-30 30728691,-186.11,DIRECTDEBIT,MORTGAGE EXPRESS      2008784100020894   DDR
 ,17/03/2014,20-53-30 30728691,-192.58,DIRECTDEBIT,MORTGAGE EXPRESS      2007664780020894   DDR
 ,17/03/2014,20-53-30 30728691,-192.58,DIRECTDEBIT,MORTGAGE EXPRESS      2007545340020894   DDR
 ,17/03/2014,20-53-30 30728691,-186.12,DIRECTDEBIT,MORTGAGE EXPRESS      2007544710020894   DDR
 ,17/03/2014,20-53-30 30728691,-186.09,DIRECTDEBIT,MORTGAGE EXPRESS      2007107670020894   DDR
 ,17/03/2014,20-53-30 30728691,-186.13,DIRECTDEBIT,MORTGAGE EXPRESS      2006332310020894   DDR
 ,17/03/2014,20-53-30 30728691,-186.11,DIRECTDEBIT,MORTGAGE EXPRESS      2005787290020894   DDR
 ,17/03/2014,20-53-30 30728691,-190.58,DIRECTDEBIT,BHAM MIDSHIRES        110676/20004110676 DDR
 ,17/03/2014,20-53-30 30728691,-219.67,DIRECTDEBIT,PLATFORM FUNDING      01050228979115     DDR
 ,17/03/2014,20-53-30 30728691,-184.76,DIRECTDEBIT,PLATFORM FUNDING      01050228957685     DDR
 ,17/03/2014,20-53-30 30728691,-184.76,DIRECTDEBIT,PLATFORM FUNDING      01050228957650     DDR
 ,17/03/2014,20-53-30 30728691,-99,DIRECTDEBIT,MBFIN  S0CX56VSP02    S0CX56VSP026802479 DDR
 ,18/03/2014,20-53-30 30728691,-3,PAYMENT,ELIOR@EE              ON 17 MAR          CLP
 ,18/03/2014,20-53-30 30728691,-2.55,PAYMENT,ELIOR@EE              ON 17 MAR          CLP
 ,18/03/2014,20-53-30 30728691,-1,PAYMENT,ELIOR@EE              ON 17 MAR          CLP
 ,18/03/2014,20-53-30 30728691,-384.96,PAYMENT,LV INSUREFRIZZEL      ON 17 MAR          BCC
 ,18/03/2014,20-53-30 30728691,-145.06,DIRECTDEBIT,BHAM MIDSHIRES        649652/20003649652 DDR
 ,19/03/2014,20-53-30 30728691,366.56,DIRECTDEP,BAKER & ELDER LIMI    FRATTON F4 163     BGC
 ,19/03/2014,20-53-30 30728691,386,DIRECTDEP,BAKER & ELDER LIMI    FAWCETT F1 169     BGC
 ,19/03/2014,20-53-30 30728691,454.72,DIRECTDEP,BAKER & ELDER LIMI    ALHAMBRA F5 8      BGC
 ,19/03/2014,20-53-30 30728691,464,DIRECTDEP,BAKER & ELDER LIMI    ALHAMBRA F12 16/18 BGC
 ,19/03/2014,20-53-30 30728691,464,DIRECTDEP,BAKER & ELDER LIMI    ALHAMBRA F10 12/14 BGC
 ,19/03/2014,20-53-30 30728691,-2.25,PAYMENT,ELIOR@EE              ON 18 MAR          CLP
 ,19/03/2014,20-53-30 30728691,-1.75,PAYMENT,ELIOR@EE              ON 18 MAR          CLP
 ,19/03/2014,20-53-30 30728691,-0.65,PAYMENT,ELIOR@EE              ON 18 MAR          CLP
 ,20/03/2014,20-53-30 30728691,-500,FT ,207409 40406538       MOBILE-CHANNEL     FT 
 ,20/03/2014,20-53-30 30728691,-3.3,PAYMENT,ELIOR@EE              ON 19 MAR          CLP
 ,20/03/2014,20-53-30 30728691,-1.3,PAYMENT,ELIOR@EE              ON 19 MAR          CLP
 ,20/03/2014,20-53-30 30728691,-0.65,PAYMENT,ELIOR@EE              ON 19 MAR          CLP
 ,21/03/2014,20-53-30 30728691,519.68,DIRECTDEP,BAKER & ELDER LIMI    ALHAMBRA F20 4/6   BGC
 ,21/03/2014,20-53-30 30728691,-3.9,PAYMENT,ELIOR@EE              ON 20 MAR          CLP
 ,21/03/2014,20-53-30 30728691,-1.85,PAYMENT,ELIOR@EE              ON 20 MAR          CLP
 ,21/03/2014,20-53-30 30728691,-0.9,PAYMENT,ELIOR@EE              ON 20 MAR          CLP
 ,21/03/2014,20-53-30 30728691,-43,DIRECTDEBIT,SKY DIGITAL           00620054164228     DDR
 ,24/03/2014,20-53-30 30728691,464,DIRECTDEP,BAKER & ELDER LIMI    LONDON F2 321      BGC
 ,24/03/2014,20-53-30 30728691,464,DIRECTDEP,BAKER & ELDER LIMI    LONDON F1 321      BGC
 ,24/03/2014,20-53-30 30728691,454.72,DIRECTDEP,BAKER & ELDER LIMI    ALHAMBRA F5 12/14  BGC
 ,24/03/2014,20-53-30 30728691,464,DIRECTDEP,BAKER & ELDER LIMI    ALHAMBRA F4 12/14  BGC
 ,24/03/2014,20-53-30 30728691,321.68,DIRECTDEP,BAKER & ELDER LIMI    ALHAMBRA F1 16/18  BGC
 ,24/03/2014,20-53-30 30728691,464,DIRECTDEP,BAKER & ELDER LIMI    ALHAMBRA F11 16/18 BGC
 ,24/03/2014,20-53-30 30728691,-4.65,PAYMENT,ELIOR@EE              ON 21 MAR          CLP
 ,24/03/2014,20-53-30 30728691,-1.85,PAYMENT,ELIOR@EE              ON 21 MAR          CLP
 ,24/03/2014,20-53-30 30728691,-0.7,PAYMENT,ELIOR@EE              ON 21 MAR          CLP
 ,24/03/2014,20-53-30 30728691,-87.23,PAYMENT,SHELL BEACONSFIELD    ON 22 MAR          BCC
 ,24/03/2014,20-53-30 30728691,-83,PAYMENT,HOUSE OF FRASER       ON 23 MAR          BCC
 ,24/03/2014,20-53-30 30728691,-66,PAYMENT,TRAVELODGE WEBSITE    ON 21 MAR          BCC
 ,24/03/2014,20-53-30 30728691,-22.32,PAYMENT,M&S SIMPLY FOOD       ON 22 MAR          BCC
 ,24/03/2014,20-53-30 30728691,-19.99,PAYMENT,LEGO STORE            ON 23 MAR          BCC
 ,24/03/2014,20-53-30 30728691,-6.54,PAYMENT,Amazon *Mktplce EU    LUXEMBOURG            
 ,24/03/2014,20-53-30 30728691,-183.94,DIRECTDEBIT,BHAM MIDSHIRES        882432/20007882432 DDR
 ,25/03/2014,20-53-30 30728691,-79.96,PAYMENT,T K MAXX              ON 24 MAR          BCC
 ,25/03/2014,20-53-30 30728691,-519.5,REPEATPMT,G& F VALENTINO        MTUCKER            STO
100077,25/03/2014,20-53-30 30728691,-10,CHQ,100077
 ,26/03/2014,20-53-30 30728691,-6.92,PAYMENT,BP BEDFORD EXPRESS    ON 24 MAR          CLP
 ,26/03/2014,20-53-30 30728691,-78.99,PAYMENT,BP BEDFORD EXPRESS    ON 24 MAR          BCC
 ,27/03/2014,20-53-30 30728691,464,DIRECTDEP,BAKER & ELDER LIMI    LONDON F4 321      BGC
 ,27/03/2014,20-53-30 30728691,464,DIRECTDEP,BAKER & ELDER LIMI    ALHAMBRA F3 12/14  BGC
 ,27/03/2014,20-53-30 30728691,464,DIRECTDEP,BAKER & ELDER LIMI    ALHAMBRA F18 4/6   BGC
 ,27/03/2014,20-53-30 30728691,214,DIRECTDEP,Baker & Elder Limi    ALHAMBRA F3 16/18  BGC
 ,27/03/2014,20-53-30 30728691,-1200,REPEATPMT,MR MATTHEW STUART     207409 40406538    STO
 ,27/03/2014,20-53-30 30728691,-28.4,DIRECTDEBIT,TALKTALK LIMITED      5008130512 6011094 DDR
100080,27/03/2014,20-53-30 30728691,-20,CHQ,100080
 ,28/03/2014,20-53-30 30728691,180,FT ,209254 13676978       TIM KEMP           FT 
 ,28/03/2014,20-53-30 30728691,180,FT ,209254 33378969       TIM KEMP           FT 
 ,28/03/2014,20-53-30 30728691,108,FT ,200574 33631583       TIM KEMP           FT 
 ,28/03/2014,20-53-30 30728691,108,FT ,200574 63796884       TIM KEMP           FT 
 ,28/03/2014,20-53-30 30728691,36,FT ,209254 33378969       TIM KEMP           FT 
 ,28/03/2014,20-53-30 30728691,32,FT ,209254 13676978       TIM KEMP           FT 
 ,28/03/2014,20-53-30 30728691,4,FT ,209254 13676978       TIM KEMP           FT 
 ,28/03/2014,20-53-30 30728691,-756,PAYMENT,TIM KEMP AIMS         MTUCKER 201452     BBP
 ,31/03/2014,20-53-30 30728691,-260,PAYMENT,TATIANA HAIR EXTEN    ON 29 MAR          BCC
 ,31/03/2014,20-53-30 30728691,-93,PAYMENT,MITOQ LIMITED         NEW ZEALAND           
 ,31/03/2014,20-53-30 30728691,-400,REPEATPMT,F VALENTINO           RENT               STO
 ,31/03/2014,20-53-30 30728691,-129.28,DIRECTDEBIT,BHAM MIDSHIRES        731371/20002731371 DDR
 ,31/03/2014,20-53-30 30728691,-185.07,DIRECTDEBIT,MORTGAGE TRUST        002197389 10188560 DDR
 ,31/03/2014,20-53-30 30728691,-190.71,DIRECTDEBIT,MORTGAGE TRUST        002186357 10188560 DDR
 ,31/03/2014,20-53-30 30728691,-190.71,DIRECTDEBIT,MORTGAGE TRUST        002186356 10188560 DDR
 ,31/03/2014,20-53-30 30728691,-190.71,DIRECTDEBIT,MORTGAGE TRUST        002186317 10188560 DDR
 ,31/03/2014,20-53-30 30728691,-40.08,DIRECTDEBIT,EE & T-MOBILE         Q13077400444291085 DDR
