Number,Date,Account,Amount,Subcategory,Memo,
 ,31/05/2013,20-53-30 30728691,-3.3,PAYMENT,ELIOR@EE              REF 150 0000000000 CLP,
 ,31/05/2013,20-53-30 30728691,-50,CASH,YCASH                 EVERYTHING EVERYWH    ,
 ,31/05/2013,20-53-30 30728691,-72.58,PAYMENT,SHELL BALDOCK         REF 150 0000000000 BCC,
 ,31/05/2013,20-53-30 30728691,-58.99,PAYMENT,BP BEDFORD EXPRESS    REF 149 0000000000 BCC,
 ,31/05/2013,20-53-30 30728691,-183.85,DIRECTDEBIT,MORTGAGE TRUST        002197389 10185520 DDR,
 ,31/05/2013,20-53-30 30728691,-189.57,DIRECTDEBIT,MORTGAGE TRUST        002186357 10185520 DDR,
 ,31/05/2013,20-53-30 30728691,-189.57,DIRECTDEBIT,MORTGAGE TRUST        002186356 10185520 DDR,
 ,31/05/2013,20-53-30 30728691,-189.57,DIRECTDEBIT,MORTGAGE TRUST        002186317 10185520 DDR,
 ,30/05/2013,20-53-30 30728691,464,DIRECTDEP,BAKER & ELDER LIMI    LONDON F4 321      BGC,
 ,30/05/2013,20-53-30 30728691,510.4,DIRECTDEP,BAKER & ELDER LIMI    LONDON F3 321      BGC,
 ,30/05/2013,20-53-30 30728691,464,DIRECTDEP,BAKER & ELDER LIMI    ALHAMBRA F6 8      BGC,
 ,30/05/2013,20-53-30 30728691,464,DIRECTDEP,BAKER & ELDER LIMI    ALHAMBRA F18 4/6   BGC,
 ,30/05/2013,20-53-30 30728691,-90,PAYMENT,LATCHFORD AND LATC    REF 149 0000000000 BCC,
 ,29/05/2013,20-53-30 30728691,464,DIRECTDEP,BAKER & ELDER LIMI    ALHAMBRA F4 12/14  BGC,
 ,29/05/2013,20-53-30 30728691,419,DIRECTDEP,BAKER & ELDER LIMI    ALHAMBRAF3 12/14   BGC,
 ,29/05/2013,20-53-30 30728691,519.68,DIRECTDEP,BAKER & ELDER LIMI    ALHAMBRA F1 16/18  BGC,
 ,29/05/2013,20-53-30 30728691,-62.95,PAYMENT,NEW COUNTY SERVICE    REF 148 0000000000 BCC,
 ,29/05/2013,20-53-30 30728691,-60,PAYMENT,FRANKIE & BENNYS      REF 148 0000000000 BCC,
 ,29/05/2013,20-53-30 30728691,-42.5,PAYMENT,NEXT RETAIL LTD       REF 148 0000000000 BCC,
 ,29/05/2013,20-53-30 30728691,-27.69,PAYMENT,BP BEDFORD EXPRESS    REF 147 0000000000 BCC,
 ,29/05/2013,20-53-30 30728691,-400,REPEATPMT,F VALENTINO           RENT               STO,
 ,29/05/2013,20-53-30 30728691,-129.28,DIRECTDEBIT,BHAM MIDSHIRES        731371/20002731371 DDR,
 ,28/05/2013,20-53-30 30728691,464,DIRECTDEP,BAKER & ELDER LIMI    LONDON F2 321      BGC,
 ,28/05/2013,20-53-30 30728691,299,DIRECTDEP,BAKER & ELDER LIMI    LONDON F1 321      BGC,
 ,28/05/2013,20-53-30 30728691,454.72,DIRECTDEP,BAKER & ELDER LIMI    ALHAMBRA F5 12/14  BGC,
 ,28/05/2013,20-53-30 30728691,-80.56,PAYMENT,SAINSBURY'S S/MKT     REF 144 0000000000 BCC,
 ,28/05/2013,20-53-30 30728691,-77.42,PAYMENT,TESCO PFS 5449        REF 147 0000000000 BCC,
 ,28/05/2013,20-53-30 30728691,-29.39,PAYMENT,BP BEDFORD EXPRESS    REF 143 0000000000 BCC,
 ,28/05/2013,20-53-30 30728691,-22.35,PAYMENT,SAINSBURY'S S/MKT     REF 144 0000000000 BCC,
 ,28/05/2013,20-53-30 30728691,-11.97,PAYMENT,SHUTTLEWORTH COLLC    REF 147 0000000000 BCC,
 ,28/05/2013,20-53-30 30728691,-5.45,PAYMENT,SHUTTLEWORTH          REF 147 0000000000 BCC,
 ,28/05/2013,20-53-30 30728691,-2170.3,REPEATPMT,MR MATTHEW STUART     207409 40406538    STO,
 ,28/05/2013,20-53-30 30728691,-519.5,REPEATPMT,G& F VALENTINO        MTUCKER            STO,
 ,24/05/2013,20-53-30 30728691,-71.2,PAYMENT,BP BEDFORD EXPRESS    REF 142 0000000000 BCC,
 ,23/05/2013,20-53-30 30728691,464,DIRECTDEP,BAKER & ELDER LIMI    ALHAMBRA F3 16/18  BGC,
 ,23/05/2013,20-53-30 30728691,519.68,DIRECTDEP,BAKER & ELDER LIMI    ALHAMBRA F20 4/6   BGC,
 ,23/05/2013,20-53-30 30728691,94,DIRECTDEP,BAKER & ELDER LIMI    ALHAMBRA F12 16/18 BGC,
 ,23/05/2013,20-53-30 30728691,464,DIRECTDEP,BAKER & ELDER LIMI    ALHAMBRA F10 12/14 BGC,
 ,23/05/2013,20-53-30 30728691,-17.02,PAYMENT,BP BEDFORD EXPRESS    REF 142 0000000000 CLP,
 ,23/05/2013,20-53-30 30728691,-17.9,PAYMENT,THE TAVISTOCK PUB     REF 142 0000000000 BCC,
 ,23/05/2013,20-53-30 30728691,-6.05,PAYMENT,Amazon EU             LUXEMBOURG            ,
 ,22/05/2013,20-53-30 30728691,464,DIRECTDEP,BAKER & ELDER LIMI    FAWCETT F1 169     BGC,
 ,22/05/2013,20-53-30 30728691,-6.54,PAYMENT,BOOTS 6407            REF 141 0000000000 CLP,
 ,22/05/2013,20-53-30 30728691,-4.78,PAYMENT,MCDONALDS REST.       REF 141 0000000000 CLP,
 ,22/05/2013,20-53-30 30728691,-99.28,PAYMENT,BOOTS 6407            REF 141 0000000000 BCC,
 ,22/05/2013,20-53-30 30728691,-35.32,PAYMENT,BP BEDFORD EXPRESS    REF 140 0000000000 BCC,
 ,22/05/2013,20-53-30 30728691,-183.94,DIRECTDEBIT,BHAM MIDSHIRES        882432/20007882432 DDR,
 ,22/05/2013,20-53-30 30728691,-106.44,DIRECTDEBIT,HITACHI CAPITAL CO    023217445/32       DDR,
 ,21/05/2013,20-53-30 30728691,366.56,DIRECTDEP,Baker & Elder Limi    FRATTON RD F4 163  BGC,
 ,21/05/2013,20-53-30 30728691,-28.51,PAYMENT,NEW COUNTY SERVICE    REF 140 0000000000 BCC,
 ,20/05/2013,20-53-30 30728691,-4.65,PAYMENT,ELIOR@EE              REF 137 0000000000 CLP,
 ,20/05/2013,20-53-30 30728691,-260,PAYMENT,TATIANA HAIR EXTEN    REF 139 0000000000 BCC,
 ,20/05/2013,20-53-30 30728691,-54.34,PAYMENT,BOOTS,HATFIELD        REF 137 0000000000 BCC
 ,20/05/2013,20-53-30 30728691,-37,PAYMENT,MADDISONS FLORISTS    REF 137 0000000000 BCC,
 ,20/05/2013,20-53-30 30728691,-23.98,PAYMENT,Amazon EU             LUXEMBOURG            ,
 ,20/05/2013,20-53-30 30728691,-19.5,PAYMENT,FIRST CAPITAL CONN    REF 139 0000000000 BCC,
 ,20/05/2013,20-53-30 30728691,-17.73,PAYMENT,SWANNERY RESTAURAN    REF 140 0000000000 BCC,
 ,20/05/2013,20-53-30 30728691,-1.48,PAYMENT,Amazon *Mktplce EU    LUXEMBOURG            ,
 ,20/05/2013,20-53-30 30728691,-145.06,DIRECTDEBIT,BHAM MIDSHIRES        649652/20003649652 DDR,
 ,17/05/2013,20-53-30 30728691,526.8,DIRECTDEP,BAKER & ELDER LIMI    HAMPSHIRE TERR     BGC,
 ,17/05/2013,20-53-30 30728691,454.72,DIRECTDEP,BAKER & ELDER LIMI    ALHAMBRA F5 8/10   BGC,
 ,17/05/2013,20-53-30 30728691,-4.45,PAYMENT,ELIOR@EE              REF 136 0000000000 CLP,
 ,17/05/2013,20-53-30 30728691,-5,PAYMENT,OneHourTranslation    CYPRUS                ,
 ,17/05/2013,20-53-30 30728691,-0.63,PAYMENT,Amazon Web Service    USA                   ,
 ,16/05/2013,20-53-30 30728691,-4.1,PAYMENT,ELIOR@EE              REF 135 0000000000 CLP,
 ,16/05/2013,20-53-30 30728691,-13,PAYMENT,COMPANIES HOUSE       REF 135 0000000000 BCC,
 ,16/05/2013,20-53-30 30728691,-14.67,DIRECTDEBIT,BHAM MIDSHIRES        557032/20010557032 DDR,
 ,16/05/2013,20-53-30 30728691,-190.58,DIRECTDEBIT,BHAM MIDSHIRES        110676/20004110676 DDR,
 ,15/05/2013,20-53-30 30728691,-479.59,PAYMENT,CONQUEST OIL COMPA    REF 134 0000000000 BCC,
 ,15/05/2013,20-53-30 30728691,-186.11,DIRECTDEBIT,MORTGAGE EXPRESS      2008784100020588   DDR,
 ,15/05/2013,20-53-30 30728691,-192.58,DIRECTDEBIT,MORTGAGE EXPRESS      2007664780020588   DDR,
 ,15/05/2013,20-53-30 30728691,-192.58,DIRECTDEBIT,MORTGAGE EXPRESS      2007545340020588   DDR,
 ,15/05/2013,20-53-30 30728691,-186.12,DIRECTDEBIT,MORTGAGE EXPRESS      2007544710020588   DDR,
 ,15/05/2013,20-53-30 30728691,-186.09,DIRECTDEBIT,MORTGAGE EXPRESS      2007107670020588   DDR,
 ,15/05/2013,20-53-30 30728691,-186.13,DIRECTDEBIT,MORTGAGE EXPRESS      2006332310020588   DDR,
 ,15/05/2013,20-53-30 30728691,-186.11,DIRECTDEBIT,MORTGAGE EXPRESS      2005787290020588   DDR,
 ,15/05/2013,20-53-30 30728691,-219.67,DIRECTDEBIT,PLATFORM FUNDING      01050228979115     DDR,
 ,15/05/2013,20-53-30 30728691,-184.76,DIRECTDEBIT,PLATFORM FUNDING      01050228957685     DDR,
 ,15/05/2013,20-53-30 30728691,-184.76,DIRECTDEBIT,PLATFORM FUNDING      01050228957650     DDR,
 ,14/05/2013,20-53-30 30728691,292.5,DIRECTDEP,BAKER & ELDER LIMI    FRATTON F3 163     BGC,
 ,14/05/2013,20-53-30 30728691,136.42,DIRECTDEP,BAKER & ELDER LIMI    FAWCETT F2 171     BGC,
 ,14/05/2013,20-53-30 30728691,538.24,DIRECTDEP,BAKER & ELDER LIMI    ALHAMBRA F23 4/6   BGC,
 ,14/05/2013,20-53-30 30728691,459.36,DIRECTDEP,BAKER & ELDER LIMI    ALHAMBRA F16 16/18 BGC,
 ,14/05/2013,20-53-30 30728691,-4.75,PAYMENT,ELIOR@EE              REF 133 0000000000 CLP,
 ,13/05/2013,20-53-30 30728691,278.4,DIRECTDEP,BAKER & ELDER LIMI    KINGSTON RD SHOP   BGC,
 ,13/05/2013,20-53-30 30728691,417.6,DIRECTDEP,BAKER & ELDER LIMI    FAWCETT F2 169     BGC,
 ,13/05/2013,20-53-30 30728691,464,DIRECTDEP,BAKER & ELDER LIMI    ALHAMBRAF6 16/18   BGC,
 ,13/05/2013,20-53-30 30728691,-4.65,PAYMENT,ELIOR@EE              REF 130 0000000000 CLP,
 ,13/05/2013,20-53-30 30728691,-50,CASH,YCASH                 EVERYTHING EVERYWH    ,
 ,13/05/2013,20-53-30 30728691,-140.07,DIRECTDEBIT,BHAM MIDSHIRES        389757/20000389757 DDR,
 ,10/05/2013,20-53-30 30728691,426.88,DIRECTDEP,BAKER & ELDER LIMI    KINGSTON 196A      BGC,
 ,10/05/2013,20-53-30 30728691,464,DIRECTDEP,BAKER & ELDER LIMI    ALHAMBRA F7 16/18  BGC,
 ,10/05/2013,20-53-30 30728691,245.92,DIRECTDEP,BAKER & ELDER LIMI    ALHAMBRA F7 12/14  BGC,
 ,10/05/2013,20-53-30 30728691,-5,PAYMENT,ELIOR@EE              REF 129 0000000000 CLP,
 ,10/05/2013,20-53-30 30728691,-8.91,PAYMENT,NEW COUNTY SERVICE    REF 129 0000000000 BCC,
 ,10/05/2013,20-53-30 30728691,-82.61,DIRECTDEBIT,BHAM MIDSHIRES        309942/20009309942 DDR,
 ,09/05/2013,20-53-30 30728691,538.24,DIRECTDEP,BAKER & ELDER LIMI    FAWCETT RD  F1 171 BGC,
 ,09/05/2013,20-53-30 30728691,464,DIRECTDEP,BAKER & ELDER LIMI    ALHAMBRA F8 8/10   BGC,
 ,09/05/2013,20-53-30 30728691,365,DIRECTDEP,BAKER & ELDER LIMI    ALHAMBRA F14 12/14 BGC,
 ,09/05/2013,20-53-30 30728691,464,DIRECTDEP,BAKER & ELDER LIMI    ALHAMBRA F11 12/14 BGC,
 ,09/05/2013,20-53-30 30728691,464,DIRECTDEP,Baker & Elder Limi    ALHAMBRA F13 16/18 BGC,
 ,09/05/2013,20-53-30 30728691,-2.95,PAYMENT,ELIOR@EE              REF 128 0000000000 CLP,
 ,09/05/2013,20-53-30 30728691,-19.95,DIRECTDEBIT,BHAM MIDSHIRES        556389/20010556389 DDR,
 ,08/05/2013,20-53-30 30728691,-3.3,PAYMENT,ELIOR@EE              REF 127 0000000000 CLP,
 ,08/05/2013,20-53-30 30728691,-2.15,PAYMENT,ELIOR@EE              REF 127 0000000000 CLP,
 ,08/05/2013,20-53-30 30728691,-218.68,DIRECTDEBIT,BHAM MIDSHIRES        020007900597/89565 DDR,
 ,07/05/2013,20-53-30 30728691,-1000,PAYMENT,41FLITWICK            FLITWICK 41        BCC,
 ,07/05/2013,20-53-30 30728691,-39,PAYMENT,MEAD OPEN FARM        REF 126 0000000000 BCC,
 ,07/05/2013,20-53-30 30728691,-36.01,PAYMENT,CO-OP GROUP 310244    REF 126 0000000000 BCC,
 ,07/05/2013,20-53-30 30728691,-22.4,PAYMENT,PRESSED 4 TIME IRO    REF 125 0000000000 BCC,
 ,07/05/2013,20-53-30 30728691,-21.24,PAYMENT,CLOPHILL P O & STO    REF 125 0000000000 BCC,
 ,07/05/2013,20-53-30 30728691,-17.35,PAYMENT,MEAD OPEN FARM        REF 126 0000000000 BCC,
 ,07/05/2013,20-53-30 30728691,-6.36,PAYMENT,NEW COUNTY SERVICE    REF 123 0000000000 BCC,
 ,07/05/2013,20-53-30 30728691,-4.65,PAYMENT,ELIOR@EE              REF 123 0000000000 BCC,
 ,07/05/2013,20-53-30 30728691,-100,REPEATPMT,KINGSTON UNITY        PL684048A VALENTNO STO,
 ,07/05/2013,20-53-30 30728691,-50,REPEATPMT,MATHEW TUCKER         MTUCKER            STO,
 ,07/05/2013,20-53-30 30728691,-81.51,DIRECTDEBIT,BHAM MIDSHIRES        251387/20011251387 DDR,
 ,03/05/2013,20-53-30 30728691,425,STO,NWOSU O          C    FLAT 7 8 ALHAMBRA  STO,
 ,03/05/2013,20-53-30 30728691,-91000,FT ,207409 60458872    FT ,
 ,03/05/2013,20-53-30 30728691,-228.81,DIRECTDEBIT,MORTGAGE EXPRESS      2016485220020576   DDR,
 ,03/05/2013,20-53-30 30728691,-187.95,DIRECTDEBIT,MORTGAGE EXPRESS      2016485130020576   DDR,
 ,03/05/2013,20-53-30 30728691,-212.45,DIRECTDEBIT,MORTGAGE EXPRESS      2016485040020576   DDR,
 ,03/05/2013,20-53-30 30728691,-234.85,DIRECTDEBIT,MORTGAGE EXPRESS      2007545250020576   DDR,
 ,03/05/2013,20-53-30 30728691,-226.76,DIRECTDEBIT,MORTGAGE EXPRESS      2007107760020576   DDR,
 ,03/05/2013,20-53-30 30728691,-186.23,DIRECTDEBIT,MORTGAGE EXPRESS      2007093450020576   DDR,
 ,03/05/2013,20-53-30 30728691,-226.6,DIRECTDEBIT,MORTGAGE EXPRESS      2007093360020576   DDR,
 ,03/05/2013,20-53-30 30728691,-186.1,DIRECTDEBIT,MORTGAGE EXPRESS      2006372640020576   DDR,
 ,03/05/2013,20-53-30 30728691,-143.54,DIRECTDEBIT,MORTGAGE EXPRESS      0019966240020576   DDR,
 ,03/05/2013,20-53-30 30728691,-159.32,DIRECTDEBIT,MORTGAGE EXPRESS      0018724700020576   DDR,
 ,03/05/2013,20-53-30 30728691,-159.35,DIRECTDEBIT,MORTGAGE EXPRESS      0017031550020576   DDR,
 ,03/05/2013,20-53-30 30728691,-152.33,DIRECTDEBIT,MORTGAGE EXPRESS      0016470530020576   DDR,
 ,03/05/2013,20-53-30 30728691,-145.46,DIRECTDEBIT,MORTGAGE EXPRESS      0015866140020576   DDR,
 ,03/05/2013,20-53-30 30728691,-100,DIRECTDEBIT,SHEPHERDS FS          PN026484A          DDR,
 ,02/05/2013,20-53-30 30728691,414.36,DIRECTDEP,BAKER & ELDER LIMI    FRATTON F2 163     BGC,
 ,02/05/2013,20-53-30 30728691,-263.8,DIRECTDEBIT,BHAM MIDSHIRES        020003973492/74851 DDR,
 ,01/05/2013,20-53-30 30728691,525,STO,STEPEK MP             FLAT 19 4/6 ALHAM  STO,
 ,01/05/2013,20-53-30 30728691,495,STO,MCCARDLE PM           21 4-6 ALHAMBRA RO STO,
 ,01/05/2013,20-53-30 30728691,-324.97,REPEATPMT,VALENTINO I    0   STO,
 ,01/05/2013,20-53-30 30728691,-312.08,REPEATPMT,ALHAMBRA ROAD MANA    209254 83672832    STO,
 ,01/05/2013,20-53-30 30728691,-261.35,REPEATPMT,ALHAMBRA ROAD MANA    209254 13686035    STO,
 ,01/05/2013,20-53-30 30728691,-261.35,REPEATPMT,ALHAMBRA ROAD MANA    209254 23534332    STO,
 ,01/05/2013,20-53-30 30728691,-196.79,REPEATPMT,M TUCKER              KINGSTON SHOP      STO,
 ,01/05/2013,20-53-30 30728691,-167.06,REPEATPMT,ALHAMBRA ROAD MANA    209254 93543692    STO,
 ,01/05/2013,20-53-30 30728691,-50,REPEATPMT,23 HAMPSHIRE TERRA    209254 13676978    STO,
 ,01/05/2013,20-53-30 30728691,-38,DIRECTDEBIT,SOUTHERN ELECTRIC     688276601          DDR,
 ,01/05/2013,20-53-30 30728691,-522.3,DIRECTDEBIT,NRAM                  24935234           DDR,
 ,01/05/2013,20-53-30 30728691,-186.14,DIRECTDEBIT,MORTGAGE EXPRESS      2007093270020574   DDR,
 ,01/05/2013,20-53-30 30728691,-9,DIRECTDEBIT,SOUTHERN ELECTRIC     141011701          DDR,
 ,01/05/2013,20-53-30 30728691,-200.74,DIRECTDEBIT,PLATFORM FUNDING      01050230313307     DDR,
 ,01/05/2013,20-53-30 30728691,-217.96,DIRECTDEBIT,PLATFORM FUNDING      01050229961090     DDR,
 ,01/05/2013,20-53-30 30728691,-217.96,DIRECTDEBIT,PLATFORM FUNDING      01050229961082     DDR,
 ,01/05/2013,20-53-30 30728691,-219.74,DIRECTDEBIT,PLATFORM FUNDING      01050228964703     DDR,
 ,01/05/2013,20-53-30 30728691,-956.18,DIRECTDEBIT,THE BEDFORD CHARIT    TUCKM /PVALS       DDR,
 ,01/05/2013,20-53-30 30728691,-367.26,DIRECTDEBIT,MORTGAGE EXPRESS      MEC00005/480016104 DDR,
 ,01/05/2013,20-53-30 30728691,-110,DIRECTDEBIT,AUBURN SEC 6          CHL00002/907372200 DDR,
 ,01/05/2013,20-53-30 30728691,-110,DIRECTDEBIT,AUBURN SEC 6          CHL00002/907371904 DDR,
 ,01/05/2013,20-53-30 30728691,-400.35,DIRECTDEBIT,AMBER HOMELOANS       AHG00001/480441702 DDR,
