Number,Date,Account,Amount,Subcategory,Memo,,
 ,02/03/2015,20-53-30 30728691,663,STO,BUGISIW LIMITED       BUGISIWLTD         STO,,
 ,02/03/2015,20-53-30 30728691,525,STO,STEPEK MP             FLAT 19 4/6 ALHAM  STO,,
 ,02/03/2015,20-53-30 30728691,-465,REPEATPMT,ALHAMBRA ROAD MANA    209254 83672832    STO,,
 ,02/03/2015,20-53-30 30728691,-400,REPEATPMT,F VALENTINO           RENT               STO,,
 ,02/03/2015,20-53-30 30728691,-320,REPEATPMT,ALHAMBRA ROAD MANA    209254 13686035    STO,,
 ,02/03/2015,20-53-30 30728691,-315,REPEATPMT,ALHAMBRA ROAD MANA    209254 23534332    STO,,
 ,02/03/2015,20-53-30 30728691,-196.79,REPEATPMT,M TUCKER              KINGSTON SHOP      STO,,
 ,02/03/2015,20-53-30 30728691,-50,REPEATPMT,NATIONWIDE            0604/229172770     STO,,
 ,02/03/2015,20-53-30 30728691,-50,REPEATPMT,23 HAMPSHIRE TERRA    209254 13676978    STO,,
 ,02/03/2015,20-53-30 30728691,-50,REPEATPMT,MATHEW TUCKER         MTUCKER            STO,,
 ,02/03/2015,20-53-30 30728691,-129.28,DIRECTDEBIT,BHAM MIDSHIRES        731371/20002731371 DDR,,
 ,02/03/2015,20-53-30 30728691,-522.3,DIRECTDEBIT,NRAM                  24935234           DDR,,
 ,02/03/2015,20-53-30 30728691,-186.14,DIRECTDEBIT,MORTGAGE EXPRESS      2007093270021244   DDR,,
 ,02/03/2015,20-53-30 30728691,-1,DIRECTDEBIT,SOUTHERN ELECTRIC     141011701          DDR,,
 ,02/03/2015,20-53-30 30728691,-263.8,DIRECTDEBIT,BHAM MIDSHIRES        020003973492/74851 DDR,,
 ,02/03/2015,20-53-30 30728691,-37.95,DIRECTDEBIT,LEGAL & GEN MI C/L    011439921-5        DDR,,
 ,02/03/2015,20-53-30 30728691,-200.74,DIRECTDEBIT,PLATFORM FUNDING      01050230313307     DDR,,
 ,02/03/2015,20-53-30 30728691,-217.96,DIRECTDEBIT,PLATFORM FUNDING      01050229961090     DDR,,
 ,02/03/2015,20-53-30 30728691,-217.96,DIRECTDEBIT,PLATFORM FUNDING      01050229961082     DDR,,
 ,02/03/2015,20-53-30 30728691,-219.74,DIRECTDEBIT,PLATFORM FUNDING      01050228964703     DDR,,
 ,02/03/2015,20-53-30 30728691,-1050.8,DIRECTDEBIT,THE HARPUR TRUST      TUCKM1/MVALS1      DDR,,
 ,02/03/2015,20-53-30 30728691,-995.83,DIRECTDEBIT,THE HARPUR TRUST      TUCKM/PVALR        DDR,,
 ,02/03/2015,20-53-30 30728691,-367.26,DIRECTDEBIT,MORTGAGE EXPRESS      MEC00005/480016104 DDR,,
 ,02/03/2015,20-53-30 30728691,-110,DIRECTDEBIT,AUBURN SEC 6          CHL00002/907372200 DDR,,
 ,02/03/2015,20-53-30 30728691,-110,DIRECTDEBIT,AUBURN SEC 6          CHL00002/907371904 DDR,,
 ,02/03/2015,20-53-30 30728691,-33,DIRECTDEBIT,BOOTS REWARDSCHEME    A45028400000736    DDR,,
 ,02/03/2015,20-53-30 30728691,-375.68,DIRECTDEBIT,AMBER HOMELOANS       AHG00001/480441702 DDR,,
 ,02/03/2015,20-53-30 30728691,-1497.8,DIRECTDEBIT,THE HARPUR TRUST      TUCKMS/GVALS1         ,,
 ,03/03/2015,20-53-30 30728691,464,DIRECTDEP,BAKER & ELDER LIMI    ALHAMBRA F3 12/14  BGC,,
 ,03/03/2015,20-53-30 30728691,28600,STO,BUGISIW LIMITED       BUGISIW LTD        STO,,
 ,03/03/2015,20-53-30 30728691,-228.81,DIRECTDEBIT,MORTGAGE EXPRESS      2016485220021245   DDR,,
 ,03/03/2015,20-53-30 30728691,-187.95,DIRECTDEBIT,MORTGAGE EXPRESS      2016485130021245   DDR,,
 ,03/03/2015,20-53-30 30728691,-212.45,DIRECTDEBIT,MORTGAGE EXPRESS      2016485040021245   DDR,,
 ,03/03/2015,20-53-30 30728691,-234.85,DIRECTDEBIT,MORTGAGE EXPRESS      2007545250021245   DDR,,
 ,03/03/2015,20-53-30 30728691,-226.76,DIRECTDEBIT,MORTGAGE EXPRESS      2007107760021245   DDR,,
 ,03/03/2015,20-53-30 30728691,-186.23,DIRECTDEBIT,MORTGAGE EXPRESS      2007093450021245   DDR,,
 ,03/03/2015,20-53-30 30728691,-226.6,DIRECTDEBIT,MORTGAGE EXPRESS      2007093360021245   DDR,,
 ,03/03/2015,20-53-30 30728691,-186.1,DIRECTDEBIT,MORTGAGE EXPRESS      2006372640021245   DDR,,
 ,03/03/2015,20-53-30 30728691,-143.54,DIRECTDEBIT,MORTGAGE EXPRESS      0019966240021245   DDR,,
 ,03/03/2015,20-53-30 30728691,-159.32,DIRECTDEBIT,MORTGAGE EXPRESS      0018724700021245   DDR,,
 ,03/03/2015,20-53-30 30728691,-159.35,DIRECTDEBIT,MORTGAGE EXPRESS      0017031550021245   DDR,,
 ,03/03/2015,20-53-30 30728691,-152.33,DIRECTDEBIT,MORTGAGE EXPRESS      0016470530021245   DDR,,
 ,03/03/2015,20-53-30 30728691,-145.46,DIRECTDEBIT,MORTGAGE EXPRESS      0015866140021245   DDR,,
 ,04/03/2015,20-53-30 30728691,464,DIRECTDEP,BAKER & ELDER LIMI    LONDON F4 321      BGC,,
 ,04/03/2015,20-53-30 30728691,464,DIRECTDEP,BAKER & ELDER LIMI    FAWCETT F1 169     BGC,,
 ,04/03/2015,20-53-30 30728691,464,DIRECTDEP,BAKER & ELDER LIMI    ALHAMBRA F18 4/6   BGC,,
 ,04/03/2015,20-53-30 30728691,-75,REPEATPMT,KINGSTON UNITY        PL684048A VALENTNO STO,,
 ,04/03/2015,20-53-30 30728691,-46.34,DIRECTDEBIT,EE & T-MOBILE         Q13077400506878115 DDR,,
 ,04/03/2015,20-53-30 30728691,-75,DIRECTDEBIT,SHEPHERDS FS          PN026484A          DDR,,
 ,05/03/2015,20-53-30 30728691,-28600,FT ,207409 60458872    FT ,,
 ,05/03/2015,20-53-30 30728691,-7956,FT ,207409 60458872    FT ,,
 ,05/03/2015,20-53-30 30728691,-81.51,DIRECTDEBIT,BHAM MIDSHIRES        251387/20011251387 DDR,,
 ,06/03/2015,20-53-30 30728691,425,STO,NWOSU O          C    FLAT 7 8 ALHAMBRA  STO,,
 ,06/03/2015,20-53-30 30728691,466.8,DIRECTDEP,Baker & Elder Limi    HAMPSHIRE 23B      BGC,,
 ,09/03/2015,20-53-30 30728691,459.36,DIRECTDEP,BAKER & ELDER LIMI    FRATTON F2 163     BGC,,
 ,09/03/2015,20-53-30 30728691,464,DIRECTDEP,BAKER & ELDER LIMI    ALHAMBRA F4 12/14  BGC,,
 ,09/03/2015,20-53-30 30728691,464,DIRECTDEP,BAKER & ELDER LIMI    ALHAMBRA F22 4/6   BGC,,
 ,09/03/2015,20-53-30 30728691,301,DIRECTDEP,BAKER & ELDER LIMI    ALHAMBRA F13 16/18 BGC,,
 ,09/03/2015,20-53-30 30728691,-19.95,DIRECTDEBIT,BHAM MIDSHIRES        556389/20010556389 DDR,,
 ,09/03/2015,20-53-30 30728691,-218.68,DIRECTDEBIT,BHAM MIDSHIRES        020007900597/89565 DDR,,
 ,10/03/2015,20-53-30 30728691,-82.61,DIRECTDEBIT,BHAM MIDSHIRES        309942/20009309942 DDR,,
,12/03/2015,20-53-30 30728691,810.73,DIRECTDEP,BAKER & ELDER LIMI    HAMP 23C  F7 16/18 BGC,,
,12/03/2015,20-53-30 30728691,1002.24,DIRECTDEP,BAKER & ELDER LIMI    FAWCETT F1 &F3 171 BGC,,
,12/03/2015,20-53-30 30728691,928,DIRECTDEP,BAKER & ELDER LIMI    ALHAM F6 &F8   8   BGC,,
,12/03/2015,20-53-30 30728691,464,DIRECTDEP,BAKER & ELDER LIMI    ALHAMBRA F14 12/14 BGC,,
,12/03/2015,20-53-30 30728691,-140.07,DIRECTDEBIT,BHAM MIDSHIRES        389757/20000389757 DDR,,
,12/03/2015,20-53-30 30728691,-37.68,DIRECTDEBIT,FRIENDS LIFE DD       014033997/969      DDR,,
,12/03/2015,20-53-30 30728691,-58.82,DIRECTDEBIT,EE & T-MOBILE         Q20664165509083102 DDR,,
,13/03/2015,20-53-30 30728691,324.8,DIRECTDEP,BAKER & ELDER LIMI    KINGSTON SHOP 196  BGC,,
,13/03/2015,20-53-30 30728691,356,DIRECTDEP,BAKER & ELDER LIMI    ALHAMBRA F6 16/18  BGC,,
,13/03/2015,20-53-30 30728691,556.8,DIRECTDEP,BAKER & ELDER LIMI    ALHAMBRA F23 4/6   BGC,,
,16/03/2015,20-53-30 30728691,464,DIRECTDEP,BAKER & ELDER LIMI    FAWCETT F2 169     BGC,,
,16/03/2015,20-53-30 30728691,459.36,DIRECTDEP,BAKER & ELDER LIMI    ALHAMBRA F16 16/18 BGC,,
,16/03/2015,20-53-30 30728691,-500,FT ,207409 40406538       MOBILE-CHANNEL     FT ,,
,16/03/2015,20-53-30 30728691,-14.67,DIRECTDEBIT,BHAM MIDSHIRES        557032/20010557032 DDR,,
,16/03/2015,20-53-30 30728691,-186.11,DIRECTDEBIT,MORTGAGE EXPRESS      2008784100021258   DDR,,
,16/03/2015,20-53-30 30728691,-192.58,DIRECTDEBIT,MORTGAGE EXPRESS      2007664780021258   DDR,,
,16/03/2015,20-53-30 30728691,-192.58,DIRECTDEBIT,MORTGAGE EXPRESS      2007545340021258   DDR,,
,16/03/2015,20-53-30 30728691,-186.12,DIRECTDEBIT,MORTGAGE EXPRESS      2007544710021258   DDR,,
,16/03/2015,20-53-30 30728691,-186.09,DIRECTDEBIT,MORTGAGE EXPRESS      2007107670021258   DDR,,
,16/03/2015,20-53-30 30728691,-186.13,DIRECTDEBIT,MORTGAGE EXPRESS      2006332310021258   DDR,,
,16/03/2015,20-53-30 30728691,-186.11,DIRECTDEBIT,MORTGAGE EXPRESS      2005787290021258   DDR,,
,16/03/2015,20-53-30 30728691,-190.58,DIRECTDEBIT,BHAM MIDSHIRES        110676/20004110676 DDR,,
,16/03/2015,20-53-30 30728691,-219.67,DIRECTDEBIT,PLATFORM FUNDING      01050228979115     DDR,,
,16/03/2015,20-53-30 30728691,-184.76,DIRECTDEBIT,PLATFORM FUNDING      01050228957685     DDR,,
,16/03/2015,20-53-30 30728691,-184.76,DIRECTDEBIT,PLATFORM FUNDING      01050228957650     DDR,,
,16/03/2015,20-53-30 30728691,-33.75,DIRECTDEBIT,BT GROUP PLC          GB14092007-000006  DDR,,
,17/03/2015,20-53-30 30728691,88.8,DIRECTDEP,BAKER & ELDER LIMI    KINGSTON 196B      BGC,,
,17/03/2015,20-53-30 30728691,417.6,DIRECTDEP,BAKER & ELDER LIMI    FRATTON F3 163     BGC,,
,17/03/2015,20-53-30 30728691,464,DIRECTDEP,BAKER & ELDER LIMI    ALHAMBRA F7 12/14  BGC,,
,18/03/2015,20-53-30 30728691,464,DIRECTDEP,BAKER & ELDER LIMI    FAWCETT F3 169     BGC,,
,18/03/2015,20-53-30 30728691,-145.06,DIRECTDEBIT,BHAM MIDSHIRES        649652/20003649652 DDR,,
,19/03/2015,20-53-30 30728691,510.4,DIRECTDEP,BAKER & ELDER LIMI    LONDON F3 321      BGC,,
,20/03/2015,20-53-30 30728691,366.56,DIRECTDEP,BAKER & ELDER LIMI    FRATTON F4 163     BGC,,
,20/03/2015,20-53-30 30728691,454.72,DIRECTDEP,BAKER & ELDER LIMI    ALHAMBRA F5 8      BGC,,
,20/03/2015,20-53-30 30728691,-300,FT ,207409 40406538       MOBILE-CHANNEL     FT ,,
,23/03/2015,20-53-30 30728691,464,DIRECTDEP,BAKER & ELDER LIMI    ALHAMBRA F16 12/14 BGC,,
,23/03/2015,20-53-30 30728691,464,DIRECTDEP,BAKER & ELDER LIMI    ALHAMBRA F11 12/14 BGC,,
,23/03/2015,20-53-30 30728691,-183.94,DIRECTDEBIT,BHAM MIDSHIRES        882432/20007882432 DDR,,
,23/03/2015,20-53-30 30728691,-44.5,DIRECTDEBIT,SKY DIGITAL           00620054164228     DDR,,
,24/03/2015,20-53-30 30728691,464,DIRECTDEP,BAKER & ELDER LIMI    ALHAMBRA F12 16/18 BGC,,
,24/03/2015,20-53-30 30728691,464,DIRECTDEP,BAKER & ELDER LIMI    ALHAMBRA F10 12/14 BGC,,
,24/03/2015,20-53-30 30728691,-562.52,PAYMENT,BAKER AND ELDER L     MTUCKER-FEB15      BBP,,
,25/03/2015,20-53-30 30728691,928,DIRECTDEP,BAKER & ELDER LIMI    LONDON F1 & 2 321  BGC,,
,25/03/2015,20-53-30 30728691,454.72,DIRECTDEP,BAKER & ELDER LIMI    ALHAMBRA F5 12/14  BGC,,
,25/03/2015,20-53-30 30728691,464,DIRECTDEP,BAKER & ELDER LIMI    ALHAMBRA F3 16/18  BGC,,
,25/03/2015,20-53-30 30728691,58.34,DIRECTDEP,BAKER & ELDER LIMI    ALHAMBRA F11 16/18 BGC,,
,25/03/2015,20-53-30 30728691,-200,FT ,207409 40406538    FT ,,
,25/03/2015,20-53-30 30728691,-519.5,REPEATPMT,G& F VALENTINO        MTUCKER            STO,,
,26/03/2015,20-53-30 30728691,519.68,DIRECTDEP,BAKER & ELDER LIMI    ALHAMBRA F 20 4/6  BGC,,
,27/03/2015,20-53-30 30728691,464,DIRECTDEP,BAKER & ELDER LIMI    ALHAMBRA F3 12/14  BGC,,
,27/03/2015,20-53-30 30728691,-1200,REPEATPMT,MR MATTHEW STUART     207409 40406538    STO,,
,30/03/2015,20-53-30 30728691,663,STO,BUGISIW LIMITED       BUGISIWLTD         STO,,
,30/03/2015,20-53-30 30728691,-400,REPEATPMT,F VALENTINO           RENT               STO,,
,30/03/2015,20-53-30 30728691,-129.28,DIRECTDEBIT,BHAM MIDSHIRES        731371/20002731371 DDR,,
,30/03/2015,20-53-30 30728691,-33,DIRECTDEBIT,BOOTS REWARDSCHEME    A45028400000736    DDR,,
,31/03/2015,20-53-30 30728691,464,DIRECTDEP,BAKER & ELDER LIMI    LONDON F4 321      BGC,,
,31/03/2015,20-53-30 30728691,487.2,DIRECTDEP,BAKER & ELDER LIMI    ALHAMBRA F21 4/6   BGC,,
,31/03/2015,20-53-30 30728691,464,DIRECTDEP,BAKER & ELDER LIMI    ALHAMBRA F18 4/6   BGC,,
,31/03/2015,20-53-30 30728691,429.68,DIRECTDEP,BAKER & ELDER LIMI    ALHAMBRA F1 16/18  BGC,,
,31/03/2015,20-53-30 30728691,-396,PAYMENT,BAKER AND ELDER L     MTUCKER-MAR15      BBP,,
,31/03/2015,20-53-30 30728691,-188.33,DIRECTDEBIT,MORTGAGE TRUST        002197389 10192210 DDR,,
,31/03/2015,20-53-30 30728691,-193.75,DIRECTDEBIT,MORTGAGE TRUST        002186357 10192210 DDR,,
,31/03/2015,20-53-30 30728691,-193.75,DIRECTDEBIT,MORTGAGE TRUST        002186356 10192210 DDR,,
,31/03/2015,20-53-30 30728691,-193.75,DIRECTDEBIT,MORTGAGE TRUST        002186317 10192210 DDR,,
