Number,Date,Account,Amount,Subcategory,Memo
 ,01/03/2017,20-53-30 30728691,2609.16,STO,TUCKER MS     %0 P    205330 30728691    STO
 ,01/03/2017,20-53-30 30728691,360.4,DIRECTDEP,BEALS ESTATE AGENT    FLAT 88 ALHAMBRA R BGC
 ,01/03/2017,20-53-30 30728691,35.26,DIRECTDEP,BEALS ESTATE AGENT    FLAT 1612-14 ALHAM BGC
 ,01/03/2017,20-53-30 30728691,-232.5,REPEATPMT,ALHAMBRA ROAD MANA    209254 83672832    STO
 ,01/03/2017,20-53-30 30728691,-160,REPEATPMT,ALHAMBRA ROAD MANA    209254 13686035    STO
 ,01/03/2017,20-53-30 30728691,-157.5,REPEATPMT,ALHAMBRA ROAD MANA    209254 23534332    STO
 ,01/03/2017,20-53-30 30728691,-50,REPEATPMT,NATIONWIDE            0604/229172770     STO
 ,01/03/2017,20-53-30 30728691,-50,REPEATPMT,23 HAMPSHIRE TERRA    209254 13676978    STO
 ,01/03/2017,20-53-30 30728691,-496.98,DIRECTDEBIT,NRAM                  24935234           DDR
 ,01/03/2017,20-53-30 30728691,-165.45,DIRECTDEBIT,MORTGAGE EXPRESS      2007093270021974   DDR
 ,01/03/2017,20-53-30 30728691,-195.72,DIRECTDEBIT,PLATFORM FUNDING      01050229961090     DDR
 ,01/03/2017,20-53-30 30728691,-197.32,DIRECTDEBIT,PLATFORM FUNDING      01050228964703     DDR
 ,01/03/2017,20-53-30 30728691,-311.08,DIRECTDEBIT,THE HARPUR TRUST      TUCKM8  PVALA1     DDR
 ,01/03/2017,20-53-30 30728691,-1301.26,DIRECTDEBIT,THE HARPUR TRUST      TUCKM8  BVALR8     DDR
 ,01/03/2017,20-53-30 30728691,-1132.63,DIRECTDEBIT,THE HARPUR TRUST      TUCKMS  GVALS1     DDR
 ,01/03/2017,20-53-30 30728691,-348.23,DIRECTDEBIT,MORTGAGE EXPRESS      MEC00005/480016104 DDR
 ,01/03/2017,20-53-30 30728691,-356.87,DIRECTDEBIT,AMBER HOMELOANS       AHG00001/480441702 DDR
 ,02/03/2017,20-53-30 30728691,482.56,DIRECTDEP,BEALS ESTATE AGENT    FLAT 214-6 ALHAMBR BGC
 ,02/03/2017,20-53-30 30728691,-37.95,DIRECTDEBIT,LEGAL & GEN MI C/L    011439921-5        DDR
 ,03/03/2017,20-53-30 30728691,185.6,DIRECTDEP,BEALS ESTATE AGENT    FLAT 234-6 ALHAMBR BGC
 ,03/03/2017,20-53-30 30728691,-203.37,DIRECTDEBIT,MORTGAGE EXPRESS      2016485220021976   DDR
 ,06/03/2017,20-53-30 30728691,-75,REPEATPMT,KINGSTON UNITY        PL684048A VALENTNO STO
 ,06/03/2017,20-53-30 30728691,-75,DIRECTDEBIT,SHEPHERDS FS          PN026484A          DDR
 ,08/03/2017,20-53-30 30728691,154.27,DIRECTDEP,BEALS ESTATE AGENT    FLAT 78 ALHAMBRA R BGC
 ,08/03/2017,20-53-30 30728691,-196.17,DIRECTDEBIT,BHAM MIDSHIRES        020007900597/89565 DDR
 ,10/03/2017,20-53-30 30728691,118.2,DIRECTDEP,BEALS ESTATE AGENT    FLAT 312-14 ALHAMB BGC
 ,13/03/2017,20-53-30 30728691,38.36,DIRECTDEP,BEALS ESTATE AGENT    FLAT 3171 FAWCETT  BGC
 ,13/03/2017,20-53-30 30728691,-37.68,DIRECTDEBIT,FRIENDS LIFE          014033997          DDR
 ,13/03/2017,20-53-30 30728691,-81.46,DIRECTDEBIT,EE & T-MOBILE         Q20664165701179951 DDR
 ,14/03/2017,20-53-30 30728691,-51.49,DIRECTDEBIT,BT GROUP PLC          GB14092007-000030  DDR
