Number,Date,Account,Amount,Subcategory,Memo
 ,01/03/2017,20-74-09 60458872,285,DIRECTDEP,BEALS ESTATE AGENT    FLAT 4321 LONDON R BGC
 ,01/03/2017,20-74-09 60458872,285,DIRECTDEP,BEALS ESTATE AGENT    FLAT 184-6 ALHAMBR BGC
 ,01/03/2017,20-74-09 60458872,-2609.16,REPEATPMT,MR MATTHEW STUART     205330 30728691    STO
 ,01/03/2017,20-74-09 60458872,-232.5,REPEATPMT,4-6 ALHAMBRA RD CS    209254 83672832    STO
 ,01/03/2017,20-74-09 60458872,-196.79,REPEATPMT,M TUCKER              MTUCKER            STO
 ,01/03/2017,20-74-09 60458872,-160,REPEATPMT,16-18 ALHAMBRA RD     209254 13686035    STO
 ,01/03/2017,20-74-09 60458872,-157.5,REPEATPMT,12-14 ALHAMBRA RD     209254 23534332    STO
 ,01/03/2017,20-74-09 60458872,-50,REPEATPMT,M TUCKER              M TUCKER           STO
 ,01/03/2017,20-74-09 60458872,-50,REPEATPMT,23 HAMPSHIRE TERRA    209254 13676978    STO
 ,01/03/2017,20-74-09 60458872,-180.37,DIRECTDEBIT,PLATFORM FUNDING      01050230313307     DDR
 ,01/03/2017,20-74-09 60458872,-195.72,DIRECTDEBIT,PLATFORM FUNDING      01050229961082     DDR
 ,01/03/2017,20-74-09 60458872,-93.49,DIRECTDEBIT,CAPITAL HOME LOANS    CHL00002/907372200 DDR
 ,01/03/2017,20-74-09 60458872,-93.99,DIRECTDEBIT,CAPITAL HOME LOANS    CHL00002/907371904 DDR
 ,03/03/2017,20-74-09 60458872,614.4,DIRECTDEP,BEALS ESTATE AGENT    FLAT 3169 FAWCETT  BGC
 ,03/03/2017,20-74-09 60458872,-167.33,DIRECTDEBIT,MORTGAGE EXPRESS      2016485130021976   DDR
 ,03/03/2017,20-74-09 60458872,-189.14,DIRECTDEBIT,MORTGAGE EXPRESS      2016485040021976   DDR
 ,03/03/2017,20-74-09 60458872,-208.78,DIRECTDEBIT,MORTGAGE EXPRESS      2007545250021976   DDR
 ,03/03/2017,20-74-09 60458872,-201.56,DIRECTDEBIT,MORTGAGE EXPRESS      2007107760021976   DDR
 ,03/03/2017,20-74-09 60458872,-165.54,DIRECTDEBIT,MORTGAGE EXPRESS      2007093450021976   DDR
 ,03/03/2017,20-74-09 60458872,-201.41,DIRECTDEBIT,MORTGAGE EXPRESS      2007093360021976   DDR
 ,03/03/2017,20-74-09 60458872,-165.44,DIRECTDEBIT,MORTGAGE EXPRESS      2006372640021976   DDR
 ,03/03/2017,20-74-09 60458872,-127.6,DIRECTDEBIT,MORTGAGE EXPRESS      0019966240021976   DDR
 ,03/03/2017,20-74-09 60458872,-141.63,DIRECTDEBIT,MORTGAGE EXPRESS      0018724700021976   DDR
 ,03/03/2017,20-74-09 60458872,-141.66,DIRECTDEBIT,MORTGAGE EXPRESS      0017031550021976   DDR
 ,03/03/2017,20-74-09 60458872,-135.4,DIRECTDEBIT,MORTGAGE EXPRESS      0016470530021976   DDR
 ,03/03/2017,20-74-09 60458872,-129.29,DIRECTDEBIT,MORTGAGE EXPRESS      0015866140021976   DDR
 ,03/03/2017,20-74-09 60458872,-63.11,DIRECTDEBIT,EE & T-MOBILE         Q13077400697648444 DDR
 ,06/03/2017,20-74-09 60458872,-21.5,PAYMENT,M&S SIMPLY FOOD       ON 03 MAR          CLP
 ,06/03/2017,20-74-09 60458872,-9.4,PAYMENT,ABARBISTRO & CAMBE    ON 03 MAR          CLP
 ,06/03/2017,20-74-09 60458872,-9.4,PAYMENT,ABARBISTRO & CAMBE    ON 03 MAR          CLP
 ,06/03/2017,20-74-09 60458872,-5.67,PAYMENT,NEW COUNTY SERVICE    ON 03 MAR          CLP
 ,06/03/2017,20-74-09 60458872,-50.48,PAYMENT,NEW COUNTY SERVICE    ON 03 MAR          BCC
 ,06/03/2017,20-74-09 60458872,-1.8,PAYMENT,PORTSMOUTH CITY CO    ON 03 MAR          BCC
 ,07/03/2017,20-74-09 60458872,482.56,DIRECTDEP,BEALS ESTATE AGENT    196A KINGSTON ROAD BGC
 ,07/03/2017,20-74-09 60458872,186.12,DIRECTDEP,BEALS ESTATE AGENT    FLAT 3321 LONDON R BGC
 ,07/03/2017,20-74-09 60458872,-39.83,PAYMENT,BP BEDFORD EXPRESS    ON 05 MAR          BCC
 ,08/03/2017,20-74-09 60458872,475.98,DIRECTDEP,BEALS ESTATE AGENT    FLAT 1171 FAWCETT  BGC
 ,08/03/2017,20-74-09 60458872,464,DIRECTDEP,BEALS ESTATE AGENT    FLAT 1412-14 ALHAM BGC
 ,08/03/2017,20-74-09 60458872,-70.97,PAYMENT,HOMEBASE LTD 049      ON 07 MAR          BCC
 ,09/03/2017,20-74-09 60458872,-2.28,PAYMENT,CARD FACTORY          ON 08 MAR          BCC
 ,09/03/2017,20-74-09 60458872,-2.2,PAYMENT,UPT BEDFORD BOROUG    ON 08 MAR          BCC
 ,09/03/2017,20-74-09 60458872,-17.9,DIRECTDEBIT,BHAM MIDSHIRES        020010556389/35299 DDR
 ,10/03/2017,20-74-09 60458872,-200,CASH,CARDTRONICS UK LTD    BP - ELSTOW INTERC    
 ,10/03/2017,20-74-09 60458872,-500,PAYMENT,PETER VARDY LAND R    ON 09 MAR          BCC
 ,10/03/2017,20-74-09 60458872,-52,PAYMENT,INTERFLORA BRITISH    ON 09 MAR          BCC
 ,10/03/2017,20-74-09 60458872,-61.95,DIRECTDEBIT,BHAM MIDSHIRES        020009309942/35735 DDR
 ,13/03/2017,20-74-09 60458872,-7.7,PAYMENT,BP BEDFORD EXPRESS    ON 09 MAR          CLP
 ,13/03/2017,20-74-09 60458872,-5.57,PAYMENT,NEW COUNTY SERVICE    ON 11 MAR          CLP
 ,13/03/2017,20-74-09 60458872,-226.12,PAYMENT,CHAPERILL LTD         ON 10 MAR          BCC
 ,13/03/2017,20-74-09 60458872,-222.12,PAYMENT,JS ONLINE GROCERY     ON 12 MAR          BCC
 ,13/03/2017,20-74-09 60458872,-126.04,DIRECTDEBIT,BHAM MIDSHIRES        020000389757/37175 DDR
 ,14/03/2017,20-74-09 60458872,75.2,DIRECTDEP,BEALS ESTATE AGENT    FLAT 68 ALHAMBRA R BGC
