Number,Date,Account,Amount,Subcategory,Memo,
 ,30/05/2014,20-53-30 30728691,464,DIRECTDEP,BAKER & ELDER LIMI    LONDON RD F4 321   BGC,
 ,30/05/2014,20-53-30 30728691,266,DIRECTDEP,BAKER & ELDER LIMI    ALHAMBRA F18 4/6   BGC,
 ,30/05/2014,20-53-30 30728691,-11.1,PAYMENT,OneHourTranslation    CYPRUS                ,
 ,30/05/2014,20-53-30 30728691,-185.07,DIRECTDEBIT,MORTGAGE TRUST        002197389 10189170 DDR,
 ,30/05/2014,20-53-30 30728691,-190.71,DIRECTDEBIT,MORTGAGE TRUST        002186357 10189170 DDR,
 ,30/05/2014,20-53-30 30728691,-190.71,DIRECTDEBIT,MORTGAGE TRUST        002186356 10189170 DDR,
 ,30/05/2014,20-53-30 30728691,-190.71,DIRECTDEBIT,MORTGAGE TRUST        002186317 10189170 DDR,
 ,29/05/2014,20-53-30 30728691,464,DIRECTDEP,BAKER & ELDER LIMI    ALHAMBRA F3 12/14  BGC,
 ,29/05/2014,20-53-30 30728691,-13.21,PAYMENT,PAYPAL *OHT           ISRAEL                ,
 ,29/05/2014,20-53-30 30728691,-400,REPEATPMT,F VALENTINO           RENT               STO,
 ,29/05/2014,20-53-30 30728691,-129.28,DIRECTDEBIT,BHAM MIDSHIRES        731371/20002731371 DDR,
 ,28/05/2014,20-53-30 30728691,424,DIRECTDEP,BAKER & ELDER LIMI    ALHAMBRA F4 12/14  BGC,
 ,28/05/2014,20-53-30 30728691,298.74,DIRECTDEP,BAKER & ELDER LIMI    ALHAMBRA F1 16/18  BGC,
 ,28/05/2014,20-53-30 30728691,663,STO,BUGISIW LIMITED       BUGISIWLTD         STO,
 ,28/05/2014,20-53-30 30728691,-36.95,PAYMENT,WWW.JOHNLEWIS.COM     ON 26 MAY          BCC,
 ,28/05/2014,20-53-30 30728691,-17.99,DIRECTDEBIT,TALKTALK LIMITED      5008130512 2826393 DDR,
 ,27/05/2014,20-53-30 30728691,6368.77,FT ,207409 60458872    FT ,
 ,27/05/2014,20-53-30 30728691,-6368.77,PAYMENT,VALENTINO I    0      MTUCKER            BBP,
 ,27/05/2014,20-53-30 30728691,-4.78,PAYMENT,PAYPAL *OHT           ISRAEL                ,
 ,27/05/2014,20-53-30 30728691,-4.23,PAYMENT,PAYPAL *OHT           ISRAEL                ,
 ,27/05/2014,20-53-30 30728691,-1200,REPEATPMT,MR MATTHEW STUART     207409 40406538    STO,
 ,27/05/2014,20-53-30 30728691,-519.5,REPEATPMT,G& F VALENTINO        MTUCKER            STO,
 ,23/05/2014,20-53-30 30728691,464,DIRECTDEP,BAKER & ELDER LIMI    LONDON F2 321      BGC,
 ,23/05/2014,20-53-30 30728691,464,DIRECTDEP,BAKER & ELDER LIMI    LONDON F1 321      BGC,
 ,23/05/2014,20-53-30 30728691,454.72,DIRECTDEP,BAKER & ELDER LIMI    ALHAMBRA F5 12/14  BGC,
 ,23/05/2014,20-53-30 30728691,464,DIRECTDEP,BAKER & ELDER LIMI    ALHAMBRA F11 16/18 BGC,
 ,23/05/2014,20-53-30 30728691,-250,FT ,207409 40406538       MOBILE-CHANNEL     FT ,
 ,23/05/2014,20-53-30 30728691,-13,PAYMENT,PAYPAL *COMPANIESH    ON 22 MAY          BCC,
 ,23/05/2014,20-53-30 30728691,-13,PAYMENT,PAYPAL *COMPANIESH    ON 22 MAY          BCC,
 ,23/05/2014,20-53-30 30728691,-1,PAYMENT,PAYPAL *COMPANIESH    ON 22 MAY          BCC,
 ,23/05/2014,20-53-30 30728691,-1,PAYMENT,PAYPAL *COMPANIESH    ON 22 MAY          BCC,
 ,23/05/2014,20-53-30 30728691,-1,PAYMENT,PAYPAL *COMPANIESH    ON 21 MAY          BCC,
 ,22/05/2014,20-53-30 30728691,464,DIRECTDEP,BAKER & ELDER LIMI    FAWCETT F1 169     BGC,
 ,22/05/2014,20-53-30 30728691,519.68,DIRECTDEP,BAKER & ELDER LIMI    ALHAMBRA F20 4/6   BGC,
 ,22/05/2014,20-53-30 30728691,464,DIRECTDEP,BAKER & ELDER LIMI    ALHAMBRA F12 16/18 BGC,
 ,22/05/2014,20-53-30 30728691,464,DIRECTDEP,BAKER & ELDER LIMI    ALHAMBRA F10 12/14 BGC,
 ,22/05/2014,20-53-30 30728691,-183.94,DIRECTDEBIT,BHAM MIDSHIRES        882432/20007882432 DDR,
 ,21/05/2014,20-53-30 30728691,464,STO,BAKER & ELDER LIMI    ALHAMBRA F3 16/18  STO,
 ,21/05/2014,20-53-30 30728691,-43,DIRECTDEBIT,SKY DIGITAL           00620054164228     DDR,
 ,20/05/2014,20-53-30 30728691,406.75,DIRECTDEP,BAKER & ELDER LIMI    LONDON F3 321      BGC,
 ,20/05/2014,20-53-30 30728691,366.56,DIRECTDEP,BAKER & ELDER LIMI    FRATTON F4 163     BGC,
 ,20/05/2014,20-53-30 30728691,454.72,DIRECTDEP,BAKER & ELDER LIMI    ALHAMBRA F5 8      BGC,
 ,19/05/2014,20-53-30 30728691,-600,FT ,207409 40406538       MOBILE-CHANNEL     FT ,
 ,19/05/2014,20-53-30 30728691,-68.33,PAYMENT,PAYPAL *APCOAPARKI    ON 16 MAY          BCC,
 ,19/05/2014,20-53-30 30728691,-1.99,PAYMENT,GOOGLE *pinkfroot     ON 15 MAY          BCC,
 ,19/05/2014,20-53-30 30728691,-145.06,DIRECTDEBIT,BHAM MIDSHIRES        649652/20003649652 DDR,
 ,19/05/2014,20-53-30 30728691,-99,DIRECTDEBIT,MBFIN  S0CX56VSP02    S0CX56VSP027241875 DDR,
 ,16/05/2014,20-53-30 30728691,475,STO,YACOUB B              17 4-6 ALHAMBRA RO STO,
 ,16/05/2014,20-53-30 30728691,-5.98,PAYMENT,EASYJET     000EML    ON 14 MAY          BCC,
 ,16/05/2014,20-53-30 30728691,-14.67,DIRECTDEBIT,BHAM MIDSHIRES        557032/20010557032 DDR,
 ,16/05/2014,20-53-30 30728691,-190.58,DIRECTDEBIT,BHAM MIDSHIRES        110676/20004110676 DDR,
 ,15/05/2014,20-53-30 30728691,417.6,DIRECTDEP,BAKER & ELDER LIMI    FRATTON F3 163     BGC,
 ,15/05/2014,20-53-30 30728691,464,DIRECTDEP,BAKER & ELDER LIMI    FAWCETT F3 169     BGC,
 ,15/05/2014,20-53-30 30728691,464,DIRECTDEP,BAKER & ELDER LIMI    FAWCETT F2 171     BGC,
 ,15/05/2014,20-53-30 30728691,375.93,DIRECTDEP,BAKER & ELDER LIMI    ALHAMBRA F7 12/14  BGC,
 ,15/05/2014,20-53-30 30728691,-186.11,DIRECTDEBIT,MORTGAGE EXPRESS      2008784100020953   DDR,
 ,15/05/2014,20-53-30 30728691,-192.58,DIRECTDEBIT,MORTGAGE EXPRESS      2007664780020953   DDR,
 ,15/05/2014,20-53-30 30728691,-192.58,DIRECTDEBIT,MORTGAGE EXPRESS      2007545340020953   DDR,
 ,15/05/2014,20-53-30 30728691,-186.12,DIRECTDEBIT,MORTGAGE EXPRESS      2007544710020953   DDR,
 ,15/05/2014,20-53-30 30728691,-186.09,DIRECTDEBIT,MORTGAGE EXPRESS      2007107670020953   DDR,
 ,15/05/2014,20-53-30 30728691,-186.13,DIRECTDEBIT,MORTGAGE EXPRESS      2006332310020953   DDR,
 ,15/05/2014,20-53-30 30728691,-186.11,DIRECTDEBIT,MORTGAGE EXPRESS      2005787290020953   DDR,
 ,15/05/2014,20-53-30 30728691,-219.67,DIRECTDEBIT,PLATFORM FUNDING      01050228979115     DDR,
 ,15/05/2014,20-53-30 30728691,-184.76,DIRECTDEBIT,PLATFORM FUNDING      01050228957685     DDR,
 ,15/05/2014,20-53-30 30728691,-184.76,DIRECTDEBIT,PLATFORM FUNDING      01050228957650     DDR,
 ,14/05/2014,20-53-30 30728691,-122.42,PAYMENT,PAYPAL *JIGSAW        ON 13 MAY          BCC,
 ,14/05/2014,20-53-30 30728691,-30.62,PAYMENT,PAYPAL *JIGSAW        LUXEMBOURG            ,
 ,13/05/2014,20-53-30 30728691,278.4,DIRECTDEP,BAKER & ELDER LIMI    KINGSTON 196 SHOP  BGC,
 ,13/05/2014,20-53-30 30728691,204,DIRECTDEP,BAKER & ELDER LIMI    FAWCETT F2 169     BGC,
 ,13/05/2014,20-53-30 30728691,464,DIRECTDEP,BAKER & ELDER LIMI    ALHAMBRA F6 16/18  BGC,
 ,13/05/2014,20-53-30 30728691,459.36,DIRECTDEP,BAKER & ELDER LIMI    ALHAMBRA F16 16/18 BGC,
 ,13/05/2014,20-53-30 30728691,-19.39,PAYMENT,Amazon *Mktplce EU    LUXEMBOURG            ,
 ,12/05/2014,20-53-30 30728691,475,STO,YACOUB B              17 4-6 ALHAMBRA RO STO,
 ,12/05/2014,20-53-30 30728691,556.8,STO,BAKER & ELDER LIMI    ALHAMBRA F23 4/6   STO,
 ,12/05/2014,20-53-30 30728691,-13.46,PAYMENT,PAYPAL *OHT           ISRAEL                ,
 ,12/05/2014,20-53-30 30728691,-13.19,PAYMENT,PAYPAL *1AND1 LTD     ON 10 MAY          BCC,
 ,12/05/2014,20-53-30 30728691,-8.33,PAYMENT,PAYPAL *OHT           ISRAEL                ,
 ,12/05/2014,20-53-30 30728691,-7.05,PAYMENT,PAYPAL *OHT           ISRAEL                ,
 ,12/05/2014,20-53-30 30728691,-140.07,DIRECTDEBIT,BHAM MIDSHIRES        389757/20000389757 DDR,
 ,12/05/2014,20-53-30 30728691,-82.61,DIRECTDEBIT,BHAM MIDSHIRES        309942/20009309942 DDR,
 ,12/05/2014,20-53-30 30728691,-37.68,DIRECTDEBIT,FRIENDS LIFE DD       014033997/759      DDR,
 ,12/05/2014,20-53-30 30728691,-142.81,DIRECTDEBIT,EE & T-MOBILE         Q20664165450821496    ,
 ,09/05/2014,20-53-30 30728691,426.88,DIRECTDEP,BAKER & ELDER LIMI    KINGSTON 196A      BGC,
 ,09/05/2014,20-53-30 30728691,332,DIRECTDEP,BAKER & ELDER LIMI    ALHAMBRA F7 16/18  BGC,
 ,09/05/2014,20-53-30 30728691,464,DIRECTDEP,BAKER & ELDER LIMI    ALHAMBRA F6 8      BGC,
 ,09/05/2014,20-53-30 30728691,-19.95,DIRECTDEBIT,BHAM MIDSHIRES        556389/20010556389 DDR,
100081,09/05/2014,20-53-30 30728691,-120,CHQ,100081,
 ,08/05/2014,20-53-30 30728691,-218.68,DIRECTDEBIT,BHAM MIDSHIRES        020007900597/89565 DDR,
 ,07/05/2014,20-53-30 30728691,538.24,DIRECTDEP,BAKER & ELDER LIMI    FAWCETT F1 171     BGC,
 ,07/05/2014,20-53-30 30728691,464,DIRECTDEP,BAKER & ELDER LIMI    ALHAMBRA F8 8/10   BGC,
 ,07/05/2014,20-53-30 30728691,464,DIRECTDEP,BAKER & ELDER LIMI    ALHAMBRA F14 12/14 BGC,
 ,07/05/2014,20-53-30 30728691,464,DIRECTDEP,BAKER & ELDER LIMI    ALHAMBRA F11 12/14 BGC,
 ,06/05/2014,20-53-30 30728691,464,DIRECTDEP,BAKER & ELDER LIMI    ALHAMBRA F16 12/14 BGC,
 ,06/05/2014,20-53-30 30728691,464,DIRECTDEP,BAKER & ELDER LIMI    ALHAMBRA F13 16/18 BGC,
 ,06/05/2014,20-53-30 30728691,-758,PAYMENT,CENTER PARCS, INTE    ON 05 MAY          BCC
 ,06/05/2014,20-53-30 30728691,-0.3,PAYMENT,Amazon Web Service    USA                   ,
 ,06/05/2014,20-53-30 30728691,-75,REPEATPMT,KINGSTON UNITY        PL684048A VALENTNO STO,
 ,06/05/2014,20-53-30 30728691,-50,REPEATPMT,MATHEW TUCKER         MTUCKER            STO,
 ,06/05/2014,20-53-30 30728691,-81.51,DIRECTDEBIT,BHAM MIDSHIRES        251387/20011251387 DDR,
 ,06/05/2014,20-53-30 30728691,-228.81,DIRECTDEBIT,MORTGAGE EXPRESS      2016485220020944   DDR,
 ,06/05/2014,20-53-30 30728691,-187.95,DIRECTDEBIT,MORTGAGE EXPRESS      2016485130020944   DDR,
 ,06/05/2014,20-53-30 30728691,-212.45,DIRECTDEBIT,MORTGAGE EXPRESS      2016485040020944   DDR,
 ,06/05/2014,20-53-30 30728691,-234.85,DIRECTDEBIT,MORTGAGE EXPRESS      2007545250020944   DDR,
 ,06/05/2014,20-53-30 30728691,-226.76,DIRECTDEBIT,MORTGAGE EXPRESS      2007107760020944   DDR,
 ,06/05/2014,20-53-30 30728691,-186.23,DIRECTDEBIT,MORTGAGE EXPRESS      2007093450020944   DDR,
 ,06/05/2014,20-53-30 30728691,-226.6,DIRECTDEBIT,MORTGAGE EXPRESS      2007093360020944   DDR,
 ,06/05/2014,20-53-30 30728691,-186.1,DIRECTDEBIT,MORTGAGE EXPRESS      2006372640020944   DDR,
 ,06/05/2014,20-53-30 30728691,-143.54,DIRECTDEBIT,MORTGAGE EXPRESS      0019966240020944   DDR,
 ,06/05/2014,20-53-30 30728691,-159.32,DIRECTDEBIT,MORTGAGE EXPRESS      0018724700020944   DDR,
 ,06/05/2014,20-53-30 30728691,-159.35,DIRECTDEBIT,MORTGAGE EXPRESS      0017031550020944   DDR,
 ,06/05/2014,20-53-30 30728691,-152.33,DIRECTDEBIT,MORTGAGE EXPRESS      0016470530020944   DDR,
 ,06/05/2014,20-53-30 30728691,-145.46,DIRECTDEBIT,MORTGAGE EXPRESS      0015866140020944   DDR,
 ,06/05/2014,20-53-30 30728691,-75,DIRECTDEBIT,SHEPHERDS FS          PN026484A          DDR,
 ,02/05/2014,20-53-30 30728691,425,STO,NWOSU O          C    FLAT 7 8 ALHAMBRA  STO,
 ,02/05/2014,20-53-30 30728691,556.8,DIRECTDEP,BAKER & ELDER LIMI    HAMPSHIRE TERR     BGC,
 ,02/05/2014,20-53-30 30728691,459.36,DIRECTDEP,BAKER & ELDER LIMI    FRATTON F2 163     BGC,
 ,02/05/2014,20-53-30 30728691,-263.8,DIRECTDEBIT,BHAM MIDSHIRES        020003973492/74851 DDR,
 ,02/05/2014,20-53-30 30728691,-37.95,DIRECTDEBIT,LEGAL & GEN MI C/L    011439921-5        DDR,
 ,01/05/2014,20-53-30 30728691,525,STO,STEPEK MP             FLAT 19 4/6 ALHAM  STO,
 ,01/05/2014,20-53-30 30728691,495,STO,MCCARDLE PM           21 4-6 ALHAMBRA RO STO,
 ,01/05/2014,20-53-30 30728691,-465,REPEATPMT,ALHAMBRA ROAD MANA    209254 83672832    STO,
 ,01/05/2014,20-53-30 30728691,-324.97,REPEATPMT,VALENTINO I    0   STO,
 ,01/05/2014,20-53-30 30728691,-320,REPEATPMT,ALHAMBRA ROAD MANA    209254 13686035    STO,
 ,01/05/2014,20-53-30 30728691,-315,REPEATPMT,ALHAMBRA ROAD MANA    209254 23534332    STO,
 ,01/05/2014,20-53-30 30728691,-196.79,REPEATPMT,M TUCKER              KINGSTON SHOP      STO,
 ,01/05/2014,20-53-30 30728691,-50,REPEATPMT,NATIONWIDE            0604/229172770     STO,
 ,01/05/2014,20-53-30 30728691,-50,REPEATPMT,23 HAMPSHIRE TERRA    209254 13676978    STO,
 ,01/05/2014,20-53-30 30728691,-39,DIRECTDEBIT,SOUTHERN ELECTRIC     688276601          DDR,
 ,01/05/2014,20-53-30 30728691,-522.3,DIRECTDEBIT,NRAM                  24935234           DDR,
 ,01/05/2014,20-53-30 30728691,-186.14,DIRECTDEBIT,MORTGAGE EXPRESS      2007093270020939   DDR,
 ,01/05/2014,20-53-30 30728691,-9,DIRECTDEBIT,SOUTHERN ELECTRIC     141011701          DDR,
 ,01/05/2014,20-53-30 30728691,-200.74,DIRECTDEBIT,PLATFORM FUNDING      01050230313307     DDR,
 ,01/05/2014,20-53-30 30728691,-217.96,DIRECTDEBIT,PLATFORM FUNDING      01050229961090     DDR,
 ,01/05/2014,20-53-30 30728691,-217.96,DIRECTDEBIT,PLATFORM FUNDING      01050229961082     DDR,
 ,01/05/2014,20-53-30 30728691,-219.74,DIRECTDEBIT,PLATFORM FUNDING      01050228964703     DDR,
 ,01/05/2014,20-53-30 30728691,-1028.84,DIRECTDEBIT,THE HARPUR TRUST      TUCKM /PVALS       DDR,
 ,01/05/2014,20-53-30 30728691,-935,DIRECTDEBIT,THE HARPUR TRUST      TUCKM /PVALR       DDR,
 ,01/05/2014,20-53-30 30728691,-48.28,DIRECTDEBIT,EE & T-MOBILE         Q13077400449118199 DDR,
 ,01/05/2014,20-53-30 30728691,-367.26,DIRECTDEBIT,MORTGAGE EXPRESS      MEC00005/480016104 DDR,
 ,01/05/2014,20-53-30 30728691,-110,DIRECTDEBIT,AUBURN SEC 6          CHL00002/907372200 DDR,
 ,01/05/2014,20-53-30 30728691,-110,DIRECTDEBIT,AUBURN SEC 6          CHL00002/907371904 DDR,
 ,01/05/2014,20-53-30 30728691,-375.68,DIRECTDEBIT,AMBER HOMELOANS       AHG00001/480441702 DDR,
