Number,Date,Account,Amount,Subcategory,Memo
 ,30/03/2012,20-53-30 30728691,-229.21,DIRECTDEBIT,MORTGAGE TRUST        002197389 10181260 DDR
 ,30/03/2012,20-53-30 30728691,-231.91,DIRECTDEBIT,MORTGAGE TRUST        002186357 10181260 DDR
 ,30/03/2012,20-53-30 30728691,-231.91,DIRECTDEBIT,MORTGAGE TRUST        002186356 10181260 DDR
 ,30/03/2012,20-53-30 30728691,-231.91,DIRECTDEBIT,MORTGAGE TRUST        002186317 10181260 DDR
 ,29/03/2012,20-53-30 30728691,464.00,DIRECTDEP,Baker & Elder         ALHAMBRA F6 8/10   BGC
 ,29/03/2012,20-53-30 30728691,459.36,DIRECTDEP,Baker & Elder         ALHAMBRA F16 12/14 BGC
 ,29/03/2012,20-53-30 30728691,-720.00,FT ,207409 60458872    FT 
 ,29/03/2012,20-53-30 30728691,-55.70,PAYMENT,TELVENT DTN, INC      UNITED STATES         
 ,29/03/2012,20-53-30 30728691,-129.28,DIRECTDEBIT,BHAM MIDSHIRES        731371/20002731371 DDR
100060,29/03/2012,20-53-30 30728691,-99.00,CHQ,100060                
 ,28/03/2012,20-53-30 30728691,-66.52,PAYMENT,STAPLES UK            REF 086 7273276301 BCC
 ,27/03/2012,20-53-30 30728691,510.40,DIRECTDEP,Baker & Elder         LONDON F3 321      BGC
 ,27/03/2012,20-53-30 30728691,464.00,DIRECTDEP,Baker & Elder         LONDON F4 321      BGC
 ,27/03/2012,20-53-30 30728691,464.00,DIRECTDEP,Baker & Elder         ALHAMBRA F18 4/6   BGC
 ,27/03/2012,20-53-30 30728691,464.00,DIRECTDEP,Baker & Elder         FAWCETT RD F3 171  BGC
 ,27/03/2012,20-53-30 30728691,464.00,DIRECTDEP,Baker & Elder         ALHAMBRA F3 12/14  BGC
 ,27/03/2012,20-53-30 30728691,464.00,DIRECTDEP,Baker & Elder         LONDON RD F2 321   BGC
 ,27/03/2012,20-53-30 30728691,417.60,DIRECTDEP,Baker & Elder         FAWCETT RD F3 169  BGC
 ,27/03/2012,20-53-30 30728691,-539.65,PAYMENT,MERCEDES BENZ B/SH    REF 083 2069269301 BCC
 ,27/03/2012,20-53-30 30728691,-42.42,PAYMENT,TESCO STORES LTD 5    REF 085 2069264301 BCC
 ,27/03/2012,20-53-30 30728691,-30.85,PAYMENT,BP BEDFORD EXPRESS    REF 083 2069267301 BCC
 ,27/03/2012,20-53-30 30728691,-16.90,PAYMENT,WWW.METEORWEBMARKE    REF 083 2069268301 BCC
 ,27/03/2012,20-53-30 30728691,-14.99,PAYMENT,MICROSOFT   *HOTMA    LUXEMBOURG            
 ,27/03/2012,20-53-30 30728691,-14.95,PAYMENT,Amazon EU             LUXEMBOURG            
 ,27/03/2012,20-53-30 30728691,-2170.30,REPEATPMT,MR MATTHEW STUART     207409 40406538    STO
 ,26/03/2012,20-53-30 30728691,519.68,DIRECTDEP,Baker & Elder         ALHAMBRA F1 16/18  BGC
 ,26/03/2012,20-53-30 30728691,454.72,DIRECTDEP,Baker & Elder         ALHAMBRA F5 12/14  BGC
 ,26/03/2012,20-53-30 30728691,291.74,DIRECTDEP,Baker & Elder         ALHAMBRA F4 12/14  BGC
 ,26/03/2012,20-53-30 30728691,-519.50,REPEATPMT,G& F VALENTINO        MTUCKER            STO
 ,23/03/2012,20-53-30 30728691,464.00,DIRECTDEP,Baker & Elder         ALHAMBRA F3 16/18  BGC
 ,23/03/2012,20-53-30 30728691,448.91,DIRECTDEP,Baker & Elder         HAMPSHIRE TER      BGC
 ,23/03/2012,20-53-30 30728691,-579.95,PAYMENT,BAKER AND ELDER       MTUCKER-FEB12      BBP
 ,23/03/2012,20-53-30 30728691,-26.53,PAYMENT,JOHNSONS 1829         REF 081 2739071301 BCC
 ,22/03/2012,20-53-30 30728691,464.00,DIRECTDEP,Baker & Elder         ALHAMBRA F11 16/18 BGC
 ,22/03/2012,20-53-30 30728691,464.00,DIRECTDEP,Baker & Elder         ALHAMBRA F10 12/14 BGC
 ,22/03/2012,20-53-30 30728691,342.88,DIRECTDEP,Baker & Elder         ALHAMBRA F13 16/18 BGC
 ,22/03/2012,20-53-30 30728691,-183.94,DIRECTDEBIT,BHAM MIDSHIRES        882432/20007882432 DDR
 ,22/03/2012,20-53-30 30728691,-106.44,DIRECTDEBIT,HITACHI CAPITAL       023217445/18       DDR
 ,21/03/2012,20-53-30 30728691,-13.88,PAYMENT,BOOTS 6407            REF 078 2680105301 BCC
 ,20/03/2012,20-53-30 30728691,464.00,DIRECTDEP,Baker & Elder         FAWCETT RD F1 169  BGC
 ,20/03/2012,20-53-30 30728691,-95.00,PAYMENT,SUPERDRUG STORES P    REF 076 2040704301 BCC
 ,20/03/2012,20-53-30 30728691,-31.40,PAYMENT,GROVE RESTAURANT      REF 077 6101902301 BCC
 ,20/03/2012,20-53-30 30728691,-28.12,PAYMENT,BP BEDFORD EXPRESS    REF 078 2040700301 BCC
 ,20/03/2012,20-53-30 30728691,-27.36,PAYMENT,TESCO STORE 2547      REF 077 2040702301 BCC
 ,20/03/2012,20-53-30 30728691,-16.90,PAYMENT,D G SHORT             REF 077 2040703301 BCC
 ,20/03/2012,20-53-30 30728691,-14.99,PAYMENT,CURRYS.DIGITAL        REF 076 2040705301 BCC
 ,20/03/2012,20-53-30 30728691,-9.22,PAYMENT,TESCO STORE 2547      REF 077 2040701301 BCC
 ,20/03/2012,20-53-30 30728691,-2.58,PAYMENT,MKC PAYBEPHONES PA    REF 076 7443354301 BCC
 ,19/03/2012,20-53-30 30728691,454.72,DIRECTDEP,Baker & Elder         ALHAMBRA F5 8      BGC
 ,19/03/2012,20-53-30 30728691,334.08,DIRECTDEP,Baker & Elder         FAWCETT RD F2 171  BGC
 ,19/03/2012,20-53-30 30728691,-300.00,PAYMENT,MALCOLM JOHNSON       MTUCKER            BBP
 ,19/03/2012,20-53-30 30728691,-145.06,DIRECTDEBIT,BHAM MIDSHIRES        649652/20003649652 DDR
 ,16/03/2012,20-53-30 30728691,1460.65,BCC,REFUND                PORTLAND APARTMENT    
 ,16/03/2012,20-53-30 30728691,-120.00,CASH,HALIFAX PLC           MILTON KEYNES         
 ,16/03/2012,20-53-30 30728691,-14.67,DIRECTDEBIT,BHAM MIDSHIRES        557032/20010557032 DDR
 ,16/03/2012,20-53-30 30728691,-190.58,DIRECTDEBIT,BHAM MIDSHIRES        110676/20004110676 DDR
 ,15/03/2012,20-53-30 30728691,517.16,DIRECTDEP,Baker & Elder         ALHAMBRA F20 4/6   BGC
 ,15/03/2012,20-53-30 30728691,460.00,STO,JONES TGT             RENT21 4-6ALHAMBRA STO
 ,15/03/2012,20-53-30 30728691,-186.11,DIRECTDEBIT,MORTGAGE EXPRESS      2008784100020162   DDR
 ,15/03/2012,20-53-30 30728691,-192.58,DIRECTDEBIT,MORTGAGE EXPRESS      2007664780020162   DDR
 ,15/03/2012,20-53-30 30728691,-192.58,DIRECTDEBIT,MORTGAGE EXPRESS      2007545340020162   DDR
 ,15/03/2012,20-53-30 30728691,-186.12,DIRECTDEBIT,MORTGAGE EXPRESS      2007544710020162   DDR
 ,15/03/2012,20-53-30 30728691,-186.09,DIRECTDEBIT,MORTGAGE EXPRESS      2007107670020162   DDR
 ,15/03/2012,20-53-30 30728691,-186.13,DIRECTDEBIT,MORTGAGE EXPRESS      2006332310020162   DDR
 ,15/03/2012,20-53-30 30728691,-186.11,DIRECTDEBIT,MORTGAGE EXPRESS      2005787290020162   DDR
 ,15/03/2012,20-53-30 30728691,-219.67,DIRECTDEBIT,PLATFORM FUNDING      01050228979115     DDR
 ,15/03/2012,20-53-30 30728691,-184.76,DIRECTDEBIT,PLATFORM FUNDING      01050228957685     DDR
 ,15/03/2012,20-53-30 30728691,-184.76,DIRECTDEBIT,PLATFORM FUNDING      01050228957650     DDR
 ,14/03/2012,20-53-30 30728691,417.60,STO,B STILL               FRATTON F3 163     STO
 ,13/03/2012,20-53-30 30728691,538.24,DIRECTDEP,Baker & Elder         ALHAMBRA F23 4/6   BGC
 ,13/03/2012,20-53-30 30728691,464.00,DIRECTDEP,Baker & Elder         ALHAMBRA F6 16/18  BGC
 ,13/03/2012,20-53-30 30728691,352.64,DIRECTDEP,Baker & Elder         FRATTON RD F4 163  BGC
 ,13/03/2012,20-53-30 30728691,278.40,DIRECTDEP,Baker & Elder         KINGSTON RD SHOP   BGC
 ,13/03/2012,20-53-30 30728691,136.11,DIRECTDEP,Baker & Elder         FAWCETT RD F2 169  BGC
 ,13/03/2012,20-53-30 30728691,297.50,STO,PATEL                 RENT 23C HAMPSHIRE STO
 ,13/03/2012,20-53-30 30728691,-2150.00,PAYMENT,PHELANS JEWELLERS     REF 069 2086438301 BCC
 ,13/03/2012,20-53-30 30728691,-64.56,PAYMENT,TESCO STORES LTD 5    REF 070 2086435301 BCC
 ,13/03/2012,20-53-30 30728691,-40.65,PAYMENT,WHITE HORSE           REF 070 2086436301 BCC
 ,13/03/2012,20-53-30 30728691,-8.77,PAYMENT,CLINTON CARDS         REF 069 2086437301 BCC
 ,13/03/2012,20-53-30 30728691,-2.58,PAYMENT,MKC PAYBEPHONES PA    REF 069 7930562301 BCC
 ,13/03/2012,20-53-30 30728691,-1.38,PAYMENT,MKC PAYBEPHONES PA    REF 069 7930663301 BCC
 ,12/03/2012,20-53-30 30728691,1000.00,FT ,209254 13438023    FT 
 ,12/03/2012,20-53-30 30728691,538.24,DIRECTDEP,Baker & Elder         KINGSTON RD 196B   BGC
 ,12/03/2012,20-53-30 30728691,464.00,DIRECTDEP,Baker & Elder         ALHAMBRA F7 12/14  BGC
 ,12/03/2012,20-53-30 30728691,464.00,DIRECTDEP,Baker & Elder         ALHAMBRA F7 16/18  BGC
 ,12/03/2012,20-53-30 30728691,426.88,DIRECTDEP,Baker & Elder         KINGSTON RD 196A   BGC
 ,12/03/2012,20-53-30 30728691,297.50,STO,PATEL DV              RENT23CHAMPSHIRETE STO
 ,12/03/2012,20-53-30 30728691,-6.36,PAYMENT,NEW COUNTY SERVICE    REF 068 7253135301 BCC
 ,12/03/2012,20-53-30 30728691,-140.07,DIRECTDEBIT,BHAM MIDSHIRES        389757/20000389757 DDR
 ,12/03/2012,20-53-30 30728691,-82.61,DIRECTDEBIT,BHAM MIDSHIRES        309942/20009309942 DDR
 ,12/03/2012,20-53-30 30728691,-18.00,DIRECTDEBIT,NEED MORE TIME LTD    000001158149846    DDR
 ,09/03/2012,20-53-30 30728691,-19.95,DIRECTDEBIT,BHAM MIDSHIRES        556389/20010556389 DDR
 ,08/03/2012,20-53-30 30728691,538.24,DIRECTDEP,Baker & Elder         FAWCETT RD F1 171  BGC
 ,08/03/2012,20-53-30 30728691,416.60,DIRECTDEP,Baker & Elder         LONDON F1 321      BGC
 ,08/03/2012,20-53-30 30728691,-126.00,PAYMENT,WWW.KEYTEK.CO.UK      REF 065 2689514301 BCC
 ,08/03/2012,20-53-30 30728691,-47.94,PAYMENT,INTERFLORA BRITISH    REF 066 2689513301 BCC
 ,08/03/2012,20-53-30 30728691,-30.00,PAYMENT,SUPERDRUG STORES P    REF 066 2689512301 BCC
 ,08/03/2012,20-53-30 30728691,-218.68,DIRECTDEBIT,BHAM MIDSHIRES        020007900597/89565 DDR
 ,06/03/2012,20-53-30 30728691,-67.29,PAYMENT,TESCO UPT 3822        REF 063 2050725301 BCC
 ,06/03/2012,20-53-30 30728691,-57.35,PAYMENT,PIZZA EXPRESS         REF 063 6088583301 BCC
 ,06/03/2012,20-53-30 30728691,-24.00,PAYMENT,FIRST CAPITAL CONN    REF 063 2050726301 BCC
 ,06/03/2012,20-53-30 30728691,-14.47,PAYMENT,BP BEDFORD EXPRESS    REF 064 2050724301 BCC
 ,05/03/2012,20-53-30 30728691,460.00,DIRECTDEP,MR OLIVER JAMES WI    RENT 17 4 6 ALHAMB BGC
 ,05/03/2012,20-53-30 30728691,445.44,STO,B STILL               ALHAMBRA F8 8/10   STO
 ,05/03/2012,20-53-30 30728691,-100.00,CASH,TESCO                 TESCO BEDFORD CARD    
 ,05/03/2012,20-53-30 30728691,-79.99,PAYMENT,PC WORLD              REF 061 2664346301 BCC
 ,05/03/2012,20-53-30 30728691,-81.51,DIRECTDEBIT,BHAM MIDSHIRES        251387/20011251387 DDR
 ,05/03/2012,20-53-30 30728691,-228.81,DIRECTDEBIT,MORTGAGE EXPRESS      2016485220020152   DDR
 ,05/03/2012,20-53-30 30728691,-187.95,DIRECTDEBIT,MORTGAGE EXPRESS      2016485130020152   DDR
 ,05/03/2012,20-53-30 30728691,-212.45,DIRECTDEBIT,MORTGAGE EXPRESS      2016485040020152   DDR
 ,05/03/2012,20-53-30 30728691,-234.85,DIRECTDEBIT,MORTGAGE EXPRESS      2007545250020152   DDR
 ,05/03/2012,20-53-30 30728691,-226.76,DIRECTDEBIT,MORTGAGE EXPRESS      2007107760020152   DDR
 ,05/03/2012,20-53-30 30728691,-186.23,DIRECTDEBIT,MORTGAGE EXPRESS      2007093450020152   DDR
 ,05/03/2012,20-53-30 30728691,-226.60,DIRECTDEBIT,MORTGAGE EXPRESS      2007093360020152   DDR
 ,05/03/2012,20-53-30 30728691,-186.10,DIRECTDEBIT,MORTGAGE EXPRESS      2006372640020152   DDR
 ,05/03/2012,20-53-30 30728691,-143.54,DIRECTDEBIT,MORTGAGE EXPRESS      0019966240020152   DDR
 ,05/03/2012,20-53-30 30728691,-159.32,DIRECTDEBIT,MORTGAGE EXPRESS      0018724700020152   DDR
 ,05/03/2012,20-53-30 30728691,-159.35,DIRECTDEBIT,MORTGAGE EXPRESS      0017031550020152   DDR
 ,05/03/2012,20-53-30 30728691,-152.33,DIRECTDEBIT,MORTGAGE EXPRESS      0016470530020152   DDR
 ,05/03/2012,20-53-30 30728691,-145.46,DIRECTDEBIT,MORTGAGE EXPRESS      0015866140020152   DDR
 ,02/03/2012,20-53-30 30728691,425.00,STO,NWOSU O          C    FLAT 7 8 ALHAMBRA  STO
 ,02/03/2012,20-53-30 30728691,-16.80,PAYMENT,FIRST CAPITAL CONN    REF 060 2659155301 BCC
 ,02/03/2012,20-53-30 30728691,-2.79,PAYMENT,EAT LTD               REF 060 7450071301 BCC
 ,02/03/2012,20-53-30 30728691,-263.80,DIRECTDEBIT,BHAM MIDSHIRES        020003973492/74851 DDR
 ,01/03/2012,20-53-30 30728691,459.36,DIRECTDEP,Baker & Elder         FRATTON RD F2 163  BGC
 ,01/03/2012,20-53-30 30728691,525.00,STO,STEPEK MP             FLAT 19 4/6 ALHAM  STO
 ,01/03/2012,20-53-30 30728691,-50.00,CASH,TESCO                 TESCO SHEFFORD EXP    
 ,01/03/2012,20-53-30 30728691,-324.97,REPEATPMT,VALENTINO I    0   STO
 ,01/03/2012,20-53-30 30728691,-312.08,REPEATPMT,ALHAMBRA ROAD MANA    209254 83672832    STO
 ,01/03/2012,20-53-30 30728691,-261.35,REPEATPMT,ALHAMBRA ROAD MANA    209254 13686035    STO
 ,01/03/2012,20-53-30 30728691,-261.35,REPEATPMT,ALHAMBRA ROAD MANA    209254 23534332    STO
 ,01/03/2012,20-53-30 30728691,-196.79,REPEATPMT,M TUCKER              KINGSTON SHOP      STO
 ,01/03/2012,20-53-30 30728691,-167.06,REPEATPMT,ALHAMBRA ROAD MANA    209254 93543692    STO
 ,01/03/2012,20-53-30 30728691,-38.00,DIRECTDEBIT,SOUTHERN ELECTRIC     688276601          DDR
 ,01/03/2012,20-53-30 30728691,-186.14,DIRECTDEBIT,MORTGAGE EXPRESS      2007093270020148   DDR
 ,01/03/2012,20-53-30 30728691,-9.00,DIRECTDEBIT,SOUTHERN ELECTRIC     141011701          DDR
 ,01/03/2012,20-53-30 30728691,-200.74,DIRECTDEBIT,PLATFORM FUNDING      01050230313307     DDR
 ,01/03/2012,20-53-30 30728691,-217.96,DIRECTDEBIT,PLATFORM FUNDING      01050229961090     DDR
 ,01/03/2012,20-53-30 30728691,-217.96,DIRECTDEBIT,PLATFORM FUNDING      01050229961082     DDR
 ,01/03/2012,20-53-30 30728691,-219.74,DIRECTDEBIT,PLATFORM FUNDING      01050228964703     DDR
 ,01/03/2012,20-53-30 30728691,-796.30,DIRECTDEBIT,BEDFORD CHARITY  T    TUCKM /PVALS       DDR
 ,01/03/2012,20-53-30 30728691,-367.26,DIRECTDEBIT,MORTGAGE EXPRESS      MEC00005/480016104 DDR
 ,01/03/2012,20-53-30 30728691,-110.00,DIRECTDEBIT,AUBURN SEC 6          CHL00002/907372200 DDR
 ,01/03/2012,20-53-30 30728691,-110.00,DIRECTDEBIT,AUBURN SEC 6          CHL00002/907371904 DDR
 ,01/03/2012,20-53-30 30728691,-400.35,DIRECTDEBIT,AMBER HOMELOANS       AHG00001/480441702 DDR
 ,01/03/2012,20-53-30 30728691,-522.30,DIRECTDEBIT,NRAM                  24935234              
