Number,Date,Account,Amount,Subcategory,Memo
 ,01/11/2013,20-53-30 30728691,425,STO,NWOSU O          C    FLAT 7 8 ALHAMBRA  STO
 ,01/11/2013,20-53-30 30728691,525,STO,STEPEK MP             FLAT 19 4/6 ALHAM  STO
 ,01/11/2013,20-53-30 30728691,495,STO,MCCARDLE PM           21 4-6 ALHAMBRA RO STO
 ,01/11/2013,20-53-30 30728691,-5,PAYMENT,ELIOR@EE              REF 304 0000000000 CLP
 ,01/11/2013,20-53-30 30728691,-22.9,PAYMENT,FIRST CAPITAL CONN    REF 304 0000000000 BCC
 ,01/11/2013,20-53-30 30728691,-8.39,PAYMENT,BOOTS
 ,01/11/2013,20-53-30 30728691,-6.7,PAYMENT,FCC CONNECT           REF 304 0000000000 BCC
 ,01/11/2013,20-53-30 30728691,-324.97,REPEATPMT,VALENTINO I    0   STO
 ,01/11/2013,20-53-30 30728691,-312.08,REPEATPMT,ALHAMBRA ROAD MANA    209254 83672832    STO
 ,01/11/2013,20-53-30 30728691,-261.35,REPEATPMT,ALHAMBRA ROAD MANA    209254 13686035    STO
 ,01/11/2013,20-53-30 30728691,-261.35,REPEATPMT,ALHAMBRA ROAD MANA    209254 23534332    STO
 ,01/11/2013,20-53-30 30728691,-196.79,REPEATPMT,M TUCKER              KINGSTON SHOP      STO
 ,01/11/2013,20-53-30 30728691,-167.06,REPEATPMT,ALHAMBRA ROAD MANA    209254 93543692    STO
 ,01/11/2013,20-53-30 30728691,-50,REPEATPMT,NATIONWIDE            0604/229172770     STO
 ,01/11/2013,20-53-30 30728691,-50,REPEATPMT,23 HAMPSHIRE TERRA    209254 13676978    STO
 ,01/11/2013,20-53-30 30728691,-38,DIRECTDEBIT,SOUTHERN ELECTRIC     688276601          DDR
 ,01/11/2013,20-53-30 30728691,-522.3,DIRECTDEBIT,NRAM                  24935234           DDR
 ,01/11/2013,20-53-30 30728691,-186.14,DIRECTDEBIT,MORTGAGE EXPRESS      2007093270020758   DDR
 ,01/11/2013,20-53-30 30728691,-9,DIRECTDEBIT,SOUTHERN ELECTRIC     141011701          DDR
 ,01/11/2013,20-53-30 30728691,-200.74,DIRECTDEBIT,PLATFORM FUNDING      01050230313307     DDR
 ,01/11/2013,20-53-30 30728691,-217.96,DIRECTDEBIT,PLATFORM FUNDING      01050229961090     DDR
 ,01/11/2013,20-53-30 30728691,-217.96,DIRECTDEBIT,PLATFORM FUNDING      01050229961082     DDR
 ,01/11/2013,20-53-30 30728691,-219.74,DIRECTDEBIT,PLATFORM FUNDING      01050228964703     DDR
 ,01/11/2013,20-53-30 30728691,-1002.83,DIRECTDEBIT,THE BEDFORD CHARIT    TUCKM /PVALS       DDR
 ,01/11/2013,20-53-30 30728691,-945.83,DIRECTDEBIT,THE BEDFORD CHARIT    TUCKM /PVALR       DDR
 ,01/11/2013,20-53-30 30728691,-367.26,DIRECTDEBIT,MORTGAGE EXPRESS      MEC00005/480016104 DDR
 ,01/11/2013,20-53-30 30728691,-110,DIRECTDEBIT,AUBURN SEC 6          CHL00002/907372200 DDR
 ,01/11/2013,20-53-30 30728691,-110,DIRECTDEBIT,AUBURN SEC 6          CHL00002/907371904 DDR
 ,01/11/2013,20-53-30 30728691,-375.68,DIRECTDEBIT,AMBER HOMELOANS       AHG00001/480441702 DDR
 ,04/11/2013,20-53-30 30728691,38.5,FT ,209254 33378969    FT 
 ,04/11/2013,20-53-30 30728691,556.8,DIRECTDEP,BAKER & ELDER LIMI    KINGSTON 196B      BGC
 ,04/11/2013,20-53-30 30728691,382.91,DIRECTDEP,BAKER & ELDER LIMI    HAMPSHIRE TER      BGC
 ,04/11/2013,20-53-30 30728691,459.36,DIRECTDEP,BAKER & ELDER LIMI    FRATTON F2 163     BGC
 ,04/11/2013,20-53-30 30728691,464,DIRECTDEP,BAKER & ELDER LIMI    ALHAMBRA F13 16/18 BGC
 ,04/11/2013,20-53-30 30728691,-38.5,PAYMENT,TENANTFINDER          TUCKER HAMP TERR   BBP
 ,04/11/2013,20-53-30 30728691,-450.19,FT ,207409 40406538       CONQUEST OIL       FT 
 ,04/11/2013,20-53-30 30728691,-94.02,PAYMENT,BP BEDFORD EXPRESS    REF 307 0000000000 BCC
 ,04/11/2013,20-53-30 30728691,-85,PAYMENT,ROODLANE MEDICAL L    REF 304 0000000000 BCC
 ,04/11/2013,20-53-30 30728691,-75,REPEATPMT,KINGSTON UNITY        PL684048A VALENTNO STO
 ,04/11/2013,20-53-30 30728691,-50,REPEATPMT,MATHEW TUCKER         MTUCKER            STO
 ,04/11/2013,20-53-30 30728691,-228.81,DIRECTDEBIT,MORTGAGE EXPRESS      2016485220020761   DDR
 ,04/11/2013,20-53-30 30728691,-187.95,DIRECTDEBIT,MORTGAGE EXPRESS      2016485130020761   DDR
 ,04/11/2013,20-53-30 30728691,-212.45,DIRECTDEBIT,MORTGAGE EXPRESS      2016485040020761   DDR
 ,04/11/2013,20-53-30 30728691,-234.85,DIRECTDEBIT,MORTGAGE EXPRESS      2007545250020761   DDR
 ,04/11/2013,20-53-30 30728691,-226.76,DIRECTDEBIT,MORTGAGE EXPRESS      2007107760020761   DDR
 ,04/11/2013,20-53-30 30728691,-186.23,DIRECTDEBIT,MORTGAGE EXPRESS      2007093450020761   DDR
 ,04/11/2013,20-53-30 30728691,-226.6,DIRECTDEBIT,MORTGAGE EXPRESS      2007093360020761   DDR
 ,04/11/2013,20-53-30 30728691,-186.1,DIRECTDEBIT,MORTGAGE EXPRESS      2006372640020761   DDR
 ,04/11/2013,20-53-30 30728691,-263.8,DIRECTDEBIT,BHAM MIDSHIRES        020003973492/74851 DDR
 ,04/11/2013,20-53-30 30728691,-37.95,DIRECTDEBIT,LEGAL & GEN MI C/L    011439921-5        DDR
 ,04/11/2013,20-53-30 30728691,-143.54,DIRECTDEBIT,MORTGAGE EXPRESS      0019966240020761   DDR
 ,04/11/2013,20-53-30 30728691,-159.32,DIRECTDEBIT,MORTGAGE EXPRESS      0018724700020761   DDR
 ,04/11/2013,20-53-30 30728691,-159.35,DIRECTDEBIT,MORTGAGE EXPRESS      0017031550020761   DDR
 ,04/11/2013,20-53-30 30728691,-152.33,DIRECTDEBIT,MORTGAGE EXPRESS      0016470530020761   DDR
 ,04/11/2013,20-53-30 30728691,-145.46,DIRECTDEBIT,MORTGAGE EXPRESS      0015866140020761   DDR
 ,04/11/2013,20-53-30 30728691,-75,DIRECTDEBIT,SHEPHERDS FS          PN026484A          DDR
 ,05/11/2013,20-53-30 30728691,-81.51,DIRECTDEBIT,BHAM MIDSHIRES        251387/20011251387 DDR
 ,07/11/2013,20-53-30 30728691,538.24,DIRECTDEP,BAKER & ELDER LIMI    FAWCETT F1 171     BGC
 ,07/11/2013,20-53-30 30728691,464,DIRECTDEP,BAKER & ELDER LIMI    ALHAMBRA F8 8/10   BGC
 ,07/11/2013,20-53-30 30728691,464,DIRECTDEP,BAKER & ELDER LIMI    ALHAMBRA F14 12/14 BGC
 ,07/11/2013,20-53-30 30728691,-25.5,PAYMENT,PRESSED 4 TIME IRO    REF 310 0000000000 BCC
 ,07/11/2013,20-53-30 30728691,-0.88,PAYMENT,Amazon Web Service    USA                   
 ,08/11/2013,20-53-30 30728691,464,DIRECTDEP,BAKER & ELDER LIMI    ALHAMBRA F11 12/14 BGC
 ,08/11/2013,20-53-30 30728691,-218.68,DIRECTDEBIT,BHAM MIDSHIRES        020007900597/89565 DDR
 ,11/11/2013,20-53-30 30728691,475,STO,YACOUB B              17 4-6 ALHAMBRA RO STO
 ,11/11/2013,20-53-30 30728691,119.48,DIRECTDEP,BAKER & ELDER LIMI    KINGSTON 196A      BGC
 ,11/11/2013,20-53-30 30728691,464,DIRECTDEP,BAKER & ELDER LIMI    ALHAMBRA F7 16/18  BGC
 ,11/11/2013,20-53-30 30728691,464,DIRECTDEP,BAKER & ELDER LIMI    ALHAMBRA F16 12/14 BGC
 ,11/11/2013,20-53-30 30728691,-4.65,PAYMENT,ELIOR@EE              REF 312 0000000000 CLP
 ,11/11/2013,20-53-30 30728691,-420,PAYMENT,HUGO BOSS             REF 314 0000000000 BCC
 ,11/11/2013,20-53-30 30728691,-327,PAYMENT,HUGO BOSS             REF 315 0000000000 BCC
 ,11/11/2013,20-53-30 30728691,-62,PAYMENT,HOUSE OF FRASER       REF 314 0000000000 BCC
 ,11/11/2013,20-53-30 30728691,-57,PAYMENT,OASIS STORES LTD      REF 315 0000000000 BCC
 ,11/11/2013,20-53-30 30728691,-54.95,PAYMENT,Amazon *Mktplce EU    LUXEMBOURG            
 ,11/11/2013,20-53-30 30728691,-34.17,PAYMENT,BP BEDFORD EXPRESS    REF 314 0000000000 BCC
 ,11/11/2013,20-53-30 30728691,-29.02,PAYMENT,MARKS & SPENCER       REF 315 0000000000 BCC
 ,11/11/2013,20-53-30 30728691,-21.5,PAYMENT,HOUSE OF FRASER       REF 314 0000000000 BCC
 ,11/11/2013,20-53-30 30728691,-18.15,PAYMENT,MARKS & SPENCER       REF 314 0000000000 BCC
 ,11/11/2013,20-53-30 30728691,-4.38,PAYMENT,MKC PAYBEPHONES PA    REF 314 0000000000 BCC
 ,11/11/2013,20-53-30 30728691,-19.95,DIRECTDEBIT,BHAM MIDSHIRES        556389/20010556389 DDR
 ,11/11/2013,20-53-30 30728691,-82.61,DIRECTDEBIT,BHAM MIDSHIRES        309942/20009309942 DDR
 ,12/11/2013,20-53-30 30728691,278.4,DIRECTDEP,BAKER & ELDER LIMI    KINGSTON SHOP      BGC
 ,12/11/2013,20-53-30 30728691,280.83,DIRECTDEP,BAKER & ELDER LIMI    FAWCETT F2 169     BGC
 ,12/11/2013,20-53-30 30728691,464,DIRECTDEP,BAKER & ELDER LIMI    ALHAMBRA F6 16/18  BGC
 ,12/11/2013,20-53-30 30728691,511.8,DIRECTDEP,BAKER & ELDER LIMI    ALHAMBRA F23 4/6   BGC
 ,12/11/2013,20-53-30 30728691,928,DIRECTDEP,BAKER & ELDER LIMI    ALHAMBRA F22 4/6   BGC
 ,12/11/2013,20-53-30 30728691,-2.75,PAYMENT,ELIOR@EE              REF 315 0000000000 CLP
 ,12/11/2013,20-53-30 30728691,-30,CASH,YCASH                 EVERYTHING EVERYWH    
 ,12/11/2013,20-53-30 30728691,-60.99,PAYMENT,BP WAVENDON GATE S    REF 314 0000000000 BCC
 ,12/11/2013,20-53-30 30728691,-140.07,DIRECTDEBIT,BHAM MIDSHIRES        389757/20000389757 DDR
 ,12/11/2013,20-53-30 30728691,-37.68,DIRECTDEBIT,FRIENDS LIFE DD       014033997/636      DDR
 ,13/11/2013,20-53-30 30728691,464,DIRECTDEP,BAKER & ELDER LIMI    ALHAMBRA F6 8      BGC
 ,13/11/2013,20-53-30 30728691,459.36,DIRECTDEP,BAKER & ELDER LIMI    ALHAMBRA F16 16/18 BGC
 ,13/11/2013,20-53-30 30728691,-3.4,PAYMENT,ELIOR@EE              REF 316 0000000000 CLP
 ,14/11/2013,20-53-30 30728691,417.6,DIRECTDEP,BAKER & ELDER LIMI    FRATTON F3 163     BGC
 ,14/11/2013,20-53-30 30728691,464,DIRECTDEP,BAKER & ELDER LIMI    FAWCETT F2 171     BGC
 ,14/11/2013,20-53-30 30728691,-200,FT ,207409 40406538       MOBILE-CHANNEL     FT 
 ,14/11/2013,20-53-30 30728691,-5,PAYMENT,ELIOR@EE              REF 317 0000000000 CLP
 ,14/11/2013,20-53-30 30728691,-59.96,PAYMENT,SOUTHERN ELECTRIC     REF 317 0000000000 BCC
 ,15/11/2013,20-53-30 30728691,-186.11,DIRECTDEBIT,MORTGAGE EXPRESS      2008784100020772   DDR
 ,15/11/2013,20-53-30 30728691,-192.58,DIRECTDEBIT,MORTGAGE EXPRESS      2007664780020772   DDR
 ,15/11/2013,20-53-30 30728691,-192.58,DIRECTDEBIT,MORTGAGE EXPRESS      2007545340020772   DDR
 ,15/11/2013,20-53-30 30728691,-186.12,DIRECTDEBIT,MORTGAGE EXPRESS      2007544710020772   DDR
 ,15/11/2013,20-53-30 30728691,-186.09,DIRECTDEBIT,MORTGAGE EXPRESS      2007107670020772   DDR
 ,15/11/2013,20-53-30 30728691,-186.13,DIRECTDEBIT,MORTGAGE EXPRESS      2006332310020772   DDR
 ,15/11/2013,20-53-30 30728691,-186.11,DIRECTDEBIT,MORTGAGE EXPRESS      2005787290020772   DDR
 ,15/11/2013,20-53-30 30728691,-219.67,DIRECTDEBIT,PLATFORM FUNDING      01050228979115     DDR
 ,15/11/2013,20-53-30 30728691,-184.76,DIRECTDEBIT,PLATFORM FUNDING      01050228957685     DDR
 ,15/11/2013,20-53-30 30728691,-184.76,DIRECTDEBIT,PLATFORM FUNDING      01050228957650     DDR
 ,18/11/2013,20-53-30 30728691,-200,FT ,207409 40406538       MOBILE-CHANNEL     FT 
 ,18/11/2013,20-53-30 30728691,-17.48,PAYMENT,MARKS & SPENCER SI    REF 322 0000000000 CLP
 ,18/11/2013,20-53-30 30728691,-30,CASH,YCASH                 EVERYTHING EVERYWH    
 ,18/11/2013,20-53-30 30728691,-80,PAYMENT,MONEYCLAIM.GOV.UK     REF 319 0000000000 BCC
 ,18/11/2013,20-53-30 30728691,-69.45,PAYMENT,NEW COUNTY SERVICE    REF 321 0000000000 BCC
 ,18/11/2013,20-53-30 30728691,-67.39,PAYMENT,NEW COUNTY SERVICE    REF 322 0000000000 BCC
 ,18/11/2013,20-53-30 30728691,-36.1,PAYMENT,NCP LIMITED           REF 322 0000000000 BCC
 ,18/11/2013,20-53-30 30728691,-17,PAYMENT,NATURAL HISTORY MS    REF 322 0000000000 BCC
 ,18/11/2013,20-53-30 30728691,-12.19,PAYMENT,CO-OP GROUP 310244    REF 322 0000000000 BCC
 ,18/11/2013,20-53-30 30728691,-3,PAYMENT,LAND REGISTRY         REF 319 0000000000 BCC
 ,18/11/2013,20-53-30 30728691,-2.98,PAYMENT,MKC PAYBEPHONES PA    REF 321 0000000000 BCC
 ,18/11/2013,20-53-30 30728691,-145.06,DIRECTDEBIT,BHAM MIDSHIRES        649652/20003649652 DDR
 ,18/11/2013,20-53-30 30728691,-14.67,DIRECTDEBIT,BHAM MIDSHIRES        557032/20010557032 DDR
 ,18/11/2013,20-53-30 30728691,-190.58,DIRECTDEBIT,BHAM MIDSHIRES        110676/20004110676 DDR
 ,18/11/2013,20-53-30 30728691,-99,DIRECTDEBIT,MBFIN  S0CX56VSP02    S0CX56VSP026002891 DDR
 ,19/11/2013,20-53-30 30728691,-210,FT ,205330 00796751       MOBILE-CHANNEL     FT 
 ,19/11/2013,20-53-30 30728691,-13.99,PAYMENT,APPLE ITUNES STORE    LUXEMBOURG            
 ,20/11/2013,20-53-30 30728691,366.56,DIRECTDEP,BAKER & ELDER LIMI    FRATTON F4 163     BGC
 ,20/11/2013,20-53-30 30728691,464,DIRECTDEP,BAKER & ELDER LIMI    FAWCETT F3 169     BGC
 ,20/11/2013,20-53-30 30728691,454.72,DIRECTDEP,BAKER & ELDER LIMI    ALHAMBRA F5 8      BGC
 ,20/11/2013,20-53-30 30728691,422.4,DIRECTDEP,Baker & Elder Limi    FRATTON 163A       BGC
 ,20/11/2013,20-53-30 30728691,-3.9,PAYMENT,ELIOR@EE              REF 323 0000000000 CLP
 ,20/11/2013,20-53-30 30728691,-59.95,PAYMENT,PAYPAL *MICROSCOOT    REF 323 0000000000 BCC
 ,21/11/2013,20-53-30 30728691,464,DIRECTDEP,BAKER & ELDER LIMI    FAWCETT F1 169     BGC
 ,21/11/2013,20-53-30 30728691,419,DIRECTDEP,BAKER & ELDER LIMI    ALHAMBRA F3 16/18  BGC
 ,21/11/2013,20-53-30 30728691,431.49,DIRECTDEP,BAKER & ELDER LIMI    ALHAMBRA F20 4/6   BGC
 ,21/11/2013,20-53-30 30728691,464,DIRECTDEP,BAKER & ELDER LIMI    ALHAMBRA F12 16/18 BGC
 ,21/11/2013,20-53-30 30728691,464,DIRECTDEP,BAKER & ELDER LIMI    ALHAMBRA F10 12/14 BGC
 ,21/11/2013,20-53-30 30728691,-5,PAYMENT,ELIOR@EE              REF 324 0000000000 CLP
 ,21/11/2013,20-53-30 30728691,-43,DIRECTDEBIT,SKY DIGITAL           00620054164228     DDR
 ,22/11/2013,20-53-30 30728691,0.89,BCC,EE LIMITED 4100       REF 325 0000000000 BCC
 ,22/11/2013,20-53-30 30728691,320.77,DIRECTDEP,BAKER & ELDER LIMI    LONDON RD F2 321   BGC
 ,22/11/2013,20-53-30 30728691,454.72,DIRECTDEP,BAKER & ELDER LIMI    ALHAMBRA F5 12/14  BGC
 ,22/11/2013,20-53-30 30728691,464,DIRECTDEP,BAKER & ELDER LIMI    ALHAMBRA F11 16/18 BGC
 ,22/11/2013,20-53-30 30728691,-300,FT ,207409 40406538       MOBILE-CHANNEL     FT 
 ,22/11/2013,20-53-30 30728691,-5,PAYMENT,ELIOR@EE              REF 325 0000000000 CLP
 ,22/11/2013,20-53-30 30728691,-1.8,PAYMENT,ELIOR@EE              REF 325 0000000000 CLP
 ,22/11/2013,20-53-30 30728691,-212.73,PAYMENT,EE LIMITED 4100       REF 325 0000000000 BCC
 ,22/11/2013,20-53-30 30728691,-0.89,PAYMENT,EE LIMITED 4100       REF 325 0000000000 BCC
 ,22/11/2013,20-53-30 30728691,-183.94,DIRECTDEBIT,BHAM MIDSHIRES        882432/20007882432 DDR
 ,25/11/2013,20-53-30 30728691,464,DIRECTDEP,BAKER & ELDER LIMI    LONDON F1 321      BGC
 ,25/11/2013,20-53-30 30728691,464,DIRECTDEP,BAKER & ELDER LIMI    ALHAMBRA F4 12/14  BGC
 ,25/11/2013,20-53-30 30728691,464,DIRECTDEP,BAKER & ELDER LIMI    ALHAMBRA F3 12/14  BGC
 ,25/11/2013,20-53-30 30728691,519.68,DIRECTDEP,BAKER & ELDER LIMI    ALHAMBRA F1 16/18  BGC
 ,25/11/2013,20-53-30 30728691,424,DIRECTDEP,Baker & Elder Limi    ALHAMBRA F7 12/14  BGC
 ,25/11/2013,20-53-30 30728691,-1875,FT ,205330 00796751       MOBILE-CHANNEL     FT 
 ,25/11/2013,20-53-30 30728691,-4.65,PAYMENT,ELIOR@EE              REF 326 0000000000 CLP
 ,25/11/2013,20-53-30 30728691,-30,CASH,YCASH                 EVERYTHING EVERYWH    
 ,25/11/2013,20-53-30 30728691,-30,CASH,YCASH                 EVERYTHING EVERYWH    
 ,25/11/2013,20-53-30 30728691,-354.95,PAYMENT,PAYPAL *JOHNLEWISP    REF 326 0000000000 BCC
 ,25/11/2013,20-53-30 30728691,-58.1,PAYMENT,EE & T-MOBILE         REF 329 0000000000 BCC
 ,25/11/2013,20-53-30 30728691,-57.93,PAYMENT,PAYPAL *ARGOSDIREC    REF 325 0000000000 BCC
 ,25/11/2013,20-53-30 30728691,-50.15,PAYMENT,XSCAPE HARVESTER      REF 328 0000000000 BCC
 ,25/11/2013,20-53-30 30728691,-45.64,PAYMENT,Amazon EU             LUXEMBOURG            
 ,25/11/2013,20-53-30 30728691,-36.97,PAYMENT,PAYPAL *DERVENTIOD    REF 325 0000000000 BCC
 ,25/11/2013,20-53-30 30728691,-36.67,PAYMENT,Amazon *Mktplce EU    LUXEMBOURG            
 ,25/11/2013,20-53-30 30728691,-36.5,PAYMENT,TESCO STORE 2885      REF 328 0000000000 BCC
 ,25/11/2013,20-53-30 30728691,-31.94,PAYMENT,MOTHERCARE WORLD      REF 328 0000000000 BCC
 ,25/11/2013,20-53-30 30728691,-30,PAYMENT,BEDFORD BOROUGH CO    REF 325 0000000000 BCC
 ,25/11/2013,20-53-30 30728691,-28,PAYMENT,PRESSED 4 TIME IRO    REF 328 0000000000 BCC
 ,25/11/2013,20-53-30 30728691,-8.35,PAYMENT,Amazon *Mktplce EU    LUXEMBOURG            
 ,25/11/2013,20-53-30 30728691,-6.23,PAYMENT,Amazon *Mktplce EU    LUXEMBOURG            
 ,25/11/2013,20-53-30 30728691,-2.7,PAYMENT,WWW.VINCIPARK.CO.U    REF 328 0000000000 BCC
 ,25/11/2013,20-53-30 30728691,-519.5,REPEATPMT,G& F VALENTINO        MTUCKER            STO
 ,26/11/2013,20-53-30 30728691,-4.45,PAYMENT,ELIOR@EE              REF 329 0000000000 CLP
 ,27/11/2013,20-53-30 30728691,464,DIRECTDEP,BAKER & ELDER LIMI    LONDON F4 321      BGC
 ,27/11/2013,20-53-30 30728691,464,DIRECTDEP,BAKER & ELDER LIMI    ALHAMBRA F18 4/6   BGC
 ,27/11/2013,20-53-30 30728691,-40,PAYMENT,BEN NASH              MTUCKER            BBP
 ,27/11/2013,20-53-30 30728691,-100,FT ,200574 63796884    FT 
 ,27/11/2013,20-53-30 30728691,-22.14,PAYMENT,Amazon *Mktplce EU    LUXEMBOURG            
 ,27/11/2013,20-53-30 30728691,-21.99,PAYMENT,TOYS R US             REF 330 0000000000 BCC
 ,27/11/2013,20-53-30 30728691,-1200,REPEATPMT,MR MATTHEW STUART     207409 40406538    STO
 ,28/11/2013,20-53-30 30728691,-4.45,PAYMENT,ELIOR@EE              REF 331 0000000000 CLP
 ,28/11/2013,20-53-30 30728691,-28.4,DIRECTDEBIT,TALKTALK LIMITED      5008130512 1660129 DDR
 ,29/11/2013,20-53-30 30728691,-4.45,PAYMENT,ELIOR@EE              REF 332 0000000000 CLP
 ,29/11/2013,20-53-30 30728691,-1.8,PAYMENT,ELIOR@EE              REF 332 0000000000 CLP
 ,29/11/2013,20-53-30 30728691,-100,CASH,NOTEMACHINE           FCC                   
 ,29/11/2013,20-53-30 30728691,-23,PAYMENT,FIRST CAPITAL CONN    REF 332 0000000000 BCC
 ,29/11/2013,20-53-30 30728691,-400,REPEATPMT,F VALENTINO           RENT               STO
 ,29/11/2013,20-53-30 30728691,-129.28,DIRECTDEBIT,BHAM MIDSHIRES        731371/20002731371 DDR
 ,29/11/2013,20-53-30 30728691,-184.58,DIRECTDEBIT,MORTGAGE TRUST        002197389 10187350 DDR
 ,29/11/2013,20-53-30 30728691,-190.26,DIRECTDEBIT,MORTGAGE TRUST        002186357 10187350 DDR
 ,29/11/2013,20-53-30 30728691,-190.26,DIRECTDEBIT,MORTGAGE TRUST        002186356 10187350 DDR
 ,29/11/2013,20-53-30 30728691,-190.26,DIRECTDEBIT,MORTGAGE TRUST        002186317 10187350 DDR
