Number,Date,Account,Amount,Subcategory,Memo,
 ,01/11/2016,20-53-30 30728691,556.8,DIRECTDEP,BAKER & ELDER LIMI    ALHAM F23 4/6      BGC,
 ,01/11/2016,20-53-30 30728691,556.8,DIRECTDEP,BAKER & ELDER LIMI    ALHAM F20 4/6      BGC,
 ,01/11/2016,20-53-30 30728691,-465,REPEATPMT,ALHAMBRA ROAD MANA    209254 83672832    STO,
 ,01/11/2016,20-53-30 30728691,-320,REPEATPMT,ALHAMBRA ROAD MANA    209254 13686035    STO,
 ,01/11/2016,20-53-30 30728691,-315,REPEATPMT,ALHAMBRA ROAD MANA    209254 23534332    STO,
 ,01/11/2016,20-53-30 30728691,-196.79,REPEATPMT,M TUCKER              KINGSTON SHOP      STO,
 ,01/11/2016,20-53-30 30728691,-50,REPEATPMT,NATIONWIDE            0604/229172770     STO,
 ,01/11/2016,20-53-30 30728691,-50,REPEATPMT,23 HAMPSHIRE TERRA    209254 13676978    STO,
 ,01/11/2016,20-53-30 30728691,-496.98,DIRECTDEBIT,NRAM                  24935234           DDR,
 ,01/11/2016,20-53-30 30728691,-165.45,DIRECTDEBIT,MORTGAGE EXPRESS      2007093270021854   DDR,
 ,01/11/2016,20-53-30 30728691,-9,DIRECTDEBIT,SOUTHERN ELECTRIC     141011701          DDR,
 ,01/11/2016,20-53-30 30728691,-180.37,DIRECTDEBIT,PLATFORM FUNDING      01050230313307     DDR,
 ,01/11/2016,20-53-30 30728691,-195.72,DIRECTDEBIT,PLATFORM FUNDING      01050229961090     DDR,
 ,01/11/2016,20-53-30 30728691,-195.72,DIRECTDEBIT,PLATFORM FUNDING      01050229961082     DDR,
 ,01/11/2016,20-53-30 30728691,-197.32,DIRECTDEBIT,PLATFORM FUNDING      01050228964703     DDR,
 ,01/11/2016,20-53-30 30728691,-345.94,DIRECTDEBIT,THE HARPUR TRUST      TUCKM8  PVALA1     DDR,
 ,01/11/2016,20-53-30 30728691,-1366.2,DIRECTDEBIT,THE HARPUR TRUST      TUCKM8  BVALR8     DDR,
 ,01/11/2016,20-53-30 30728691,-1054.66,DIRECTDEBIT,THE HARPUR TRUST      TUCKMS  GVALS1     DDR,
 ,01/11/2016,20-53-30 30728691,-348.23,DIRECTDEBIT,MORTGAGE EXPRESS      MEC00005/480016104 DDR,
 ,01/11/2016,20-53-30 30728691,-93.49,DIRECTDEBIT,CAPITAL HOME LOANS    CHL00002/907372200 DDR,
 ,01/11/2016,20-53-30 30728691,-93.99,DIRECTDEBIT,CAPITAL HOME LOANS    CHL00002/907371904 DDR,
 ,01/11/2016,20-53-30 30728691,-356.83,DIRECTDEBIT,AMBER HOMELOANS       AHG00001/480441702 DDR,
 ,02/11/2016,20-53-30 30728691,918.72,DIRECTDEP,BAKER & ELDER LIMI    ALHAM F16 16/18    BGC,
 ,02/11/2016,20-53-30 30728691,482.56,DIRECTDEP,BAKER & ELDER LIMI    ALHAMBRA F21 4/6   BGC,
 ,02/11/2016,20-53-30 30728691,-37.95,DIRECTDEBIT,LEGAL & GEN MI C/L    011439921-5        DDR,
 ,03/11/2016,20-53-30 30728691,-203.37,DIRECTDEBIT,MORTGAGE EXPRESS      2016485220021856   DDR,
 ,03/11/2016,20-53-30 30728691,-167.33,DIRECTDEBIT,MORTGAGE EXPRESS      2016485130021856   DDR,
 ,03/11/2016,20-53-30 30728691,-189.14,DIRECTDEBIT,MORTGAGE EXPRESS      2016485040021856   DDR,
 ,03/11/2016,20-53-30 30728691,-208.78,DIRECTDEBIT,MORTGAGE EXPRESS      2007545250021856   DDR,
 ,03/11/2016,20-53-30 30728691,-201.56,DIRECTDEBIT,MORTGAGE EXPRESS      2007107760021856   DDR,
 ,03/11/2016,20-53-30 30728691,-165.54,DIRECTDEBIT,MORTGAGE EXPRESS      2007093450021856   DDR,
 ,03/11/2016,20-53-30 30728691,-201.41,DIRECTDEBIT,MORTGAGE EXPRESS      2007093360021856   DDR,
 ,03/11/2016,20-53-30 30728691,-165.44,DIRECTDEBIT,MORTGAGE EXPRESS      2006372640021856   DDR,
 ,03/11/2016,20-53-30 30728691,-127.6,DIRECTDEBIT,MORTGAGE EXPRESS      0019966240021856   DDR,
 ,03/11/2016,20-53-30 30728691,-141.63,DIRECTDEBIT,MORTGAGE EXPRESS      0018724700021856   DDR,
 ,03/11/2016,20-53-30 30728691,-141.66,DIRECTDEBIT,MORTGAGE EXPRESS      0017031550021856   DDR,
 ,03/11/2016,20-53-30 30728691,-135.4,DIRECTDEBIT,MORTGAGE EXPRESS      0016470530021856   DDR,
 ,03/11/2016,20-53-30 30728691,-129.29,DIRECTDEBIT,MORTGAGE EXPRESS      0015866140021856   DDR,
 ,04/11/2016,20-53-30 30728691,-75,REPEATPMT,KINGSTON UNITY        PL684048A VALENTNO STO,
 ,04/11/2016,20-53-30 30728691,-75,DIRECTDEBIT,SHEPHERDS FS          PN026484A          DDR,
 ,07/11/2016,20-53-30 30728691,-50,REPEATPMT,MATHEW TUCKER         MTUCKER            STO,
 ,08/11/2016,20-53-30 30728691,-350,FT ,207409 40406538       MOBILE-CHANNEL     FT ,
 ,08/11/2016,20-53-30 30728691,-196.17,DIRECTDEBIT,BHAM MIDSHIRES        020007900597/89565 DDR,
 ,09/11/2016,20-53-30 30728691,556.8,DIRECTDEP,BAKER & ELDER LIMI    LONDON F3 321      BGC,
 ,09/11/2016,20-53-30 30728691,482.56,DIRECTDEP,BAKER & ELDER LIMI    KINGSTON 196A      BGC,
 ,09/11/2016,20-53-30 30728691,538.24,DIRECTDEP,BAKER & ELDER LIMI    FAWCETT F1 171     BGC,
 ,09/11/2016,20-53-30 30728691,468.64,DIRECTDEP,BAKER & ELDER LIMI    ALHAM F7 8         BGC,
 ,09/11/2016,20-53-30 30728691,218,DIRECTDEP,BAKER & ELDER LIMI    ALHAM F22 4/6      BGC,
 ,09/11/2016,20-53-30 30728691,464,DIRECTDEP,BAKER & ELDER LIMI    ALHAM F14 12/14    BGC,
 ,09/11/2016,20-53-30 30728691,-17.9,DIRECTDEBIT,BHAM MIDSHIRES        556389/20010556389 DDR,
 ,10/11/2016,20-53-30 30728691,-61.95,DIRECTDEBIT,BHAM MIDSHIRES        309942/20009309942 DDR,
 ,11/11/2016,20-53-30 30728691,468.64,DIRECTDEP,BAKER & ELDER LIMI    ALHAM F4 12/14     BGC,
 ,11/11/2016,20-53-30 30728691,603.2,DIRECTDEP,BAKER & ELDER LIMI    ALHAM F1 16/18     BGC,
 ,11/11/2016,20-53-30 30728691,482.56,DIRECTDEP,Baker & Elder Limi    ALHAM F21 4/8      BGC,???
 ,11/11/2016,20-53-30 30728691,459.36,DIRECTDEP,Baker & Elder Limi    ALHAM F16 16/18    BGC,???
 ,11/11/2016,20-53-30 30728691,-3243.4,PAYMENT,BAKER AND ELDER L     MTUCKER-AUG16      BBP,
 ,11/11/2016,20-53-30 30728691,-842.29,PAYMENT,BAKER AND ELDER L     MTUCKER-SEP16      BBP,
 ,11/11/2016,20-53-30 30728691,-783.43,PAYMENT,BAKER AND ELDER L     MTUCKER-OCT16      BBP,
 ,11/11/2016,20-53-30 30728691,-519.5,FT ,207409 60458872    FT ,
 ,14/11/2016,20-53-30 30728691,-350,FT ,207409 40406538       MOBILE-CHANNEL     FT ,
 ,14/11/2016,20-53-30 30728691,-126.04,DIRECTDEBIT,BHAM MIDSHIRES        389757/20000389757 DDR,
 ,14/11/2016,20-53-30 30728691,-37.68,DIRECTDEBIT,FRIENDS LIFE          014033997          DDR,
 ,14/11/2016,20-53-30 30728691,-62.18,DIRECTDEBIT,EE & T-MOBILE         Q20664165666394707 DDR,
 ,14/11/2016,20-53-30 30728691,-51.49,DIRECTDEBIT,BT GROUP PLC          GB14092007-000026  DDR,
 ,15/11/2016,20-53-30 30728691,464,DIRECTDEP,BAKER & ELDER LIMI    FAWCETT F2 169     BGC,
 ,15/11/2016,20-53-30 30728691,362,DIRECTDEP,BAKER & ELDER LIMI    ALHAM F6 16/18     BGC,
 ,15/11/2016,20-53-30 30728691,324.8,DIRECTDEP,Baker & Elder Limi    KINGSTON 196 SHOP  BGC,
 ,15/11/2016,20-53-30 30728691,-165.41,DIRECTDEBIT,MORTGAGE EXPRESS      2008784100021868   DDR,
 ,15/11/2016,20-53-30 30728691,-171.18,DIRECTDEBIT,MORTGAGE EXPRESS      2007664780021868   DDR,
 ,15/11/2016,20-53-30 30728691,-171.18,DIRECTDEBIT,MORTGAGE EXPRESS      2007545340021868   DDR,
 ,15/11/2016,20-53-30 30728691,-165.45,DIRECTDEBIT,MORTGAGE EXPRESS      2007544710021868   DDR,
 ,15/11/2016,20-53-30 30728691,-165.41,DIRECTDEBIT,MORTGAGE EXPRESS      2007107670021868   DDR,
 ,15/11/2016,20-53-30 30728691,-165.47,DIRECTDEBIT,MORTGAGE EXPRESS      2006332310021868   DDR,
 ,15/11/2016,20-53-30 30728691,-165.44,DIRECTDEBIT,MORTGAGE EXPRESS      2005787290021868   DDR,
 ,15/11/2016,20-53-30 30728691,-197.26,DIRECTDEBIT,PLATFORM FUNDING      01050228979115     DDR,
 ,15/11/2016,20-53-30 30728691,-165.91,DIRECTDEBIT,PLATFORM FUNDING      01050228957685     DDR,
 ,15/11/2016,20-53-30 30728691,-165.91,DIRECTDEBIT,PLATFORM FUNDING      01050228957650     DDR,
 ,16/11/2016,20-53-30 30728691,-13.17,DIRECTDEBIT,BHAM MIDSHIRES        557032/20010557032 DDR,
 ,16/11/2016,20-53-30 30728691,-163.35,DIRECTDEBIT,BHAM MIDSHIRES        110676/20004110676 DDR,
 ,17/11/2016,20-53-30 30728691,580,DIRECTDEP,Baker & Elder Limi    KINGSTON 196 B     BGC,
 ,18/11/2016,20-53-30 30728691,-363.09,PAYMENT,PORTSMOUTH CITY       10396707X          BBP,
 ,18/11/2016,20-53-30 30728691,-155.32,PAYMENT,PORTSMOUTH CITY       103996915          BBP,
 ,18/11/2016,20-53-30 30728691,-49.31,PAYMENT,SOUTHERN ELECTRIC     6882766014         BBP,
 ,18/11/2016,20-53-30 30728691,-300,FT ,207409 40406538       MOBILE-CHANNEL     FT ,
 ,18/11/2016,20-53-30 30728691,-130.23,DIRECTDEBIT,BHAM MIDSHIRES        649652/20003649652 DDR,
 ,21/11/2016,20-53-30 30728691,612.48,DIRECTDEP,BAKER & ELDER LIMI    HAMP 23B           BGC,
 ,21/11/2016,20-53-30 30728691,886.24,DIRECTDEP,BAKER & ELDER LIMI    FRATTON F2 F3 163  BGC,
 ,21/11/2016,20-53-30 30728691,464,DIRECTDEP,BAKER & ELDER LIMI    FAWCETT F3 169     BGC,
 ,21/11/2016,20-53-30 30728691,237.97,DIRECTDEP,BAKER & ELDER LIMI    ALHAM F7 12/14     BGC,
 ,21/11/2016,20-53-30 30728691,468.64,DIRECTDEP,BAKER & ELDER LIMI    ALHAM F5 8         BGC,
 ,21/11/2016,20-53-30 30728691,-154.94,FT ,207409 60458872       MOBILE-CHANNEL     FT ,
 ,21/11/2016,20-53-30 30728691,-58.75,PAYMENT,WWW.OPRO.COM          ON 18 NOV          BCC,
 ,22/11/2016,20-53-30 30728691,733.12,DIRECTDEP,BAKER & ELDER LIMI    FRATTON F4 163     BGC,
 ,22/11/2016,20-53-30 30728691,464,DIRECTDEP,BAKER & ELDER LIMI    FAWCETT F 2 171    BGC,
 ,22/11/2016,20-53-30 30728691,464,DIRECTDEP,BAKER & ELDER LIMI    ALHAM F13 16/18    BGC,
 ,22/11/2016,20-53-30 30728691,-300,FT ,207409 40406538       MOBILE-CHANNEL     FT ,
 ,22/11/2016,20-53-30 30728691,-165.12,DIRECTDEBIT,BHAM MIDSHIRES        882432/20007882432 DDR,
 ,23/11/2016,20-53-30 30728691,-50,DIRECTDEBIT,SKY DIGITAL           00620054164228     DDR,
 ,24/11/2016,20-53-30 30728691,468.64,DIRECTDEP,BAKER & ELDER LIMI    FAWCETT F1 169     BGC,
 ,24/11/2016,20-53-30 30728691,356,DIRECTDEP,BAKER & ELDER LIMI    ALHAM F6 8         BGC,
 ,24/11/2016,20-53-30 30728691,464,DIRECTDEP,BAKER & ELDER LIMI    ALHAM F3 171       BGC,
 ,24/11/2016,20-53-30 30728691,254,DIRECTDEP,BAKER & ELDER LIMI    ALHAM F3 16/18     BGC,
 ,24/11/2016,20-53-30 30728691,566.08,DIRECTDEP,BAKER & ELDER LIMI    ALHAM F19 4/6      BGC,
 ,24/11/2016,20-53-30 30728691,938.72,DIRECTDEP,BAKER & ELDER LIMI    ALHAM F17 F23 4/6  BGC,
 ,24/11/2016,20-53-30 30728691,468.64,DIRECTDEP,BAKER & ELDER LIMI    ALHAM F12 16/18    BGC,
 ,24/11/2016,20-53-30 30728691,464,DIRECTDEP,BAKER & ELDER LIMI    ALHAM F10 12/14    BGC,
 ,24/11/2016,20-53-30 30728691,468.64,DIRECTDEP,BAKER & ELDER LIMI    ALHAMB F3 12/14    BGC,
 ,24/11/2016,20-53-30 30728691,814.26,DIRECTDEP,BAKER & ELDER LIMI    ALHA F11 F16 12/14 BGC,
 ,24/11/2016,20-53-30 30728691,612.48,DIRECTDEP,Baker & Elder Limi    HAMP 23C           BGC,
 ,25/11/2016,20-53-30 30728691,934,DIRECTDEP,BAKER & ELDER LIMI    LONDON F2 321      BGC,
 ,25/11/2016,20-53-30 30728691,464,DIRECTDEP,BAKER & ELDER LIMI    LONDON F1 321      BGC,
 ,25/11/2016,20-53-30 30728691,454.72,DIRECTDEP,BAKER & ELDER LIMI    ALHAM F5 12/14     BGC,
 ,25/11/2016,20-53-30 30728691,464,DIRECTDEP,BAKER & ELDER LIMI    ALHAM F11 16/18    BGC,
 ,28/11/2016,20-53-30 30728691,-1200,REPEATPMT,MR MATTHEW STUART     207409 40406538    STO,
 ,28/11/2016,20-53-30 30728691,-33,DIRECTDEBIT,BOOTS REWARDSCHEME    A45028400000736    DDR,
 ,29/11/2016,20-53-30 30728691,-400,REPEATPMT,F VALENTINO           RENT               STO,
