Number,Date,Account,Amount,Subcategory,Memo,,
 ,03/10/2016,20-53-30 30728691,-465,REPEATPMT,ALHAMBRA ROAD MANA    209254 83672832    STO,,
 ,03/10/2016,20-53-30 30728691,-320,REPEATPMT,ALHAMBRA ROAD MANA    209254 13686035    STO,,
 ,03/10/2016,20-53-30 30728691,-315,REPEATPMT,ALHAMBRA ROAD MANA    209254 23534332    STO,,
 ,03/10/2016,20-53-30 30728691,-196.79,REPEATPMT,M TUCKER              KINGSTON SHOP      STO,,
 ,03/10/2016,20-53-30 30728691,-50,REPEATPMT,NATIONWIDE            0604/229172770     STO,,
 ,03/10/2016,20-53-30 30728691,-50,REPEATPMT,23 HAMPSHIRE TERRA    209254 13676978    STO,,
 ,03/10/2016,20-53-30 30728691,-50,REPEATPMT,MATHEW TUCKER         MTUCKER            STO,,
 ,03/10/2016,20-53-30 30728691,-496.98,DIRECTDEBIT,NRAM                  24935234           DDR,,
 ,03/10/2016,20-53-30 30728691,-203.37,DIRECTDEBIT,MORTGAGE EXPRESS      2016485220021825   DDR,,
 ,03/10/2016,20-53-30 30728691,-167.33,DIRECTDEBIT,MORTGAGE EXPRESS      2016485130021825   DDR,,
 ,03/10/2016,20-53-30 30728691,-189.14,DIRECTDEBIT,MORTGAGE EXPRESS      2016485040021825   DDR,,
 ,03/10/2016,20-53-30 30728691,-208.78,DIRECTDEBIT,MORTGAGE EXPRESS      2007545250021825   DDR,,
 ,03/10/2016,20-53-30 30728691,-201.56,DIRECTDEBIT,MORTGAGE EXPRESS      2007107760021825   DDR,,
 ,03/10/2016,20-53-30 30728691,-165.54,DIRECTDEBIT,MORTGAGE EXPRESS      2007093450021825   DDR,,
 ,03/10/2016,20-53-30 30728691,-201.41,DIRECTDEBIT,MORTGAGE EXPRESS      2007093360021825   DDR,,
 ,03/10/2016,20-53-30 30728691,-165.45,DIRECTDEBIT,MORTGAGE EXPRESS      2007093270021825   DDR,,
 ,03/10/2016,20-53-30 30728691,-165.44,DIRECTDEBIT,MORTGAGE EXPRESS      2006372640021825   DDR,,
 ,03/10/2016,20-53-30 30728691,-9,DIRECTDEBIT,SOUTHERN ELECTRIC     141011701          DDR,,
 ,03/10/2016,20-53-30 30728691,-37.95,DIRECTDEBIT,LEGAL & GEN MI C/L    011439921-5        DDR,,
 ,03/10/2016,20-53-30 30728691,-180.37,DIRECTDEBIT,PLATFORM FUNDING      01050230313307     DDR,,
 ,03/10/2016,20-53-30 30728691,-195.72,DIRECTDEBIT,PLATFORM FUNDING      01050229961090     DDR,,
 ,03/10/2016,20-53-30 30728691,-195.72,DIRECTDEBIT,PLATFORM FUNDING      01050229961082     DDR,,
 ,03/10/2016,20-53-30 30728691,-197.32,DIRECTDEBIT,PLATFORM FUNDING      01050228964703     DDR,,
 ,03/10/2016,20-53-30 30728691,-127.6,DIRECTDEBIT,MORTGAGE EXPRESS      0019966240021825   DDR,,
 ,03/10/2016,20-53-30 30728691,-141.63,DIRECTDEBIT,MORTGAGE EXPRESS      0018724700021825   DDR,,
 ,03/10/2016,20-53-30 30728691,-141.66,DIRECTDEBIT,MORTGAGE EXPRESS      0017031550021825   DDR,,
 ,03/10/2016,20-53-30 30728691,-135.4,DIRECTDEBIT,MORTGAGE EXPRESS      0016470530021825   DDR,,
 ,03/10/2016,20-53-30 30728691,-129.29,DIRECTDEBIT,MORTGAGE EXPRESS      0015866140021825   DDR,,
 ,03/10/2016,20-53-30 30728691,-345.94,DIRECTDEBIT,THE HARPUR TRUST      TUCKM8  PVALA1     DDR,,
 ,03/10/2016,20-53-30 30728691,-1366.2,DIRECTDEBIT,THE HARPUR TRUST      TUCKM8  BVALR8     DDR,,
 ,03/10/2016,20-53-30 30728691,-1054.66,DIRECTDEBIT,THE HARPUR TRUST      TUCKMS  GVALS1     DDR,,
 ,03/10/2016,20-53-30 30728691,-59.98,DIRECTDEBIT,EE & T-MOBILE         Q13077400655011546 DDR,,
 ,03/10/2016,20-53-30 30728691,-348.23,DIRECTDEBIT,MORTGAGE EXPRESS      MEC00005/480016104 DDR,,
 ,03/10/2016,20-53-30 30728691,-93.49,DIRECTDEBIT,CAPITAL HOME LOANS    CHL00002/907372200 DDR,,
 ,03/10/2016,20-53-30 30728691,-93.99,DIRECTDEBIT,CAPITAL HOME LOANS    CHL00002/907371904 DDR,,
 ,03/10/2016,20-53-30 30728691,-356.83,DIRECTDEBIT,AMBER HOMELOANS       AHG00001/480441702 DDR,,
 ,04/10/2016,20-53-30 30728691,482.56,DIRECTDEP,BAKER & ELDER LIMI    ALHAM F21 4/6      BGC,,
 ,04/10/2016,20-53-30 30728691,-75,REPEATPMT,KINGSTON UNITY        PL684048A VALENTNO STO,,
 ,04/10/2016,20-53-30 30728691,-75,DIRECTDEBIT,SHEPHERDS FS          PN026484A          DDR,,
 ,05/10/2016,20-53-30 30728691,556.8,DIRECTDEP,Baker & Elder Limi    ALHAM F20 4/6      BGC,,
 ,07/10/2016,20-53-30 30728691,556.8,DIRECTDEP,BAKER & ELDER LIMI    LONDON F3 321      BGC,,
 ,07/10/2016,20-53-30 30728691,482.56,DIRECTDEP,BAKER & ELDER LIMI    KINGSTON 196A      BGC,,
 ,07/10/2016,20-53-30 30728691,354.64,DIRECTDEP,BAKER & ELDER LIMI    ALHAM F7 8         BGC,,
 ,10/10/2016,20-53-30 30728691,538.24,DIRECTDEP,BAKER & ELDER LIMI    FAWCET F1 171      BGC,,
 ,10/10/2016,20-53-30 30728691,-17.9,DIRECTDEBIT,BHAM MIDSHIRES        556389/20010556389 DDR,,
 ,10/10/2016,20-53-30 30728691,-61.95,DIRECTDEBIT,BHAM MIDSHIRES        309942/20009309942 DDR,,
 ,10/10/2016,20-53-30 30728691,-218.68,DIRECTDEBIT,BHAM MIDSHIRES        020007900597/89565 DDR,,
 ,12/10/2016,20-53-30 30728691,-126.04,DIRECTDEBIT,BHAM MIDSHIRES        389757/20000389757 DDR,,
 ,12/10/2016,20-53-30 30728691,-37.68,DIRECTDEBIT,FRIENDS LIFE          014033997          DDR,,
 ,12/10/2016,20-53-30 30728691,-50.23,DIRECTDEBIT,EE & T-MOBILE         Q20664165657975718 DDR,,
 ,13/10/2016,20-53-30 30728691,324.8,DIRECTDEP,BAKER & ELDER LIMI    KINGSON SHOP       BGC,,
 ,13/10/2016,20-53-30 30728691,464,DIRECTDEP,BAKER & ELDER LIMI    FAWCETT F3 171     BGC,,
 ,13/10/2016,20-53-30 30728691,464,DIRECTDEP,BAKER & ELDER LIMI    FAWCETTF2 169      BGC,,
 ,13/10/2016,20-53-30 30728691,464,DIRECTDEP,BAKER & ELDER LIMI    ALHAM F6 8         BGC,,
 ,13/10/2016,20-53-30 30728691,411.92,DIRECTDEP,BAKER & ELDER LIMI    ALHAM F17 4/6      BGC,,
 ,13/10/2016,20-53-30 30728691,1306.32,DIRECTDEP,BAKER & ELDER LIMI    AL F3 F4 12/14     BGC,1306.32,"837.68 paid for F3, 468.64 F4"
 ,13/10/2016,20-53-30 30728691,617.2,DIRECTDEP,BAKER & ELDER LIMI    AL F1 F6 16/18     BGC,,
 ,13/10/2016,20-53-30 30728691,-300,FT ,207409 40406538       MOBILE-CHANNEL     FT ,,
 ,14/10/2016,20-53-30 30728691,-300,OTH,PREM NO/PR            SHEFFORD           TFR,,
 ,14/10/2016,20-53-30 30728691,-51.49,DIRECTDEBIT,BT GROUP PLC          GB14092007-000025  DDR,,
 ,17/10/2016,20-53-30 30728691,-300,FT ,207409 40406538       MOBILE-CHANNEL     FT ,,
 ,17/10/2016,20-53-30 30728691,-13.17,DIRECTDEBIT,BHAM MIDSHIRES        557032/20010557032 DDR,,
 ,17/10/2016,20-53-30 30728691,-165.41,DIRECTDEBIT,MORTGAGE EXPRESS      2008784100021839   DDR,,
 ,17/10/2016,20-53-30 30728691,-171.18,DIRECTDEBIT,MORTGAGE EXPRESS      2007664780021839   DDR,,
 ,17/10/2016,20-53-30 30728691,-171.18,DIRECTDEBIT,MORTGAGE EXPRESS      2007545340021839   DDR,,
 ,17/10/2016,20-53-30 30728691,-165.45,DIRECTDEBIT,MORTGAGE EXPRESS      2007544710021839   DDR,,
 ,17/10/2016,20-53-30 30728691,-165.41,DIRECTDEBIT,MORTGAGE EXPRESS      2007107670021839   DDR,,
 ,17/10/2016,20-53-30 30728691,-165.47,DIRECTDEBIT,MORTGAGE EXPRESS      2006332310021839   DDR,,
 ,17/10/2016,20-53-30 30728691,-165.44,DIRECTDEBIT,MORTGAGE EXPRESS      2005787290021839   DDR,,
 ,17/10/2016,20-53-30 30728691,-163.35,DIRECTDEBIT,BHAM MIDSHIRES        110676/20004110676 DDR,,
 ,17/10/2016,20-53-30 30728691,-197.26,DIRECTDEBIT,PLATFORM FUNDING      01050228979115     DDR,,
 ,17/10/2016,20-53-30 30728691,-165.91,DIRECTDEBIT,PLATFORM FUNDING      01050228957685     DDR,,
 ,17/10/2016,20-53-30 30728691,-165.91,DIRECTDEBIT,PLATFORM FUNDING      01050228957650     DDR,,
 ,18/10/2016,20-53-30 30728691,-130.23,DIRECTDEBIT,BHAM MIDSHIRES        649652/20003649652 DDR,,
 ,19/10/2016,20-53-30 30728691,-300,FT ,207409 40406538       MOBILE-CHANNEL     FT ,,
 ,20/10/2016,20-53-30 30728691,498.48,DIRECTDEP,BAKER & ELDER LIMI    HAMP 23C           BGC,,
 ,20/10/2016,20-53-30 30728691,612.48,DIRECTDEP,BAKER & ELDER LIMI    HAMP 23B           BGC,,
 ,20/10/2016,20-53-30 30728691,366.56,DIRECTDEP,BAKER & ELDER LIMI    FRATTON F4 163     BGC,,
 ,20/10/2016,20-53-30 30728691,378.64,DIRECTDEP,BAKER & ELDER LIMI    ALHAM F5 8         BGC,,
 ,20/10/2016,20-53-30 30728691,384,DIRECTDEP,BAKER & ELDER LIMI    ALHAM F14 12/14    BGC,,
 ,21/10/2016,20-53-30 30728691,464,DIRECTDEP,BAKER & ELDER LIMI    ALHAM F11 12/14    BGC,,
 ,21/10/2016,20-53-30 30728691,-50,DIRECTDEBIT,SKY DIGITAL           00620054164228     DDR,,
 ,24/10/2016,20-53-30 30728691,464,DIRECTDEP,BAKER & ELDER LIMI    ALHAM F16 12/14    BGC,,
 ,24/10/2016,20-53-30 30728691,464,DIRECTDEP,BAKER & ELDER LIMI    ALHAM F10 12/14    BGC,,
 ,24/10/2016,20-53-30 30728691,9.64,DIRECTDEP,BAKER & ELDER LIMI    ALHAMB F12 16/18   BGC,,
 ,24/10/2016,20-53-30 30728691,-165.12,DIRECTDEBIT,BHAM MIDSHIRES        882432/20007882432 DDR,,
 ,25/10/2016,20-53-30 30728691,464,DIRECTDEP,BAKER & ELDER LIMI    ALHAM F3 16/18     BGC,,
 ,25/10/2016,20-53-30 30728691,-519.5,REPEATPMT,G& F VALENTINO        MTUCKER            STO,,
 ,26/10/2016,20-53-30 30728691,230,DIRECTDEP,BAKER & ELDER LIMI    LONDON F2 321      BGC,,
 ,26/10/2016,20-53-30 30728691,464,DIRECTDEP,BAKER & ELDER LIMI    LONDON F1 321      BGC,,
 ,26/10/2016,20-53-30 30728691,454.72,DIRECTDEP,BAKER & ELDER LIMI    ALHAM F5 12/14     BGC,,
 ,26/10/2016,20-53-30 30728691,464,DIRECTDEP,BAKER & ELDER LIMI    ALHAM F11 16/18    BGC,,
 ,26/10/2016,20-53-30 30728691,-96.45,PAYMENT,HOTEL IBIS            ON 25 OCT          BCC,,
 ,27/10/2016,20-53-30 30728691,886.24,DIRECTDEP,BAKER & ELDER LIMI    FRAT F2/F3 163     BGC,,
 ,27/10/2016,20-53-30 30728691,464,DIRECTDEP,BAKER & ELDER LIMI    FAWCETT F3 169     BGC,,
 ,27/10/2016,20-53-30 30728691,464,DIRECTDEP,BAKER & ELDER LIMI    FAWCETT F2 171     BGC,,
 ,27/10/2016,20-53-30 30728691,260,DIRECTDEP,BAKER & ELDER LIMI    ALHAM F7 12/14     BGC,,
 ,27/10/2016,20-53-30 30728691,780,DIRECTDEP,BAKER & ELDER LIMI    ALHAM F7/F13 16/18 BGC,,
 ,27/10/2016,20-53-30 30728691,464,DIRECTDEP,BAKER & ELDER LIMI    ALHAM F22 4/6      BGC,,
 ,27/10/2016,20-53-30 30728691,566.08,DIRECTDEP,BAKER & ELDER LIMI    ALHAM F19 4/6      BGC,,
 ,27/10/2016,20-53-30 30728691,-1200,REPEATPMT,MR MATTHEW STUART     207409 40406538    STO,,
 ,28/10/2016,20-53-30 30728691,-33,DIRECTDEBIT,BOOTS REWARDSCHEME    A45028400000736    DDR,,
 ,31/10/2016,20-53-30 30728691,464,DIRECTDEP,BAKER & ELDER LIMI    LONDON F4 321      BGC,,
 ,31/10/2016,20-53-30 30728691,468.64,DIRECTDEP,BAKER & ELDER LIMI    ALHAM F8 8         BGC,,
 ,31/10/2016,20-53-30 30728691,464,DIRECTDEP,BAKER & ELDER LIMI    ALHAM F18 4/6      BGC,,
 ,31/10/2016,20-53-30 30728691,218,DIRECTDEP,Baker & Elder Limi    ALHAM F13 12/14    BGC,ALHAMBRA NOA,
 ,31/10/2016,20-53-30 30728691,-400,REPEATPMT,F VALENTINO           RENT               STO,,
 ,31/10/2016,20-53-30 30728691,-116,DIRECTDEBIT,BHAM MIDSHIRES        731371/20002731371 DDR,,
 ,31/10/2016,20-53-30 30728691,-174.38,DIRECTDEBIT,MORTGAGE TRUST        002197389 10198010 DDR,,
 ,31/10/2016,20-53-30 30728691,-180.8,DIRECTDEBIT,MORTGAGE TRUST        002186357 10198010 DDR,,
 ,31/10/2016,20-53-30 30728691,-180.8,DIRECTDEBIT,MORTGAGE TRUST        002186356 10198010 DDR,,
 ,31/10/2016,20-53-30 30728691,-180.8,DIRECTDEBIT,MORTGAGE TRUST        002186317 10198010 DDR,,
 ,31/10/2016,20-53-30 30728691,-58.18,DIRECTDEBIT,EE & T-MOBILE         Q13077400663502093 DDR,,
