Number,Date,Account,Amount,Subcategory,Memo
 ,01/10/2015,20-53-30 30728691,278.64,DIRECTDEP,Baker & Elder Limi    ALHAMBRA F8 8      BGC
 ,01/10/2015,20-53-30 30728691,525,STO,STEPEK MP             FLAT 19 4/6 ALHAM  STO
 ,01/10/2015,20-53-30 30728691,-465,REPEATPMT,ALHAMBRA ROAD MANA    209254 83672832    STO
 ,01/10/2015,20-53-30 30728691,-320,REPEATPMT,ALHAMBRA ROAD MANA    209254 13686035    STO
 ,01/10/2015,20-53-30 30728691,-315,REPEATPMT,ALHAMBRA ROAD MANA    209254 23534332    STO
 ,01/10/2015,20-53-30 30728691,-196.79,REPEATPMT,M TUCKER              KINGSTON SHOP      STO
 ,01/10/2015,20-53-30 30728691,-50,REPEATPMT,NATIONWIDE            0604/229172770     STO
 ,01/10/2015,20-53-30 30728691,-50,REPEATPMT,23 HAMPSHIRE TERRA    209254 13676978    STO
 ,01/10/2015,20-53-30 30728691,-522.3,DIRECTDEBIT,NRAM                  24935234           DDR
 ,01/10/2015,20-53-30 30728691,-186.14,DIRECTDEBIT,MORTGAGE EXPRESS      2007093270021457   DDR
 ,01/10/2015,20-53-30 30728691,-9,DIRECTDEBIT,SOUTHERN ELECTRIC     141011701          DDR
 ,01/10/2015,20-53-30 30728691,-200.74,DIRECTDEBIT,PLATFORM FUNDING      01050230313307     DDR
 ,01/10/2015,20-53-30 30728691,-217.96,DIRECTDEBIT,PLATFORM FUNDING      01050229961090     DDR
 ,01/10/2015,20-53-30 30728691,-217.96,DIRECTDEBIT,PLATFORM FUNDING      01050229961082     DDR
 ,01/10/2015,20-53-30 30728691,-219.74,DIRECTDEBIT,PLATFORM FUNDING      01050228964703     DDR
 ,01/10/2015,20-53-30 30728691,-1266.33,DIRECTDEBIT,THE HARPUR TRUST      TUCKM8  BVALR8     DDR
 ,01/10/2015,20-53-30 30728691,-1057.62,DIRECTDEBIT,THE HARPUR TRUST      TUCKMS  GVALS1     DDR
 ,01/10/2015,20-53-30 30728691,-56.62,DIRECTDEBIT,EE & T-MOBILE         Q13077400557095381 DDR
 ,01/10/2015,20-53-30 30728691,-367.26,DIRECTDEBIT,MORTGAGE EXPRESS      MEC00005/480016104 DDR
 ,01/10/2015,20-53-30 30728691,-110,DIRECTDEBIT,CAPITAL HOME LOANS    CHL00002/907372200 DDR
 ,01/10/2015,20-53-30 30728691,-110,DIRECTDEBIT,CAPITAL HOME LOANS    CHL00002/907371904 DDR
 ,01/10/2015,20-53-30 30728691,-375.68,DIRECTDEBIT,AMBER HOMELOANS       AHG00001/480441702 DDR
 ,02/10/2015,20-53-30 30728691,425,STO,NWOSU O          C    FLAT 7 8 ALHAMBRA  STO
 ,02/10/2015,20-53-30 30728691,464,DIRECTDEP,BAKER & ELDER LIMI    FAWCETT F1 169     BGC
 ,02/10/2015,20-53-30 30728691,-263.8,DIRECTDEBIT,BHAM MIDSHIRES        020003973492/74851 DDR
 ,02/10/2015,20-53-30 30728691,-37.95,DIRECTDEBIT,LEGAL & GEN MI C/L    011439921-5        DDR
 ,05/10/2015,20-53-30 30728691,487.2,DIRECTDEP,Baker & Elder Limi    ALHAMBRA F21 4/6   BGC
 ,05/10/2015,20-53-30 30728691,-75,REPEATPMT,KINGSTON UNITY        PL684048A VALENTNO STO
 ,05/10/2015,20-53-30 30728691,-50,REPEATPMT,MATHEW TUCKER         MTUCKER            STO
 ,05/10/2015,20-53-30 30728691,-81.51,DIRECTDEBIT,BHAM MIDSHIRES        251387/20011251387 DDR
 ,05/10/2015,20-53-30 30728691,-228.81,DIRECTDEBIT,MORTGAGE EXPRESS      2016485220021461   DDR
 ,05/10/2015,20-53-30 30728691,-187.95,DIRECTDEBIT,MORTGAGE EXPRESS      2016485130021461   DDR
 ,05/10/2015,20-53-30 30728691,-212.45,DIRECTDEBIT,MORTGAGE EXPRESS      2016485040021461   DDR
 ,05/10/2015,20-53-30 30728691,-234.85,DIRECTDEBIT,MORTGAGE EXPRESS      2007545250021461   DDR
 ,05/10/2015,20-53-30 30728691,-226.76,DIRECTDEBIT,MORTGAGE EXPRESS      2007107760021461   DDR
 ,05/10/2015,20-53-30 30728691,-186.23,DIRECTDEBIT,MORTGAGE EXPRESS      2007093450021461   DDR
 ,05/10/2015,20-53-30 30728691,-226.6,DIRECTDEBIT,MORTGAGE EXPRESS      2007093360021461   DDR
 ,05/10/2015,20-53-30 30728691,-186.1,DIRECTDEBIT,MORTGAGE EXPRESS      2006372640021461   DDR
 ,05/10/2015,20-53-30 30728691,-143.54,DIRECTDEBIT,MORTGAGE EXPRESS      0019966240021461   DDR
 ,05/10/2015,20-53-30 30728691,-159.32,DIRECTDEBIT,MORTGAGE EXPRESS      0018724700021461   DDR
 ,05/10/2015,20-53-30 30728691,-159.35,DIRECTDEBIT,MORTGAGE EXPRESS      0017031550021461   DDR
 ,05/10/2015,20-53-30 30728691,-152.33,DIRECTDEBIT,MORTGAGE EXPRESS      0016470530021461   DDR
 ,05/10/2015,20-53-30 30728691,-145.46,DIRECTDEBIT,MORTGAGE EXPRESS      0015866140021461   DDR
 ,05/10/2015,20-53-30 30728691,-75,DIRECTDEBIT,SHEPHERDS FS          PN026484A          DDR
 ,07/10/2015,20-53-30 30728691,459.36,DIRECTDEP,BAKER & ELDER LIMI    FRATTON F2 163     BGC
 ,07/10/2015,20-53-30 30728691,404,DIRECTDEP,BAKER & ELDER LIMI    FAWCETT F2 171     BGC
 ,07/10/2015,20-53-30 30728691,386,DIRECTDEP,BAKER & ELDER LIMI    ALHAMBRA F13 16/18 BGC
 ,08/10/2015,20-53-30 30728691,418.24,DIRECTDEP,BAKER & ELDER LIMI    FAWCETT F1 171     BGC
 ,08/10/2015,20-53-30 30728691,464,DIRECTDEP,BAKER & ELDER LIMI    ALHAMBRA F4 12/14  BGC
 ,08/10/2015,20-53-30 30728691,464,DIRECTDEP,BAKER & ELDER LIMI    ALHAMBRA F22 4/6   BGC
 ,08/10/2015,20-53-30 30728691,-218.68,DIRECTDEBIT,BHAM MIDSHIRES        020007900597/89565 DDR
 ,09/10/2015,20-53-30 30728691,424,DIRECTDEP,Baker & Elder Limi    ALHAMBRA F14 12/14 BGC
 ,09/10/2015,20-53-30 30728691,-19.95,DIRECTDEBIT,BHAM MIDSHIRES        556389/20010556389 DDR
 ,12/10/2015,20-53-30 30728691,-140.07,DIRECTDEBIT,BHAM MIDSHIRES        389757/20000389757 DDR
 ,12/10/2015,20-53-30 30728691,-82.61,DIRECTDEBIT,BHAM MIDSHIRES        309942/20009309942 DDR
 ,12/10/2015,20-53-30 30728691,-37.68,DIRECTDEBIT,FRIENDS LIFE          014033997          DDR
 ,12/10/2015,20-53-30 30728691,-67.64,DIRECTDEBIT,EE & T-MOBILE         Q20664165559961936 DDR
 ,13/10/2015,20-53-30 30728691,464,DIRECTDEP,BAKER & ELDER LIMI    KINGSTON 196A      BGC
 ,13/10/2015,20-53-30 30728691,464,DIRECTDEP,BAKER & ELDER LIMI    FAWCETT F3 171     BGC
 ,13/10/2015,20-53-30 30728691,947.2,DIRECTDEP,BAKER & ELDER LIMI    ALHAM F1&F7 16/18  BGC
 ,13/10/2015,20-53-30 30728691,464,DIRECTDEP,BAKER & ELDER LIMI    ALHAMBRA F6 8      BGC
 ,14/10/2015,20-53-30 30728691,324.8,DIRECTDEP,BAKER & ELDER LIMI    KINGSTON SHOP      BGC
 ,14/10/2015,20-53-30 30728691,464,DIRECTDEP,BAKER & ELDER LIMI    FAWCETT F2 169     BGC
 ,14/10/2015,20-53-30 30728691,424,DIRECTDEP,BAKER & ELDER LIMI    ALHAMBRA F6 16/18  BGC
 ,14/10/2015,20-53-30 30728691,388.8,DIRECTDEP,BAKER & ELDER LIMI    ALHAMBRA F23 4/6   BGC
 ,14/10/2015,20-53-30 30728691,477.92,DIRECTDEP,BAKER & ELDER LIMI    ALHAMBRA F17 4/6   BGC
 ,14/10/2015,20-53-30 30728691,459.36,DIRECTDEP,BAKER & ELDER LIMI    ALHAMBRA F16 16/18 BGC
 ,14/10/2015,20-53-30 30728691,-49.44,DIRECTDEBIT,BT GROUP PLC          GB14092007-000013  DDR
 ,15/10/2015,20-53-30 30728691,363.6,DIRECTDEP,BAKER & ELDER LIMI    FRATTON F3 163     BGC
 ,15/10/2015,20-53-30 30728691,-186.11,DIRECTDEBIT,MORTGAGE EXPRESS      2008784100021471   DDR
 ,15/10/2015,20-53-30 30728691,-192.58,DIRECTDEBIT,MORTGAGE EXPRESS      2007664780021471   DDR
 ,15/10/2015,20-53-30 30728691,-192.58,DIRECTDEBIT,MORTGAGE EXPRESS      2007545340021471   DDR
 ,15/10/2015,20-53-30 30728691,-186.12,DIRECTDEBIT,MORTGAGE EXPRESS      2007544710021471   DDR
 ,15/10/2015,20-53-30 30728691,-186.09,DIRECTDEBIT,MORTGAGE EXPRESS      2007107670021471   DDR
 ,15/10/2015,20-53-30 30728691,-186.13,DIRECTDEBIT,MORTGAGE EXPRESS      2006332310021471   DDR
 ,15/10/2015,20-53-30 30728691,-186.11,DIRECTDEBIT,MORTGAGE EXPRESS      2005787290021471   DDR
 ,15/10/2015,20-53-30 30728691,-219.67,DIRECTDEBIT,PLATFORM FUNDING      01050228979115     DDR
 ,15/10/2015,20-53-30 30728691,-184.76,DIRECTDEBIT,PLATFORM FUNDING      01050228957685     DDR
 ,15/10/2015,20-53-30 30728691,-184.76,DIRECTDEBIT,PLATFORM FUNDING      01050228957650     DDR
 ,16/10/2015,20-53-30 30728691,-131.9,PAYMENT,TESCO STORE 2105      ON 15 OCT          BCC
 ,16/10/2015,20-53-30 30728691,-14.67,DIRECTDEBIT,BHAM MIDSHIRES        557032/20010557032 DDR
 ,16/10/2015,20-53-30 30728691,-190.58,DIRECTDEBIT,BHAM MIDSHIRES        110676/20004110676 DDR
 ,19/10/2015,20-53-30 30728691,289.97,DIRECTDEP,BAKER & ELDER LIMI    KINGSTON 196B      BGC
 ,19/10/2015,20-53-30 30728691,464,DIRECTDEP,BAKER & ELDER LIMI    FAWCETT F3 169     BGC
 ,19/10/2015,20-53-30 30728691,464,DIRECTDEP,BAKER & ELDER LIMI    ALHAMBRA F7 12/14  BGC
 ,19/10/2015,20-53-30 30728691,1129.24,DIRECTDEP,Baker & Elder Limi    HAMP TER 23B/23C   BGC
 ,19/10/2015,20-53-30 30728691,-145.06,DIRECTDEBIT,BHAM MIDSHIRES        649652/20003649652 DDR
 ,20/10/2015,20-53-30 30728691,318.4,DIRECTDEP,BAKER & ELDER LIMI    LONDON F3 321      BGC
 ,21/10/2015,20-53-30 30728691,366.56,DIRECTDEP,BAKER & ELDER LIMI    FRATTON F4 163     BGC
 ,21/10/2015,20-53-30 30728691,454.72,DIRECTDEP,BAKER & ELDER LIMI    ALHAMBRA F5 8      BGC
 ,21/10/2015,20-53-30 30728691,-47,DIRECTDEBIT,SKY DIGITAL           00620054164228     DDR
 ,22/10/2015,20-53-30 30728691,464,DIRECTDEP,BAKER & ELDER LIMI    ALHAMBRA F16 12/14 BGC
 ,22/10/2015,20-53-30 30728691,464,DIRECTDEP,BAKER & ELDER LIMI    ALHAMBRA F12 16/18 BGC
 ,22/10/2015,20-53-30 30728691,398,DIRECTDEP,BAKER & ELDER LIMI    ALHAMBRA F11 12/14 BGC
 ,22/10/2015,20-53-30 30728691,464,DIRECTDEP,BAKER & ELDER LIMI    ALHAMBRA F10 12/14 BGC
 ,22/10/2015,20-53-30 30728691,-183.94,DIRECTDEBIT,BHAM MIDSHIRES        882432/20007882432 DDR
 ,23/10/2015,20-53-30 30728691,414,DIRECTDEP,BAKER & ELDER LIMI    ALHAM F3 16/18     BGC
 ,26/10/2015,20-53-30 30728691,-519.5,REPEATPMT,G& F VALENTINO        MTUCKER            STO
 ,27/10/2015,20-53-30 30728691,464,DIRECTDEP,BAKER & ELDER LIMI    LONDON F2 321      BGC
 ,27/10/2015,20-53-30 30728691,464,DIRECTDEP,BAKER & ELDER LIMI    LONDON F1 321      BGC
 ,27/10/2015,20-53-30 30728691,454.72,DIRECTDEP,BAKER & ELDER LIMI    ALHAMBRA F5 12/14  BGC
 ,27/10/2015,20-53-30 30728691,464,DIRECTDEP,BAKER & ELDER LIMI    ALHAMBRA F11 16/18 BGC
 ,27/10/2015,20-53-30 30728691,556.8,DIRECTDEP,Baker & Elder Limi    ALHAM F20 4/6      BGC
 ,27/10/2015,20-53-30 30728691,-1200,REPEATPMT,MR MATTHEW STUART     207409 40406538    STO
 ,28/10/2015,20-53-30 30728691,464,DIRECTDEP,BAKER & ELDER LIMI    ALHAMBRA F3 12/14  BGC
 ,28/10/2015,20-53-30 30728691,-33,DIRECTDEBIT,BOOTS REWARDSCHEME    A45028400000736    DDR
 ,29/10/2015,20-53-30 30728691,464,DIRECTDEP,BAKER & ELDER LIMI    LONDON F4 321      BGC
 ,29/10/2015,20-53-30 30728691,312.64,DIRECTDEP,BAKER & ELDER LIMI    ALHAMBRA F8 8      BGC
 ,29/10/2015,20-53-30 30728691,487.2,DIRECTDEP,BAKER & ELDER LIMI    ALHAMBRA F21 4/6   BGC
 ,29/10/2015,20-53-30 30728691,464,DIRECTDEP,BAKER & ELDER LIMI    ALHAMBRA F18 4/6   BGC
 ,29/10/2015,20-53-30 30728691,-400,REPEATPMT,F VALENTINO           RENT               STO
 ,29/10/2015,20-53-30 30728691,-129.28,DIRECTDEBIT,BHAM MIDSHIRES        731371/20002731371 DDR
 ,30/10/2015,20-53-30 30728691,-190.28,DIRECTDEBIT,MORTGAGE TRUST        002197389 10194350 DDR
 ,30/10/2015,20-53-30 30728691,-195.57,DIRECTDEBIT,MORTGAGE TRUST        002186357 10194350 DDR
 ,30/10/2015,20-53-30 30728691,-195.57,DIRECTDEBIT,MORTGAGE TRUST        002186356 10194350 DDR
 ,30/10/2015,20-53-30 30728691,-195.57,DIRECTDEBIT,MORTGAGE TRUST        002186317 10194350 DDR
 ,02/11/2015,20-53-30 30728691,525,STO,STEPEK MP             FLAT 19 4/6 ALHAM  STO
 ,02/11/2015,20-53-30 30728691,-465,REPEATPMT,ALHAMBRA ROAD MANA    209254 83672832    STO
 ,02/11/2015,20-53-30 30728691,-320,REPEATPMT,ALHAMBRA ROAD MANA    209254 13686035    STO
 ,02/11/2015,20-53-30 30728691,-315,REPEATPMT,ALHAMBRA ROAD MANA    209254 23534332    STO
 ,02/11/2015,20-53-30 30728691,-196.79,REPEATPMT,M TUCKER              KINGSTON SHOP      STO
 ,02/11/2015,20-53-30 30728691,-50,REPEATPMT,NATIONWIDE            0604/229172770     STO
 ,02/11/2015,20-53-30 30728691,-50,REPEATPMT,23 HAMPSHIRE TERRA    209254 13676978    STO
 ,02/11/2015,20-53-30 30728691,-50,REPEATPMT,MATHEW TUCKER         MTUCKER            STO
 ,02/11/2015,20-53-30 30728691,-522.3,DIRECTDEBIT,NRAM                  24935234           DDR
 ,02/11/2015,20-53-30 30728691,-186.14,DIRECTDEBIT,MORTGAGE EXPRESS      2007093270021489   DDR
 ,02/11/2015,20-53-30 30728691,-9,DIRECTDEBIT,SOUTHERN ELECTRIC     141011701          DDR
 ,02/11/2015,20-53-30 30728691,-263.8,DIRECTDEBIT,BHAM MIDSHIRES        020003973492/74851 DDR
 ,02/11/2015,20-53-30 30728691,-37.95,DIRECTDEBIT,LEGAL & GEN MI C/L    011439921-5        DDR
 ,02/11/2015,20-53-30 30728691,-200.74,DIRECTDEBIT,PLATFORM FUNDING      01050230313307     DDR
 ,02/11/2015,20-53-30 30728691,-217.96,DIRECTDEBIT,PLATFORM FUNDING      01050229961090     DDR
 ,02/11/2015,20-53-30 30728691,-217.96,DIRECTDEBIT,PLATFORM FUNDING      01050229961082     DDR
 ,02/11/2015,20-53-30 30728691,-219.74,DIRECTDEBIT,PLATFORM FUNDING      01050228964703     DDR
 ,02/11/2015,20-53-30 30728691,-1266.33,DIRECTDEBIT,THE HARPUR TRUST      TUCKM8  BVALR8     DDR
 ,02/11/2015,20-53-30 30728691,-1057.62,DIRECTDEBIT,THE HARPUR TRUST      TUCKMS  GVALS1     DDR
 ,02/11/2015,20-53-30 30728691,-42.9,DIRECTDEBIT,EE & T-MOBILE         Q13077400564735983 DDR
 ,02/11/2015,20-53-30 30728691,-367.26,DIRECTDEBIT,MORTGAGE EXPRESS      MEC00005/480016104 DDR
 ,02/11/2015,20-53-30 30728691,-110,DIRECTDEBIT,CAPITAL HOME LOANS    CHL00002/907372200 DDR
 ,02/11/2015,20-53-30 30728691,-110,DIRECTDEBIT,CAPITAL HOME LOANS    CHL00002/907371904 DDR
 ,02/11/2015,20-53-30 30728691,-375.68,DIRECTDEBIT,AMBER HOMELOANS       AHG00001/480441702 DDR
 ,03/11/2015,20-53-30 30728691,464,DIRECTDEP,BAKER & ELDER LIMI    FAWCETT F1 169     BGC
 ,03/11/2015,20-53-30 30728691,-228.81,DIRECTDEBIT,MORTGAGE EXPRESS      2016485220021490   DDR
 ,03/11/2015,20-53-30 30728691,-187.95,DIRECTDEBIT,MORTGAGE EXPRESS      2016485130021490   DDR
 ,03/11/2015,20-53-30 30728691,-212.45,DIRECTDEBIT,MORTGAGE EXPRESS      2016485040021490   DDR
 ,03/11/2015,20-53-30 30728691,-234.85,DIRECTDEBIT,MORTGAGE EXPRESS      2007545250021490   DDR
 ,03/11/2015,20-53-30 30728691,-226.76,DIRECTDEBIT,MORTGAGE EXPRESS      2007107760021490   DDR
 ,03/11/2015,20-53-30 30728691,-186.23,DIRECTDEBIT,MORTGAGE EXPRESS      2007093450021490   DDR
 ,03/11/2015,20-53-30 30728691,-226.6,DIRECTDEBIT,MORTGAGE EXPRESS      2007093360021490   DDR
 ,03/11/2015,20-53-30 30728691,-186.1,DIRECTDEBIT,MORTGAGE EXPRESS      2006372640021490   DDR
 ,03/11/2015,20-53-30 30728691,-143.54,DIRECTDEBIT,MORTGAGE EXPRESS      0019966240021490   DDR
 ,03/11/2015,20-53-30 30728691,-159.32,DIRECTDEBIT,MORTGAGE EXPRESS      0018724700021490   DDR
 ,03/11/2015,20-53-30 30728691,-159.35,DIRECTDEBIT,MORTGAGE EXPRESS      0017031550021490   DDR
 ,03/11/2015,20-53-30 30728691,-152.33,DIRECTDEBIT,MORTGAGE EXPRESS      0016470530021490   DDR
 ,03/11/2015,20-53-30 30728691,-145.46,DIRECTDEBIT,MORTGAGE EXPRESS      0015866140021490   DDR
 ,04/11/2015,20-53-30 30728691,-75,REPEATPMT,KINGSTON UNITY        PL684048A VALENTNO STO
 ,04/11/2015,20-53-30 30728691,-75,DIRECTDEBIT,SHEPHERDS FS          PN026484A          DDR
 ,05/11/2015,20-53-30 30728691,459.36,DIRECTDEP,BAKER & ELDER LIMI    FRATTON F2 163     BGC
 ,05/11/2015,20-53-30 30728691,464,DIRECTDEP,BAKER & ELDER LIMI    FAWCETT F2 171     BGC
 ,05/11/2015,20-53-30 30728691,464,DIRECTDEP,BAKER & ELDER LIMI    ALHAMBRA F13 16/18 BGC
 ,05/11/2015,20-53-30 30728691,-81.51,DIRECTDEBIT,BHAM MIDSHIRES        251387/20011251387 DDR
 ,06/11/2015,20-53-30 30728691,425,STO,NWOSU O          C    FLAT 7 8 ALHAMBRA  STO
 ,06/11/2015,20-53-30 30728691,464,DIRECTDEP,BAKER & ELDER LIMI    ALHAMBRA F22 4/6   BGC
 ,09/11/2015,20-53-30 30728691,464,DIRECTDEP,BAKER & ELDER LIMI    ALHAMBRA F4 12/14  BGC
 ,09/11/2015,20-53-30 30728691,-700,FT ,207409 40406538       MOBILE-CHANNEL     FT 
 ,09/11/2015,20-53-30 30728691,-19.95,DIRECTDEBIT,BHAM MIDSHIRES        556389/20010556389 DDR
 ,09/11/2015,20-53-30 30728691,-218.68,DIRECTDEBIT,BHAM MIDSHIRES        020007900597/89565 DDR
 ,10/11/2015,20-53-30 30728691,538.24,DIRECTDEP,BAKER & ELDER LIMI    FAWCETT F1 171     BGC
 ,10/11/2015,20-53-30 30728691,-82.61,DIRECTDEBIT,BHAM MIDSHIRES        309942/20009309942 DDR
 ,11/11/2015,20-53-30 30728691,464,DIRECTDEP,BAKER & ELDER LIMI    FAWCETT F3 171     BGC
 ,11/11/2015,20-53-30 30728691,464,DIRECTDEP,BAKER & ELDER LIMI    ALHAMBRA F7 16/18  BGC
 ,11/11/2015,20-53-30 30728691,464,DIRECTDEP,BAKER & ELDER LIMI    ALHAMBRA F6 8      BGC
 ,11/11/2015,20-53-30 30728691,603.2,DIRECTDEP,BAKER & ELDER LIMI    ALHAMBRA F1 16/18  BGC
 ,12/11/2015,20-53-30 30728691,556.8,DIRECTDEP,BAKER & ELDER LIMI    ALHAMBRA F23 4/6   BGC
 ,12/11/2015,20-53-30 30728691,928,DIRECTDEP,Baker & Elder Limi    KINGSTON 196A      BGC
 ,12/11/2015,20-53-30 30728691,477.92,DIRECTDEP,Baker & Elder Limi    ALHAM F17 4/6      BGC
 ,12/11/2015,20-53-30 30728691,-700,FT ,207409 40406538       MOBILE-CHANNEL     FT 
 ,12/11/2015,20-53-30 30728691,-140.07,DIRECTDEBIT,BHAM MIDSHIRES        389757/20000389757 DDR
 ,12/11/2015,20-53-30 30728691,-37.68,DIRECTDEBIT,FRIENDS LIFE          014033997          DDR
 ,12/11/2015,20-53-30 30728691,-49.69,DIRECTDEBIT,EE & T-MOBILE         Q20664165567507777 DDR
 ,13/11/2015,20-53-30 30728691,324.8,DIRECTDEP,BAKER & ELDER LIMI    KINGSTON 196 SHOP  BGC
 ,13/11/2015,20-53-30 30728691,404,DIRECTDEP,BAKER & ELDER LIMI    FAWCETT F2 169     BGC
 ,05/10/2015,20-74-09 40406538,-12.3,PAYMENT,COSTA COFFEE 43035    ON 02 OCT          CLP
 ,05/10/2015,20-74-09 40406538,-8.77,PAYMENT,BP BEDFORD EXPRESS    ON 01 OCT          CLP
 ,05/10/2015,20-74-09 40406538,-41.09,PAYMENT,TESCO PFS 5449        ON 03 OCT          BCC
 ,05/10/2015,20-74-09 40406538,-21,PAYMENT,MOTHERCARE            ON 02 OCT          BCC
 ,05/10/2015,20-74-09 40406538,-17.81,PAYMENT,BP BEDFORD EXPRESS    ON 01 OCT          BCC
 ,05/10/2015,20-74-09 40406538,-1.5,PAYMENT,PHONEANDPAY.CO.UK     ON 01 OCT          BCC
 ,06/10/2015,20-74-09 40406538,-38.76,PAYMENT,BP BEDFORD EXPRESS    ON 04 OCT          BCC
 ,06/10/2015,20-74-09 40406538,-36.05,PAYMENT,BOOTS 6407            ON 05 OCT          BCC
 ,06/10/2015,20-74-09 40406538,-30.04,PAYMENT,T K MAXX              ON 05 OCT          BCC
 ,06/10/2015,20-74-09 40406538,-23.8,PAYMENT,MARKS & SPENCER PL    ON 05 OCT          BCC
 ,07/10/2015,20-74-09 40406538,-6.65,PAYMENT,COSTA COFFEE 43035    ON 06 OCT          CLP
 ,07/10/2015,20-74-09 40406538,-53.83,PAYMENT,WM MORRISON PETROL    ON 06 OCT          BCC
 ,07/10/2015,20-74-09 40406538,-28.55,PAYMENT,MOTHERCARE            ON 06 OCT          BCC
 ,08/10/2015,20-74-09 40406538,-14,PAYMENT,COSTA COFFEE 43035    ON 07 OCT          CLP
 ,08/10/2015,20-74-09 40406538,-18.9,PAYMENT,BP NEWHAM AVENUE C    ON 06 OCT          BCC
 ,09/10/2015,20-74-09 40406538,-4,PAYMENT,NO LIMITZ             ON 08 OCT          CLP
 ,09/10/2015,20-74-09 40406538,-52.87,PAYMENT,MARKS & SPENCER PL    ON 08 OCT          BCC
 ,09/10/2015,20-74-09 40406538,-27.02,PAYMENT,BP BEDFORD EXPRESS    ON 07 OCT          BCC
 ,09/10/2015,20-74-09 40406538,-7.48,PAYMENT,ITUNES.COM/BILL       LUXEMBOURG            
 ,09/10/2015,20-74-09 40406538,-1,PAYMENT,PHONEANDPAY.CO.UK     ON 07 OCT          BCC
 ,12/10/2015,20-74-09 40406538,0.75,OTH,Refund of Daily Ov    erdraft Fees          
 ,12/10/2015,20-74-09 40406538,-17.05,PAYMENT,MARKS & SPENCER PL    ON 11 OCT          CLP
 ,12/10/2015,20-74-09 40406538,-8.17,PAYMENT,BP BEDFORD EXPRESS    ON 08 OCT          CLP
 ,12/10/2015,20-74-09 40406538,-6.85,PAYMENT,COSTA COFFEE 43035    ON 09 OCT          CLP
 ,12/10/2015,20-74-09 40406538,-6.1,PAYMENT,WREST PARK            ON 11 OCT          CLP
 ,12/10/2015,20-74-09 40406538,-2.69,PAYMENT,MCDONALDS             ON 09 OCT          CLP
 ,12/10/2015,20-74-09 40406538,-143.95,PAYMENT,T K MAXX              ON 10 OCT          BCC
 ,12/10/2015,20-74-09 40406538,-138.56,PAYMENT,OCADO LTD.            ON 10 OCT          BCC
 ,12/10/2015,20-74-09 40406538,-40.97,PAYMENT,TOYS R US             ON 09 OCT          BCC
 ,12/10/2015,20-74-09 40406538,-1,PAYMENT,PHONEANDPAY.CO.UK     ON 08 OCT          BCC
 ,13/10/2015,20-74-09 40406538,-13,PAYMENT,NO LIMITZ             ON 12 OCT          CLP
 ,13/10/2015,20-74-09 40406538,-62.7,PAYMENT,WM MORRISON PETROL    ON 12 OCT          BCC
 ,13/10/2015,20-74-09 40406538,-42.55,DIRECTDEBIT,HITACHI CAPITAL CO    024072545/47       DDR
 ,14/10/2015,20-74-09 40406538,-6.94,PAYMENT,BP NEWHAM AVENUE C    ON 12 OCT          CLP
 ,14/10/2015,20-74-09 40406538,-4.47,PAYMENT,BP NEWHAM AVENUE C    ON 12 OCT          CLP
 ,14/10/2015,20-74-09 40406538,-4.17,PAYMENT,BP BEDFORD EXPRESS    ON 12 OCT          CLP
 ,14/10/2015,20-74-09 40406538,-1.35,PAYMENT,BOOTS 6407            ON 13 OCT          CLP
 ,14/10/2015,20-74-09 40406538,-48.45,PAYMENT,BOOTS 6407            ON 13 OCT          BCC
 ,14/10/2015,20-74-09 40406538,-40,PAYMENT,BRANTANO FOOTWEAR     ON 13 OCT          BCC
 ,15/10/2015,20-74-09 40406538,-5.9,PAYMENT,COSTA COFFEE 43035    ON 14 OCT          CLP
 ,15/10/2015,20-74-09 40406538,-31.34,PAYMENT,TOYS R US             ON 14 OCT          BCC
 ,15/10/2015,20-74-09 40406538,-27.49,PAYMENT,MARKS & SPENCER PL    ON 14 OCT          BCC
 ,15/10/2015,20-74-09 40406538,-5.89,PAYMENT,THE HIGHLANDS PHAR    ON 14 OCT          BCC
 ,16/10/2015,20-74-09 40406538,-4.65,PAYMENT,COSTA COFFEE 43035    ON 15 OCT          CLP
 ,16/10/2015,20-74-09 40406538,-70.05,PAYMENT,NEXT RETAIL LTD       ON 15 OCT          BCC
 ,19/10/2015,20-74-09 40406538,-16.25,PAYMENT,COSTA COFFEE 43035    ON 16 OCT          CLP
 ,19/10/2015,20-74-09 40406538,-14.79,PAYMENT,SUBWAY                ON 18 OCT          CLP
 ,19/10/2015,20-74-09 40406538,-14.38,PAYMENT,BP BEDFORD EXPRESS    ON 15 OCT          CLP
 ,19/10/2015,20-74-09 40406538,-13.95,PAYMENT,JUNGLE JIMS PLAYLA    ON 15 OCT          BCC
 ,19/10/2015,20-74-09 40406538,-8,PAYMENT,NBN INTERNATIONAL     ON 16 OCT          BCC
 ,19/10/2015,20-74-09 40406538,-5.98,PAYMENT,RYMAN 1107            ON 18 OCT          BCC
 ,21/10/2015,20-74-09 40406538,-41.21,PAYMENT,MARKS & SPENCER PL    ON 20 OCT          BCC
 ,21/10/2015,20-74-09 40406538,-39.36,PAYMENT,NEW COUNTY SERVICE    ON 20 OCT          BCC
 ,21/10/2015,20-74-09 40406538,-6,PAYMENT,SACAT MARKS & SPEN    ON 20 OCT          BCC
 ,22/10/2015,20-74-09 40406538,-11.5,PAYMENT,MOTHERCARE            ON 21 OCT          BCC
 ,23/10/2015,20-74-09 40406538,-10.2,PAYMENT,COSTA COFFEE 43035    ON 22 OCT          CLP
 ,23/10/2015,20-74-09 40406538,-10,PAYMENT,JUNGLE JIMS PLAYLA    ON 21 OCT          CLP
 ,23/10/2015,20-74-09 40406538,-14.5,PAYMENT,JUNGLE JIMS PLAYLA    ON 21 OCT          BCC
 ,23/10/2015,20-74-09 40406538,-6.85,PAYMENT,JUNGLE JIMS PLAYLA    ON 21 OCT          BCC
 ,23/10/2015,20-74-09 40406538,-6.4,PAYMENT,BODY FLIGHT LTD       ON 22 OCT          BCC
 ,23/10/2015,20-74-09 40406538,-6.15,PAYMENT,JUNGLE JIMS PLAYLA    ON 21 OCT          BCC
 ,23/10/2015,20-74-09 40406538,-5.6,PAYMENT,BODY FLIGHT LTD       ON 22 OCT          BCC
 ,23/10/2015,20-74-09 40406538,-5.4,PAYMENT,BODY FLIGHT LTD       ON 22 OCT          BCC
 ,26/10/2015,20-74-09 40406538,-19.12,PAYMENT,CO-OP GROUP 310252    ON 23 OCT          CLP
 ,26/10/2015,20-74-09 40406538,-4.68,PAYMENT,BP NEWHAM AVENUE C    ON 23 OCT          CLP
 ,26/10/2015,20-74-09 40406538,-3.9,PAYMENT,M&S SIMPLY FOOD -     ON 24 OCT          CLP
 ,26/10/2015,20-74-09 40406538,-3,PAYMENT,MARKS & SPENCER       ON 24 OCT          CLP
 ,26/10/2015,20-74-09 40406538,-2.15,PAYMENT,COSTA COFFEE 43035    ON 24 OCT          CLP
 ,26/10/2015,20-74-09 40406538,-2.1,PAYMENT,STARBUCKS             ON 24 OCT          CLP
 ,26/10/2015,20-74-09 40406538,-63.02,PAYMENT,T K MAXX              ON 24 OCT          BCC
 ,26/10/2015,20-74-09 40406538,-22.26,PAYMENT,BP NEWHAM AVENUE C    ON 23 OCT          BCC
 ,26/10/2015,20-74-09 40406538,-18,PAYMENT,TSGN                  ON 24 OCT          BCC
 ,26/10/2015,20-74-09 40406538,-5,PAYMENT,MONSOON/ACCZ LTD      ON 24 OCT          BCC
 ,27/10/2015,20-74-09 40406538,1200,STO,TUCK&VALEN HSE%0 P    207409 40406538    STO
 ,27/10/2015,20-74-09 40406538,-8.4,PAYMENT,COSTA COFFEE 43035    ON 26 OCT          CLP
 ,27/10/2015,20-74-09 40406538,-21.98,PAYMENT,BOOTS 6407            ON 26 OCT          BCC
 ,27/10/2015,20-74-09 40406538,-12.54,PAYMENT,BOOTS 6407            ON 26 OCT          BCC
 ,27/10/2015,20-74-09 40406538,-1.49,PAYMENT,TOYS R US             ON 26 OCT          BCC
 ,28/10/2015,20-74-09 40406538,-1.49,PAYMENT,ITUNES.COM/BILL       LUXEMBOURG            
 ,30/10/2015,20-74-09 40406538,-9.85,PAYMENT,COSTA COFFEE 43035    ON 29 OCT          CLP
 ,30/10/2015,20-74-09 40406538,-56.19,PAYMENT,MARKS & SPENCER PL    ON 29 OCT          BCC
