Number,Date,Account,Amount,Subcategory,Memo
 ,01/10/2013,20-53-30 30728691,525,STO,STEPEK MP             FLAT 19 4/6 ALHAM  STO
 ,01/10/2013,20-53-30 30728691,495,STO,MCCARDLE PM           21 4-6 ALHAMBRA RO STO
 ,01/10/2013,20-53-30 30728691,-1799.4,PAYMENT,ALAN BOSWELL          REF 273 0000000000 BCC
 ,01/10/2013,20-53-30 30728691,-460.24,PAYMENT,ALAN BOSWELL          REF 273 0000000000 BCC
 ,01/10/2013,20-53-30 30728691,-14.53,PAYMENT,BP BEDFORD EXPRESS    REF 272 0000000000 BCC
 ,01/10/2013,20-53-30 30728691,-324.97,REPEATPMT,VALENTINO I    0   STO
 ,01/10/2013,20-53-30 30728691,-312.08,REPEATPMT,ALHAMBRA ROAD MANA    209254 83672832    STO
 ,01/10/2013,20-53-30 30728691,-261.35,REPEATPMT,ALHAMBRA ROAD MANA    209254 13686035    STO
 ,01/10/2013,20-53-30 30728691,-261.35,REPEATPMT,ALHAMBRA ROAD MANA    209254 23534332    STO
 ,01/10/2013,20-53-30 30728691,-196.79,REPEATPMT,M TUCKER              KINGSTON SHOP      STO
 ,01/10/2013,20-53-30 30728691,-167.06,REPEATPMT,ALHAMBRA ROAD MANA    209254 93543692    STO
 ,01/10/2013,20-53-30 30728691,-50,REPEATPMT,NATIONWIDE            0604/229172770     STO
 ,01/10/2013,20-53-30 30728691,-50,REPEATPMT,23 HAMPSHIRE TERRA    209254 13676978    STO
 ,01/10/2013,20-53-30 30728691,-38,DIRECTDEBIT,SOUTHERN ELECTRIC     688276601          DDR
 ,01/10/2013,20-53-30 30728691,-522.3,DIRECTDEBIT,NRAM                  24935234           DDR
 ,01/10/2013,20-53-30 30728691,-186.14,DIRECTDEBIT,MORTGAGE EXPRESS      2007093270020727   DDR
 ,01/10/2013,20-53-30 30728691,-9,DIRECTDEBIT,SOUTHERN ELECTRIC     141011701          DDR
 ,01/10/2013,20-53-30 30728691,-200.74,DIRECTDEBIT,PLATFORM FUNDING      01050230313307     DDR
 ,01/10/2013,20-53-30 30728691,-217.96,DIRECTDEBIT,PLATFORM FUNDING      01050229961090     DDR
 ,01/10/2013,20-53-30 30728691,-217.96,DIRECTDEBIT,PLATFORM FUNDING      01050229961082     DDR
 ,01/10/2013,20-53-30 30728691,-219.74,DIRECTDEBIT,PLATFORM FUNDING      01050228964703     DDR
 ,01/10/2013,20-53-30 30728691,-1002.83,DIRECTDEBIT,THE BEDFORD CHARIT    TUCKM /PVALS       DDR
 ,01/10/2013,20-53-30 30728691,-367.26,DIRECTDEBIT,MORTGAGE EXPRESS      MEC00005/480016104 DDR
 ,01/10/2013,20-53-30 30728691,-110,DIRECTDEBIT,AUBURN SEC 6          CHL00002/907372200 DDR
 ,01/10/2013,20-53-30 30728691,-110,DIRECTDEBIT,AUBURN SEC 6          CHL00002/907371904 DDR
 ,01/10/2013,20-53-30 30728691,-375.68,DIRECTDEBIT,AMBER HOMELOANS       AHG00001/480441702 DDR
 ,01/10/2013,20-53-30 30728691,-945.83,DIRECTDEBIT,THE BEDFORD CHARIT    TUCKM /PVALR          
 ,02/10/2013,20-53-30 30728691,-68.46,PAYMENT,PAYPAL *POWERMYSEL    REF 274 0000000000 BCC
 ,02/10/2013,20-53-30 30728691,-263.8,DIRECTDEBIT,BHAM MIDSHIRES        020003973492/74851 DDR
 ,02/10/2013,20-53-30 30728691,-37.95,DIRECTDEBIT,LEGAL & GEN MI C/L    011439921-5           
 ,03/10/2013,20-53-30 30728691,556.8,DIRECTDEP,BAKER & ELDER LIMI    KINGSTON 196B      BGC
 ,03/10/2013,20-53-30 30728691,373.26,DIRECTDEP,BAKER & ELDER LIMI    FRATTON F2 163     BGC
 ,03/10/2013,20-53-30 30728691,464,DIRECTDEP,BAKER & ELDER LIMI    ALHAMBRA F13 16/18 BGC
 ,03/10/2013,20-53-30 30728691,-68.69,PAYMENT,NEW COUNTY SERVICE    REF 275 0000000000 BCC
 ,03/10/2013,20-53-30 30728691,-228.81,DIRECTDEBIT,MORTGAGE EXPRESS      2016485220020729   DDR
 ,03/10/2013,20-53-30 30728691,-187.95,DIRECTDEBIT,MORTGAGE EXPRESS      2016485130020729   DDR
 ,03/10/2013,20-53-30 30728691,-212.45,DIRECTDEBIT,MORTGAGE EXPRESS      2016485040020729   DDR
 ,03/10/2013,20-53-30 30728691,-234.85,DIRECTDEBIT,MORTGAGE EXPRESS      2007545250020729   DDR
 ,03/10/2013,20-53-30 30728691,-226.76,DIRECTDEBIT,MORTGAGE EXPRESS      2007107760020729   DDR
 ,03/10/2013,20-53-30 30728691,-186.23,DIRECTDEBIT,MORTGAGE EXPRESS      2007093450020729   DDR
 ,03/10/2013,20-53-30 30728691,-226.6,DIRECTDEBIT,MORTGAGE EXPRESS      2007093360020729   DDR
 ,03/10/2013,20-53-30 30728691,-186.1,DIRECTDEBIT,MORTGAGE EXPRESS      2006372640020729   DDR
 ,03/10/2013,20-53-30 30728691,-143.54,DIRECTDEBIT,MORTGAGE EXPRESS      0019966240020729   DDR
 ,03/10/2013,20-53-30 30728691,-159.32,DIRECTDEBIT,MORTGAGE EXPRESS      0018724700020729   DDR
 ,03/10/2013,20-53-30 30728691,-159.35,DIRECTDEBIT,MORTGAGE EXPRESS      0017031550020729   DDR
 ,03/10/2013,20-53-30 30728691,-152.33,DIRECTDEBIT,MORTGAGE EXPRESS      0016470530020729   DDR
 ,03/10/2013,20-53-30 30728691,-145.46,DIRECTDEBIT,MORTGAGE EXPRESS      0015866140020729   DDR
 ,04/10/2013,20-53-30 30728691,425,STO,NWOSU O          C    FLAT 7 8 ALHAMBRA  STO
 ,04/10/2013,20-53-30 30728691,-75,REPEATPMT,KINGSTON UNITY        PL684048A VALENTNO STO
 ,04/10/2013,20-53-30 30728691,-75,DIRECTDEBIT,SHEPHERDS FS          PN026484A          DDR
 ,07/10/2013,20-53-30 30728691,-200,PAYMENT,BEN NASH              MTUCKER            BBP
 ,07/10/2013,20-53-30 30728691,-1446.78,FT ,207409 60458872    FT 
 ,07/10/2013,20-53-30 30728691,-50,CASH,LINK                  BARTON LE CLAY        
 ,07/10/2013,20-53-30 30728691,-19.5,PAYMENT,DP LEISURE/360PLAY    REF 279 0000000000 BCC
 ,07/10/2013,20-53-30 30728691,-11.98,PAYMENT,HOMEBASE LTD 049      REF 277 0000000000 BCC
 ,07/10/2013,20-53-30 30728691,-8.99,PAYMENT,Amazon *Mktplce EU    LUXEMBOURG            
 ,07/10/2013,20-53-30 30728691,-4.38,PAYMENT,MKC PAYBEPHONES PA    REF 280 0000000000 BCC
 ,07/10/2013,20-53-30 30728691,-0.88,PAYMENT,Amazon Web Service    USA                   
 ,07/10/2013,20-53-30 30728691,-50,REPEATPMT,MATHEW TUCKER         MTUCKER            STO
 ,07/10/2013,20-53-30 30728691,-81.51,DIRECTDEBIT,BHAM MIDSHIRES        251387/20011251387 DDR
 ,08/10/2013,20-53-30 30728691,538.24,DIRECTDEP,BAKER & ELDER LIMI    FAWCETT F1 171     BGC
 ,08/10/2013,20-53-30 30728691,83.96,DIRECTDEP,BAKER & ELDER LIMI    ALHAMBRA F14 12/14 BGC
 ,08/10/2013,20-53-30 30728691,464,DIRECTDEP,BAKER & ELDER LIMI    ALHAMBRA F11 12/14 BGC
 ,08/10/2013,20-53-30 30728691,464,DIRECTDEP,Baker & Elder Limi    ALHAMBRA F8 8      BGC
 ,08/10/2013,20-53-30 30728691,-103.96,PAYMENT,BP BEDFORD EXPRESS    REF 279 0000000000 BCC
 ,08/10/2013,20-53-30 30728691,-218.68,DIRECTDEBIT,BHAM MIDSHIRES        020007900597/89565 DDR
 ,09/10/2013,20-53-30 30728691,426.88,DIRECTDEP,BAKER & ELDER LIMI    KINGSTON 196A      BGC
 ,09/10/2013,20-53-30 30728691,464,DIRECTDEP,BAKER & ELDER LIMI    ALHAMBRA F7 16/18  BGC
 ,09/10/2013,20-53-30 30728691,464,DIRECTDEP,BAKER & ELDER LIMI    ALHAMBRA F16 12/14 BGC
 ,09/10/2013,20-53-30 30728691,-3.9,PAYMENT,ELIOR@EE              REF 281 0000000000 CLP
 ,09/10/2013,20-53-30 30728691,-5.59,PAYMENT,KFC 1148 BALDOCK S    REF 280 0000000000 BCC
 ,09/10/2013,20-53-30 30728691,-19.95,DIRECTDEBIT,BHAM MIDSHIRES        556389/20010556389 DDR
 ,10/10/2013,20-53-30 30728691,475,STO,YACOUB B              17 4-6 ALHAMBRA RO STO
 ,10/10/2013,20-53-30 30728691,464,DIRECTDEP,BAKER & ELDER LIMI    ALHAMBRA F22 4/6   BGC
 ,10/10/2013,20-53-30 30728691,-50,CASH,YCASH                 EVERYTHING EVERYWH    
 ,10/10/2013,20-53-30 30728691,-82.61,DIRECTDEBIT,BHAM MIDSHIRES        309942/20009309942 DDR
 ,11/10/2013,20-53-30 30728691,278.4,DIRECTDEP,BAKER & ELDER LIMI    KINGSTON SHOP      BGC
 ,11/10/2013,20-53-30 30728691,445.44,DIRECTDEP,BAKER & ELDER LIMI    FAWCETT F2 169     BGC
 ,11/10/2013,20-53-30 30728691,464,DIRECTDEP,BAKER & ELDER LIMI    ALHAMBRA F6 16/18  BGC
 ,14/10/2013,20-53-30 30728691,417.6,DIRECTDEP,BAKER & ELDER LIMI    FRATTON F3 163     BGC
 ,14/10/2013,20-53-30 30728691,464,DIRECTDEP,BAKER & ELDER LIMI    FAWCETT F2 171     BGC
 ,14/10/2013,20-53-30 30728691,459.36,DIRECTDEP,BAKER & ELDER LIMI    ALHAMBRA F16 16/18 BGC
 ,14/10/2013,20-53-30 30728691,-100,CASH,NOTEMACHINE           FCC                   
 ,14/10/2013,20-53-30 30728691,-85.58,PAYMENT,BOOTS 6407            REF 286 0000000000 BCC
 ,14/10/2013,20-53-30 30728691,-58.72,PAYMENT,NEW COUNTY SERVICE    REF 284 0000000000 BCC
 ,14/10/2013,20-53-30 30728691,-37.7,PAYMENT,FRANKIE & BENNYS      REF 286 0000000000 BCC
 ,14/10/2013,20-53-30 30728691,-28.3,PAYMENT,PRESSED 4 TIME IRO    REF 286 0000000000 BCC
 ,14/10/2013,20-53-30 30728691,-17.5,PAYMENT,FIRST CAPITAL CONN    REF 286 0000000000 BCC
 ,14/10/2013,20-53-30 30728691,-6.22,PAYMENT,MARKS &SPENCER SSP    REF 286 0000000000 BCC
 ,14/10/2013,20-53-30 30728691,-140.07,DIRECTDEBIT,BHAM MIDSHIRES        389757/20000389757 DDR
 ,14/10/2013,20-53-30 30728691,-37.68,DIRECTDEBIT,FRIENDS LIFE DD       014033997/615      DDR
 ,15/10/2013,20-53-30 30728691,464,DIRECTDEP,BAKER & ELDER LIMI    FAWCETT F3 169     BGC
 ,15/10/2013,20-53-30 30728691,-2.75,PAYMENT,ELIOR@EE              REF 287 0000000000 CLP
 ,15/10/2013,20-53-30 30728691,-186.11,DIRECTDEBIT,MORTGAGE EXPRESS      2008784100020741   DDR
 ,15/10/2013,20-53-30 30728691,-192.58,DIRECTDEBIT,MORTGAGE EXPRESS      2007664780020741   DDR
 ,15/10/2013,20-53-30 30728691,-192.58,DIRECTDEBIT,MORTGAGE EXPRESS      2007545340020741   DDR
 ,15/10/2013,20-53-30 30728691,-186.12,DIRECTDEBIT,MORTGAGE EXPRESS      2007544710020741   DDR
 ,15/10/2013,20-53-30 30728691,-186.09,DIRECTDEBIT,MORTGAGE EXPRESS      2007107670020741   DDR
 ,15/10/2013,20-53-30 30728691,-186.13,DIRECTDEBIT,MORTGAGE EXPRESS      2006332310020741   DDR
 ,15/10/2013,20-53-30 30728691,-186.11,DIRECTDEBIT,MORTGAGE EXPRESS      2005787290020741   DDR
 ,15/10/2013,20-53-30 30728691,-219.67,DIRECTDEBIT,PLATFORM FUNDING      01050228979115     DDR
 ,15/10/2013,20-53-30 30728691,-184.76,DIRECTDEBIT,PLATFORM FUNDING      01050228957685     DDR
 ,15/10/2013,20-53-30 30728691,-184.76,DIRECTDEBIT,PLATFORM FUNDING      01050228957650     DDR
 ,16/10/2013,20-53-30 30728691,-1320,PAYMENT,DAVIES STEPHENSON     MTUCKER 13023      BBP
 ,16/10/2013,20-53-30 30728691,-180,PAYMENT,BEN NASH              MTUCKER FLAT7      BBP
 ,16/10/2013,20-53-30 30728691,-3.3,PAYMENT,ELIOR@EE              REF 288 0000000000 CLP
 ,16/10/2013,20-53-30 30728691,-23.56,PAYMENT,M&S SIMPLY FOOD       REF 288 0000000000 BCC
 ,16/10/2013,20-53-30 30728691,-15.49,PAYMENT,SHELL BALDOCK         REF 288 0000000000 BCC
 ,16/10/2013,20-53-30 30728691,-14.67,DIRECTDEBIT,BHAM MIDSHIRES        557032/20010557032 DDR
 ,16/10/2013,20-53-30 30728691,-190.58,DIRECTDEBIT,BHAM MIDSHIRES        110676/20004110676 DDR
 ,17/10/2013,20-53-30 30728691,366.56,DIRECTDEP,BAKER & ELDER LIMI    FRATTON F4 163     BGC
 ,17/10/2013,20-53-30 30728691,454.72,DIRECTDEP,BAKER & ELDER LIMI    ALHAMBRA F5 8/10   BGC
 ,17/10/2013,20-53-30 30728691,-19.99,PAYMENT,EE LIMITED 4100       REF 289 0000000000 BCC
 ,17/10/2013,20-53-30 30728691,-99,DIRECTDEBIT,MBFIN  S0CX56VSP02    S0CX56VSP025810272 DDR
 ,18/10/2013,20-53-30 30728691,-65.55,PAYMENT,NEW COUNTY SERVICE    REF 290 0000000000 BCC
 ,18/10/2013,20-53-30 30728691,-145.06,DIRECTDEBIT,BHAM MIDSHIRES        649652/20003649652 DDR
 ,21/10/2013,20-53-30 30728691,464,DIRECTDEP,BAKER & ELDER LIMI    FAWCETT F1 169     BGC
 ,21/10/2013,20-53-30 30728691,464,DIRECTDEP,BAKER & ELDER LIMI    ALHAMBRA F3 16/18  BGC
 ,21/10/2013,20-53-30 30728691,519.68,DIRECTDEP,BAKER & ELDER LIMI    ALHAMBRA F20 4/6   BGC
 ,21/10/2013,20-53-30 30728691,464,DIRECTDEP,BAKER & ELDER LIMI    ALHAMBRA F12 16/18 BGC
 ,21/10/2013,20-53-30 30728691,464,DIRECTDEP,BAKER & ELDER LIMI    ALHAMBRA F10 12/14 BGC
 ,21/10/2013,20-53-30 30728691,-4.65,PAYMENT,ELIOR@EE              REF 291 0000000000 CLP
 ,21/10/2013,20-53-30 30728691,-21.39,PAYMENT,THE WORKS             REF 294 0000000000 BCC
 ,22/10/2013,20-53-30 30728691,-3.35,PAYMENT,ELIOR@EE              REF 294 0000000000 CLP
 ,22/10/2013,20-53-30 30728691,-1.95,PAYMENT,ELIOR@EE              REF 294 0000000000 CLP
 ,22/10/2013,20-53-30 30728691,-183.94,DIRECTDEBIT,BHAM MIDSHIRES        882432/20007882432 DDR
 ,23/10/2013,20-53-30 30728691,464,DIRECTDEP,BAKER & ELDER LIMI    LONDON RD F2 321   BGC
 ,23/10/2013,20-53-30 30728691,464,DIRECTDEP,BAKER & ELDER LIMI    LONDON RD F1 321   BGC
 ,23/10/2013,20-53-30 30728691,454.72,DIRECTDEP,BAKER & ELDER LIMI    ALHAMBRA F5 12/14  BGC
 ,23/10/2013,20-53-30 30728691,464,DIRECTDEP,BAKER & ELDER LIMI    ALHAMBRA F11 16/18 BGC
 ,23/10/2013,20-53-30 30728691,-3.35,PAYMENT,ELIOR@EE              REF 295 0000000000 CLP
 ,23/10/2013,20-53-30 30728691,-2.1,PAYMENT,ELIOR@EE              REF 295 0000000000 CLP
 ,23/10/2013,20-53-30 30728691,-73.19,PAYMENT,SHELL BALDOCK         REF 295 0000000000 BCC
 ,23/10/2013,20-53-30 30728691,-43,DIRECTDEBIT,SKY DIGITAL           00620054164228     DDR
 ,24/10/2013,20-53-30 30728691,464,DIRECTDEP,BAKER & ELDER LIMI    ALHAMBRA F4 12/14  BGC
 ,24/10/2013,20-53-30 30728691,519.68,DIRECTDEP,BAKER & ELDER LIMI    ALHAMBRA F1 16/18  BGC
 ,24/10/2013,20-53-30 30728691,-22,PAYMENT,Amazon EU             LUXEMBOURG            
 ,25/10/2013,20-53-30 30728691,464,DIRECTDEP,BAKER & ELDER LIMI    ALHAMBRA F3 12/14  BGC
 ,25/10/2013,20-53-30 30728691,-4.82,PAYMENT,Amazon *Mktplce EU    LUXEMBOURG            
 ,25/10/2013,20-53-30 30728691,-519.5,REPEATPMT,G& F VALENTINO        MTUCKER            STO
 ,28/10/2013,20-53-30 30728691,464,DIRECTDEP,BAKER & ELDER LIMI    LONDON RD F4 321   BGC
 ,28/10/2013,20-53-30 30728691,398,DIRECTDEP,BAKER & ELDER LIMI    LONDON F3 321      BGC
 ,28/10/2013,20-53-30 30728691,464,DIRECTDEP,BAKER & ELDER LIMI    ALHAMBRA F18 4/6   BGC
 ,28/10/2013,20-53-30 30728691,-4.65,PAYMENT,ELIOR@EE              REF 298 0000000000 CLP
 ,28/10/2013,20-53-30 30728691,-51.36,PAYMENT,TESCO PFS 5449        REF 298 0000000000 BCC
 ,28/10/2013,20-53-30 30728691,-1200,REPEATPMT,MR MATTHEW STUART     207409 40406538    STO
 ,29/10/2013,20-53-30 30728691,-3.6,PAYMENT,ELIOR@EE              REF 301 0000000000 CLP
 ,29/10/2013,20-53-30 30728691,-400,REPEATPMT,F VALENTINO           RENT               STO
 ,29/10/2013,20-53-30 30728691,-129.28,DIRECTDEBIT,BHAM MIDSHIRES        731371/20002731371 DDR
 ,29/10/2013,20-53-30 30728691,-28.4,DIRECTDEBIT,TALKTALK LIMITED      5008130512 8042846 DDR
 ,30/10/2013,20-53-30 30728691,-624,PAYMENT,BAKER AND ELDER L     MTUCKER-AUG13      BBP
 ,30/10/2013,20-53-30 30728691,-272.04,PAYMENT,BAKER AND ELDER L     MTUCKER-SEP13      BBP
 ,30/10/2013,20-53-30 30728691,-2.6,PAYMENT,ELIOR@EE              REF 302 0000000000 CLP
 ,30/10/2013,20-53-30 30728691,-50,CASH,YCASH                 EVERYTHING EVERYWH    
 ,31/10/2013,20-53-30 30728691,493.3,DIRECTDEP,Baker & Elder Limi    ALHAMBRA F23 4/6   BGC
 ,31/10/2013,20-53-30 30728691,-184.58,DIRECTDEBIT,MORTGAGE TRUST        002197389 10187050 DDR
 ,31/10/2013,20-53-30 30728691,-190.26,DIRECTDEBIT,MORTGAGE TRUST        002186357 10187050 DDR
 ,31/10/2013,20-53-30 30728691,-190.26,DIRECTDEBIT,MORTGAGE TRUST        002186356 10187050 DDR
 ,31/10/2013,20-53-30 30728691,-190.26,DIRECTDEBIT,MORTGAGE TRUST        002186317 10187050 DDR
