Number,Date,Account,Amount,Subcategory,Memo
 ,01/09/2014,20-53-30 30728691,464,DIRECTDEP,BAKER & ELDER LIMI    LONDON F4 321      BGC
 ,01/09/2014,20-53-30 30728691,525,STO,STEPEK MP             FLAT 19 4/6 ALHAM  STO
 ,01/09/2014,20-53-30 30728691,495,STO,MCCARDLE PM           21 4-6 ALHAMBRA RO STO
 ,01/09/2014,20-53-30 30728691,-465,REPEATPMT,ALHAMBRA ROAD MANA    209254 83672832    STO
 ,01/09/2014,20-53-30 30728691,-320,REPEATPMT,ALHAMBRA ROAD MANA    209254 13686035    STO
 ,01/09/2014,20-53-30 30728691,-315,REPEATPMT,ALHAMBRA ROAD MANA    209254 23534332    STO
 ,01/09/2014,20-53-30 30728691,-196.79,REPEATPMT,M TUCKER              KINGSTON SHOP      STO
 ,01/09/2014,20-53-30 30728691,-50,REPEATPMT,NATIONWIDE            0604/229172770     STO
 ,01/09/2014,20-53-30 30728691,-50,REPEATPMT,23 HAMPSHIRE TERRA    209254 13676978    STO
 ,01/09/2014,20-53-30 30728691,-50,REPEATPMT,MATHEW TUCKER         MTUCKER            STO
 ,01/09/2014,20-53-30 30728691,-366,DIRECTDEBIT,SOUTHERN ELECTRIC     688276601          DDR
 ,01/09/2014,20-53-30 30728691,-522.3,DIRECTDEBIT,NRAM                  24935234           DDR
 ,01/09/2014,20-53-30 30728691,-1,DIRECTDEBIT,SOUTHERN ELECTRIC     141011701          DDR
 ,01/09/2014,20-53-30 30728691,-200.74,DIRECTDEBIT,PLATFORM FUNDING      01050230313307     DDR
 ,01/09/2014,20-53-30 30728691,-217.96,DIRECTDEBIT,PLATFORM FUNDING      01050229961090     DDR
 ,01/09/2014,20-53-30 30728691,-217.96,DIRECTDEBIT,PLATFORM FUNDING      01050229961082     DDR
 ,01/09/2014,20-53-30 30728691,-219.74,DIRECTDEBIT,PLATFORM FUNDING      01050228964703     DDR
 ,01/09/2014,20-53-30 30728691,-44.64,DIRECTDEBIT,EE & T-MOBILE         Q13077400470189953 DDR
 ,01/09/2014,20-53-30 30728691,-367.26,DIRECTDEBIT,MORTGAGE EXPRESS      MEC00005/480016104 DDR
 ,01/09/2014,20-53-30 30728691,-110,DIRECTDEBIT,AUBURN SEC 6          CHL00002/907372200 DDR
 ,01/09/2014,20-53-30 30728691,-110,DIRECTDEBIT,AUBURN SEC 6          CHL00002/907371904 DDR
 ,01/09/2014,20-53-30 30728691,-375.68,DIRECTDEBIT,AMBER HOMELOANS       AHG00001/480441702 DDR
 ,02/09/2014,20-53-30 30728691,-263.8,DIRECTDEBIT,BHAM MIDSHIRES        020003973492/74851 DDR
 ,02/09/2014,20-53-30 30728691,-37.95,DIRECTDEBIT,LEGAL & GEN MI C/L    011439921-5        DDR
 ,03/09/2014,20-53-30 30728691,-228.81,DIRECTDEBIT,MORTGAGE EXPRESS      2016485220021064   DDR
 ,03/09/2014,20-53-30 30728691,-187.95,DIRECTDEBIT,MORTGAGE EXPRESS      2016485130021064   DDR
 ,03/09/2014,20-53-30 30728691,-212.45,DIRECTDEBIT,MORTGAGE EXPRESS      2016485040021064   DDR
 ,03/09/2014,20-53-30 30728691,-234.85,DIRECTDEBIT,MORTGAGE EXPRESS      2007545250021064   DDR
 ,03/09/2014,20-53-30 30728691,-226.76,DIRECTDEBIT,MORTGAGE EXPRESS      2007107760021064   DDR
 ,03/09/2014,20-53-30 30728691,-186.23,DIRECTDEBIT,MORTGAGE EXPRESS      2007093450021064   DDR
 ,03/09/2014,20-53-30 30728691,-226.6,DIRECTDEBIT,MORTGAGE EXPRESS      2007093360021064   DDR
 ,03/09/2014,20-53-30 30728691,-186.14,DIRECTDEBIT,MORTGAGE EXPRESS      2007093270021062   DDR
 ,03/09/2014,20-53-30 30728691,-186.1,DIRECTDEBIT,MORTGAGE EXPRESS      2006372640021064   DDR
 ,03/09/2014,20-53-30 30728691,-143.54,DIRECTDEBIT,MORTGAGE EXPRESS      0019966240021064   DDR
 ,03/09/2014,20-53-30 30728691,-159.32,DIRECTDEBIT,MORTGAGE EXPRESS      0018724700021064   DDR
 ,03/09/2014,20-53-30 30728691,-159.35,DIRECTDEBIT,MORTGAGE EXPRESS      0017031550021064   DDR
 ,03/09/2014,20-53-30 30728691,-152.33,DIRECTDEBIT,MORTGAGE EXPRESS      0016470530021064   DDR
 ,03/09/2014,20-53-30 30728691,-145.46,DIRECTDEBIT,MORTGAGE EXPRESS      0015866140021064   DDR
 ,03/09/2014,20-53-30 30728691,-1047.46,DIRECTDEBIT,THE HARPUR TRUST      TUCKM1/MVALS1      DDR
 ,03/09/2014,20-53-30 30728691,-1023,DIRECTDEBIT,THE HARPUR TRUST      TUCKM /PVALR       DDR
 ,04/09/2014,20-53-30 30728691,928,DIRECTDEP,Baker & Elder Limi    ALHAMBRA F13 16/18 BGC
 ,04/09/2014,20-53-30 30728691,-75,REPEATPMT,KINGSTON UNITY        PL684048A VALENTNO STO
 ,04/09/2014,20-53-30 30728691,-75,DIRECTDEBIT,SHEPHERDS FS          PN026484A          DDR
 ,05/09/2014,20-53-30 30728691,425,STO,NWOSU O          C    FLAT 7 8 ALHAMBRA  STO
 ,05/09/2014,20-53-30 30728691,-81.51,DIRECTDEBIT,BHAM MIDSHIRES        251387/20011251387 DDR
 ,08/09/2014,20-53-30 30728691,464,DIRECTDEP,BAKER & ELDER LIMI    ALHAMBRA F4 12/14  BGC
 ,08/09/2014,20-53-30 30728691,464,DIRECTDEP,BAKER & ELDER LIMI    ALHAMBRA F16 12/14 BGC
 ,08/09/2014,20-53-30 30728691,-218.68,DIRECTDEBIT,BHAM MIDSHIRES        020007900597/89565 DDR
 ,09/09/2014,20-53-30 30728691,538.24,DIRECTDEP,BAKER & ELDER LIMI    FAWCETT RD F1 171  BGC
 ,09/09/2014,20-53-30 30728691,389,DIRECTDEP,BAKER & ELDER LIMI    ALHAMBRA F8 8/10   BGC
 ,09/09/2014,20-53-30 30728691,464,DIRECTDEP,BAKER & ELDER LIMI    ALHAMBRA F14 12/14 BGC
 ,09/09/2014,20-53-30 30728691,-19.95,DIRECTDEBIT,BHAM MIDSHIRES        556389/20010556389 DDR
 ,10/09/2014,20-53-30 30728691,475,STO,YACOUB B              17 4-6 ALHAMBRA RO STO
 ,10/09/2014,20-53-30 30728691,426.88,DIRECTDEP,BAKER & ELDER LIMI    KINGSTON 196A      BGC
 ,10/09/2014,20-53-30 30728691,464,DIRECTDEP,BAKER & ELDER LIMI    FAWCETT F3 171     BGC
 ,10/09/2014,20-53-30 30728691,464,DIRECTDEP,BAKER & ELDER LIMI    ALHAMBRA F7 16/18  BGC
 ,10/09/2014,20-53-30 30728691,464,DIRECTDEP,BAKER & ELDER LIMI    ALHAMBRA F6 8      BGC
 ,10/09/2014,20-53-30 30728691,370.8,DIRECTDEP,Baker & Elder Limi    HAMPSHIRE TER 23B  BGC
 ,10/09/2014,20-53-30 30728691,-82.61,DIRECTDEBIT,BHAM MIDSHIRES        309942/20009309942 DDR
 ,11/09/2014,20-53-30 30728691,278.4,DIRECTDEP,BAKER & ELDER LIMI    KINGSTON SHOP      BGC
 ,11/09/2014,20-53-30 30728691,419.36,DIRECTDEP,BAKER & ELDER LIMI    FRATTON F2 163     BGC
 ,11/09/2014,20-53-30 30728691,464,DIRECTDEP,BAKER & ELDER LIMI    ALHAMBRA F6 16/18  BGC
 ,11/09/2014,20-53-30 30728691,1113.6,DIRECTDEP,BAKER & ELDER LIMI    ALHAMBRA F23 4/6   BGC
 ,12/09/2014,20-53-30 30728691,202.1,DIRECTDEP,BAKER & ELDER LIMI    FAWCETT F2 169     BGC
 ,12/09/2014,20-53-30 30728691,459.36,DIRECTDEP,BAKER & ELDER LIMI    ALHAMBRA F16 16/18 BGC
 ,12/09/2014,20-53-30 30728691,-140.07,DIRECTDEBIT,BHAM MIDSHIRES        389757/20000389757 DDR
 ,12/09/2014,20-53-30 30728691,-37.68,DIRECTDEBIT,FRIENDS LIFE DD       014033997/843      DDR
 ,12/09/2014,20-53-30 30728691,-69.74,DIRECTDEBIT,EE & T-MOBILE         Q20664165472093709 DDR
 ,15/09/2014,20-53-30 30728691,363.6,DIRECTDEP,BAKER & ELDER LIMI    FRATTON F3 163     BGC
 ,15/09/2014,20-53-30 30728691,272.39,DIRECTDEP,BAKER & ELDER LIMI    ALHAMBRA F7 12/14  BGC
 ,15/09/2014,20-53-30 30728691,-600,FT ,207409 40406538       MOBILE-CHANNEL     FT 
 ,15/09/2014,20-53-30 30728691,-186.11,DIRECTDEBIT,MORTGAGE EXPRESS      2008784100021076   DDR
 ,15/09/2014,20-53-30 30728691,-192.58,DIRECTDEBIT,MORTGAGE EXPRESS      2007664780021076   DDR
 ,15/09/2014,20-53-30 30728691,-192.58,DIRECTDEBIT,MORTGAGE EXPRESS      2007545340021076   DDR
 ,15/09/2014,20-53-30 30728691,-186.12,DIRECTDEBIT,MORTGAGE EXPRESS      2007544710021076   DDR
 ,15/09/2014,20-53-30 30728691,-186.09,DIRECTDEBIT,MORTGAGE EXPRESS      2007107670021076   DDR
 ,15/09/2014,20-53-30 30728691,-186.13,DIRECTDEBIT,MORTGAGE EXPRESS      2006332310021076   DDR
 ,15/09/2014,20-53-30 30728691,-186.11,DIRECTDEBIT,MORTGAGE EXPRESS      2005787290021076   DDR
 ,15/09/2014,20-53-30 30728691,-219.67,DIRECTDEBIT,PLATFORM FUNDING      01050228979115     DDR
 ,15/09/2014,20-53-30 30728691,-184.76,DIRECTDEBIT,PLATFORM FUNDING      01050228957685     DDR
 ,15/09/2014,20-53-30 30728691,-184.76,DIRECTDEBIT,PLATFORM FUNDING      01050228957650     DDR
 ,16/09/2014,20-53-30 30728691,404,DIRECTDEP,BAKER & ELDER LIMI    FAWCETT F3 169     BGC
 ,16/09/2014,20-53-30 30728691,-14.67,DIRECTDEBIT,BHAM MIDSHIRES        557032/20010557032 DDR
 ,16/09/2014,20-53-30 30728691,-190.58,DIRECTDEBIT,BHAM MIDSHIRES        110676/20004110676 DDR
 ,18/09/2014,20-53-30 30728691,366.56,DIRECTDEP,BAKER & ELDER LIMI    FRATTON F4 163     BGC
 ,18/09/2014,20-53-30 30728691,454.72,DIRECTDEP,BAKER & ELDER LIMI    ALHAMBRA F5 8/10   BGC
 ,18/09/2014,20-53-30 30728691,-145.06,DIRECTDEBIT,BHAM MIDSHIRES        649652/20003649652 DDR
100090,19/09/2014,20-53-30 30728691,-408.5,CHQ,100090
 ,19/09/2014,20-53-30 30728691,90.18,DIRECTDEP,BAKER & ELDER LIMI    ALHAMBRA F11 12/14 BGC
 ,19/09/2014,20-53-30 30728691,600.8,DIRECTDEP,Baker & Elder Limi    LONDON RD F3 321   BGC
 ,19/09/2014,20-53-30 30728691,583.2,DIRECTDEP,Baker & Elder Limi    HAMPSHIRE TER 23c  BGC
 ,19/09/2014,20-53-30 30728691,464,DIRECTDEP,Baker & Elder Limi    FAWCETT F2 171     BGC
 ,22/09/2014,20-53-30 30728691,-183.94,DIRECTDEBIT,BHAM MIDSHIRES        882432/20007882432 DDR
 ,23/09/2014,20-53-30 30728691,464,DIRECTDEP,BAKER & ELDER LIMI    ALHAMBRA F3 16/18  BGC
 ,23/09/2014,20-53-30 30728691,519.68,DIRECTDEP,BAKER & ELDER LIMI    ALHAMBRA F20 4/6   BGC
 ,23/09/2014,20-53-30 30728691,464,DIRECTDEP,BAKER & ELDER LIMI    ALHAMBRA F12 16/18 BGC
 ,23/09/2014,20-53-30 30728691,464,DIRECTDEP,BAKER & ELDER LIMI    ALHAMBRA F10 12/14 BGC
 ,23/09/2014,20-53-30 30728691,-44.5,DIRECTDEBIT,SKY DIGITAL           00620054164228     DDR
 ,24/09/2014,20-53-30 30728691,464,DIRECTDEP,BAKER & ELDER LIMI    LONDON F2 321      BGC
 ,24/09/2014,20-53-30 30728691,464,DIRECTDEP,BAKER & ELDER LIMI    LONDON F1 321      BGC
 ,24/09/2014,20-53-30 30728691,414.72,DIRECTDEP,BAKER & ELDER LIMI    ALHAMBRA F5 12/14  BGC
 ,24/09/2014,20-53-30 30728691,464,DIRECTDEP,BAKER & ELDER LIMI    ALHAMBRA F11 16/18 BGC
 ,24/09/2014,20-53-30 30728691,-600,FT ,207409 40406538       MOBILE-CHANNEL     FT 
 ,25/09/2014,20-53-30 30728691,464,DIRECTDEP,Baker & Elder Limi    ALHAMBRA F3 12/14  BGC
 ,25/09/2014,20-53-30 30728691,-519.5,REPEATPMT,G& F VALENTINO        MTUCKER            STO
 ,26/09/2014,20-53-30 30728691,519.68,DIRECTDEP,Baker & Elder Limi    ALHAMBRA F1 16/18  BGC
 ,29/09/2014,20-53-30 30728691,464,DIRECTDEP,BAKER & ELDER LIMI    LONDON F4 321      BGC
 ,29/09/2014,20-53-30 30728691,464,DIRECTDEP,BAKER & ELDER LIMI    ALHAMBRA F18 4/6   BGC
 ,29/09/2014,20-53-30 30728691,663,STO,BUGISIW LIMITED       BUGISIWLTD         STO
 ,29/09/2014,20-53-30 30728691,-1200,REPEATPMT,MR MATTHEW STUART     207409 40406538    STO
 ,29/09/2014,20-53-30 30728691,-400,REPEATPMT,F VALENTINO           RENT               STO
 ,29/09/2014,20-53-30 30728691,-129.28,DIRECTDEBIT,BHAM MIDSHIRES        731371/20002731371 DDR
 ,29/09/2014,20-53-30 30728691,-19.45,DIRECTDEBIT,TALKTALK LIMITED      5008130512 6912155 DDR
 ,29/09/2014,20-53-30 30728691,-33,DIRECTDEBIT,BOOTS REWARDSCHEME    A45028400000736    DDR
 ,30/09/2014,20-53-30 30728691,-188.17,DIRECTDEBIT,MORTGAGE TRUST        002197389 10190390 DDR
 ,30/09/2014,20-53-30 30728691,-193.6,DIRECTDEBIT,MORTGAGE TRUST        002186357 10190390 DDR
 ,30/09/2014,20-53-30 30728691,-193.6,DIRECTDEBIT,MORTGAGE TRUST        002186356 10190390 DDR
 ,30/09/2014,20-53-30 30728691,-193.6,DIRECTDEBIT,MORTGAGE TRUST        002186317 10190390 DDR
