Number,Date,Account,Amount,Subcategory,Memo
 ,01/09/2015,20-53-30 30728691,928,DIRECTDEP,BAKER & ELDER LIMI    LONDON F1&2 321    BGC
 ,01/09/2015,20-53-30 30728691,932.64,DIRECTDEP,BAKER & ELDER LIMI    ALH F18 4/6 & F8 8 BGC
 ,01/09/2015,20-53-30 30728691,838.72,DIRECTDEP,BAKER & ELDER LIMI    ALHAM F3&5 12/14   BGC
 ,01/09/2015,20-53-30 30728691,928,DIRECTDEP,BAKER & ELDER LIMI    ALHAM F3&11 16/18  BGC
 ,01/09/2015,20-53-30 30728691,525,STO,STEPEK MP             FLAT 19 4/6 ALHAM  STO
 ,01/09/2015,20-53-30 30728691,-465,REPEATPMT,ALHAMBRA ROAD MANA    209254 83672832    STO
 ,01/09/2015,20-53-30 30728691,-400,REPEATPMT,F VALENTINO           RENT               STO
 ,01/09/2015,20-53-30 30728691,-320,REPEATPMT,ALHAMBRA ROAD MANA    209254 13686035    STO
 ,01/09/2015,20-53-30 30728691,-315,REPEATPMT,ALHAMBRA ROAD MANA    209254 23534332    STO
 ,01/09/2015,20-53-30 30728691,-196.79,REPEATPMT,M TUCKER              KINGSTON SHOP      STO
 ,01/09/2015,20-53-30 30728691,-50,REPEATPMT,NATIONWIDE            0604/229172770     STO
 ,01/09/2015,20-53-30 30728691,-50,REPEATPMT,23 HAMPSHIRE TERRA    209254 13676978    STO
 ,01/09/2015,20-53-30 30728691,-129.28,DIRECTDEBIT,BHAM MIDSHIRES        731371/20002731371 DDR
 ,01/09/2015,20-53-30 30728691,-522.3,DIRECTDEBIT,NRAM                  24935234           DDR
 ,01/09/2015,20-53-30 30728691,-186.14,DIRECTDEBIT,MORTGAGE EXPRESS      2007093270021427   DDR
 ,01/09/2015,20-53-30 30728691,-9,DIRECTDEBIT,SOUTHERN ELECTRIC     141011701          DDR
 ,01/09/2015,20-53-30 30728691,-200.74,DIRECTDEBIT,PLATFORM FUNDING      01050230313307     DDR
 ,01/09/2015,20-53-30 30728691,-217.96,DIRECTDEBIT,PLATFORM FUNDING      01050229961090     DDR
 ,01/09/2015,20-53-30 30728691,-217.96,DIRECTDEBIT,PLATFORM FUNDING      01050229961082     DDR
 ,01/09/2015,20-53-30 30728691,-219.74,DIRECTDEBIT,PLATFORM FUNDING      01050228964703     DDR
 ,01/09/2015,20-53-30 30728691,-44.5,DIRECTDEBIT,EE & T-MOBILE         Q13077400549083471 DDR
 ,01/09/2015,20-53-30 30728691,-367.26,DIRECTDEBIT,MORTGAGE EXPRESS      MEC00005/480016104 DDR
 ,01/09/2015,20-53-30 30728691,-110,DIRECTDEBIT,CAPITAL HOME LOANS    CHL00002/907372200 DDR
 ,01/09/2015,20-53-30 30728691,-110,DIRECTDEBIT,CAPITAL HOME LOANS    CHL00002/907371904 DDR
 ,01/09/2015,20-53-30 30728691,-375.68,DIRECTDEBIT,AMBER HOMELOANS       AHG00001/480441702 DDR
 ,02/09/2015,20-53-30 30728691,-263.8,DIRECTDEBIT,BHAM MIDSHIRES        020003973492/74851 DDR
 ,02/09/2015,20-53-30 30728691,-37.95,DIRECTDEBIT,LEGAL & GEN MI C/L    011439921-5        DDR
 ,03/09/2015,20-53-30 30728691,424,DIRECTDEP,BAKER & ELDER LIMI    FAWCETT F1 169     BGC
 ,03/09/2015,20-53-30 30728691,487.2,DIRECTDEP,BAKER & ELDER LIMI    ALHAMBRA F21 4/6   BGC
 ,03/09/2015,20-53-30 30728691,-228.81,DIRECTDEBIT,MORTGAGE EXPRESS      2016485220021429   DDR
 ,03/09/2015,20-53-30 30728691,-187.95,DIRECTDEBIT,MORTGAGE EXPRESS      2016485130021429   DDR
 ,03/09/2015,20-53-30 30728691,-212.45,DIRECTDEBIT,MORTGAGE EXPRESS      2016485040021429   DDR
 ,03/09/2015,20-53-30 30728691,-234.85,DIRECTDEBIT,MORTGAGE EXPRESS      2007545250021429   DDR
 ,03/09/2015,20-53-30 30728691,-226.76,DIRECTDEBIT,MORTGAGE EXPRESS      2007107760021429   DDR
 ,03/09/2015,20-53-30 30728691,-186.23,DIRECTDEBIT,MORTGAGE EXPRESS      2007093450021429   DDR
 ,03/09/2015,20-53-30 30728691,-226.6,DIRECTDEBIT,MORTGAGE EXPRESS      2007093360021429   DDR
 ,03/09/2015,20-53-30 30728691,-186.1,DIRECTDEBIT,MORTGAGE EXPRESS      2006372640021429   DDR
 ,03/09/2015,20-53-30 30728691,-143.54,DIRECTDEBIT,MORTGAGE EXPRESS      0019966240021429   DDR
 ,03/09/2015,20-53-30 30728691,-159.32,DIRECTDEBIT,MORTGAGE EXPRESS      0018724700021429   DDR
 ,03/09/2015,20-53-30 30728691,-159.35,DIRECTDEBIT,MORTGAGE EXPRESS      0017031550021429   DDR
 ,03/09/2015,20-53-30 30728691,-152.33,DIRECTDEBIT,MORTGAGE EXPRESS      0016470530021429   DDR
 ,03/09/2015,20-53-30 30728691,-145.46,DIRECTDEBIT,MORTGAGE EXPRESS      0015866140021429   DDR
 ,03/09/2015,20-53-30 30728691,-1266.34,DIRECTDEBIT,THE HARPUR TRUST      TUCKM8  BVALR8     DDR
 ,03/09/2015,20-53-30 30728691,-1057.61,DIRECTDEBIT,THE HARPUR TRUST      TUCKMS  GVALS1     DDR
 ,04/09/2015,20-53-30 30728691,425,STO,NWOSU O          C    FLAT 7 8 ALHAMBRA  STO
 ,04/09/2015,20-53-30 30728691,-75,REPEATPMT,KINGSTON UNITY        PL684048A VALENTNO STO
 ,04/09/2015,20-53-30 30728691,-75,DIRECTDEBIT,SHEPHERDS FS          PN026484A          DDR
 ,07/09/2015,20-53-30 30728691,459.36,DIRECTDEP,BAKER & ELDER LIMI    FRATTON F2 163     BGC
 ,07/09/2015,20-53-30 30728691,464,DIRECTDEP,BAKER & ELDER LIMI    FAWCETT F2 171     BGC
 ,07/09/2015,20-53-30 30728691,464,DIRECTDEP,BAKER & ELDER LIMI    ALHAMBRA F13 16/18 BGC
 ,07/09/2015,20-53-30 30728691,-1017.09,PAYMENT,BAKER AND ELDER L     MTUCKER-AUG15      BBP
 ,07/09/2015,20-53-30 30728691,-786.6,PAYMENT,BAKER AND ELDER L     MTUCKER-JUL15      BBP
 ,07/09/2015,20-53-30 30728691,-291.82,PAYMENT,PORTSMOUTH COUNCIL    103556711          BBP
 ,07/09/2015,20-53-30 30728691,-50,REPEATPMT,MATHEW TUCKER         MTUCKER            STO
 ,07/09/2015,20-53-30 30728691,-81.51,DIRECTDEBIT,BHAM MIDSHIRES        251387/20011251387 DDR
 ,08/09/2015,20-53-30 30728691,464,DIRECTDEP,BAKER & ELDER LIMI    ALHAMBRA F22 4/6   BGC
 ,08/09/2015,20-53-30 30728691,-76.84,PAYMENT,SOUTHERN ELECTRIC     6882766014         BBP
 ,08/09/2015,20-53-30 30728691,-43.05,PAYMENT,PORTSMOUTH CITY       10364654X          BBP
 ,08/09/2015,20-53-30 30728691,-218.68,DIRECTDEBIT,BHAM MIDSHIRES        020007900597/89565 DDR
 ,09/09/2015,20-53-30 30728691,538.24,DIRECTDEP,BAKER & ELDER LIMI    FAWCETT F1 171     BGC
 ,09/09/2015,20-53-30 30728691,464,DIRECTDEP,BAKER & ELDER LIMI    ALHAMBRA F14 12/14 BGC
 ,09/09/2015,20-53-30 30728691,-19.95,DIRECTDEBIT,BHAM MIDSHIRES        556389/20010556389 DDR
 ,10/09/2015,20-53-30 30728691,464,DIRECTDEP,Baker & Elder Limi    KINGSTON 196A      BGC
 ,10/09/2015,20-53-30 30728691,-250,FT ,207409 40406538       MOBILE-CHANNEL     FT 
 ,10/09/2015,20-53-30 30728691,-82.61,DIRECTDEBIT,BHAM MIDSHIRES        309942/20009309942 DDR
 ,11/09/2015,20-53-30 30728691,464,DIRECTDEP,BAKER & ELDER LIMI    FAWCETT F3 171     BGC
 ,11/09/2015,20-53-30 30728691,464,DIRECTDEP,BAKER & ELDER LIMI    ALHAMBRA F7 16/18  BGC
 ,11/09/2015,20-53-30 30728691,464,DIRECTDEP,BAKER & ELDER LIMI    ALHAMBRA F6 8      BGC
 ,11/09/2015,20-53-30 30728691,603.2,DIRECTDEP,BAKER & ELDER LIMI    ALHAMBRA F1 16/18  BGC
 ,14/09/2015,20-53-30 30728691,556.8,DIRECTDEP,BAKER & ELDER LIMI    ALHAMBRA F23 4/6   BGC
 ,14/09/2015,20-53-30 30728691,477.92,DIRECTDEP,BAKER & ELDER LIMI    ALHAMBRA F17 4/6   BGC
 ,14/09/2015,20-53-30 30728691,-140.07,DIRECTDEBIT,BHAM MIDSHIRES        389757/20000389757 DDR
 ,14/09/2015,20-53-30 30728691,-37.68,DIRECTDEBIT,FRIENDS LIFE          014033997          DDR
 ,14/09/2015,20-53-30 30728691,-62.98,DIRECTDEBIT,EE & T-MOBILE         Q20664165552390873 DDR
 ,14/09/2015,20-53-30 30728691,-44.99,DIRECTDEBIT,BT GROUP PLC          GB14092007-000012  DDR
 ,15/09/2015,20-53-30 30728691,324.8,DIRECTDEP,BAKER & ELDER LIMI    KINGSTON SHOP      BGC
 ,15/09/2015,20-53-30 30728691,464,DIRECTDEP,BAKER & ELDER LIMI    FAWCETT F2 169     BGC
 ,15/09/2015,20-53-30 30728691,464,DIRECTDEP,BAKER & ELDER LIMI    ALHAMBRA F6 16/18  BGC
 ,15/09/2015,20-53-30 30728691,464,DIRECTDEP,Baker & Elder Limi    ALHAMBRA F4 12/14  BGC
 ,15/09/2015,20-53-30 30728691,211.47,DIRECTDEP,Baker & Elder Limi    FAWCETT F3 169     BGC
 ,15/09/2015,20-53-30 30728691,-300,FT ,207409 40406538       MOBILE-CHANNEL     FT 
 ,15/09/2015,20-53-30 30728691,-186.11,DIRECTDEBIT,MORTGAGE EXPRESS      2008784100021441   DDR
 ,15/09/2015,20-53-30 30728691,-192.58,DIRECTDEBIT,MORTGAGE EXPRESS      2007664780021441   DDR
 ,15/09/2015,20-53-30 30728691,-192.58,DIRECTDEBIT,MORTGAGE EXPRESS      2007545340021441   DDR
 ,15/09/2015,20-53-30 30728691,-186.12,DIRECTDEBIT,MORTGAGE EXPRESS      2007544710021441   DDR
 ,15/09/2015,20-53-30 30728691,-186.09,DIRECTDEBIT,MORTGAGE EXPRESS      2007107670021441   DDR
 ,15/09/2015,20-53-30 30728691,-186.13,DIRECTDEBIT,MORTGAGE EXPRESS      2006332310021441   DDR
 ,15/09/2015,20-53-30 30728691,-186.11,DIRECTDEBIT,MORTGAGE EXPRESS      2005787290021441   DDR
 ,15/09/2015,20-53-30 30728691,-219.67,DIRECTDEBIT,PLATFORM FUNDING      01050228979115     DDR
 ,15/09/2015,20-53-30 30728691,-184.76,DIRECTDEBIT,PLATFORM FUNDING      01050228957685     DDR
 ,15/09/2015,20-53-30 30728691,-184.76,DIRECTDEBIT,PLATFORM FUNDING      01050228957650     DDR
 ,16/09/2015,20-53-30 30728691,417.6,DIRECTDEP,BAKER & ELDER LIMI    FRATTON F3 163     BGC
 ,16/09/2015,20-53-30 30728691,266,DIRECTDEP,BAKER & ELDER LIMI    ALHAMBRA F7 12/14  BGC
 ,16/09/2015,20-53-30 30728691,459.36,DIRECTDEP,BAKER & ELDER LIMI    ALHAMBRA F16 16/18 BGC
 ,16/09/2015,20-53-30 30728691,-14.67,DIRECTDEBIT,BHAM MIDSHIRES        557032/20010557032 DDR
 ,16/09/2015,20-53-30 30728691,-190.58,DIRECTDEBIT,BHAM MIDSHIRES        110676/20004110676 DDR
 ,18/09/2015,20-53-30 30728691,460.4,DIRECTDEP,BAKER & ELDER LIMI    LONDON F3 321      BGC
 ,18/09/2015,20-53-30 30728691,-145.06,DIRECTDEBIT,BHAM MIDSHIRES        649652/20003649652 DDR
 ,21/09/2015,20-53-30 30728691,366.56,DIRECTDEP,BAKER & ELDER LIMI    FRATTON F4 163     BGC
 ,21/09/2015,20-53-30 30728691,454.72,DIRECTDEP,BAKER & ELDER LIMI    ALHAMBRA F5 8      BGC
 ,21/09/2015,20-53-30 30728691,361.8,DIRECTDEP,BAKER & ELDER LIMI    ALHAMBRA F20 4/6   BGC
 ,22/09/2015,20-53-30 30728691,-183.94,DIRECTDEBIT,BHAM MIDSHIRES        882432/20007882432 DDR
 ,23/09/2015,20-53-30 30728691,697.74,DIRECTDEP,BAKER & ELDER LIMI    HAMPSHIRE 23B/C    BGC
 ,23/09/2015,20-53-30 30728691,464,DIRECTDEP,BAKER & ELDER LIMI    ALHAMBRA F3 16/18  BGC
 ,23/09/2015,20-53-30 30728691,464,DIRECTDEP,BAKER & ELDER LIMI    ALHAMBRA F16 12/14 BGC
 ,23/09/2015,20-53-30 30728691,928,DIRECTDEP,BAKER & ELDER LIMI    AHAM F10/F11 12/14 BGC
 ,23/09/2015,20-53-30 30728691,-164.91,PAYMENT,TESCO STORE 2105      ON 22 SEP          BCC
 ,23/09/2015,20-53-30 30728691,-47,DIRECTDEBIT,SKY DIGITAL           00620054164228     DDR
 ,25/09/2015,20-53-30 30728691,464,DIRECTDEP,BAKER & ELDER LIMI    LONDON F2 321      BGC
 ,25/09/2015,20-53-30 30728691,464,DIRECTDEP,BAKER & ELDER LIMI    LONDON F1 321      BGC
 ,25/09/2015,20-53-30 30728691,454.72,DIRECTDEP,BAKER & ELDER LIMI    ALHAMBRA F5 12/14  BGC
 ,25/09/2015,20-53-30 30728691,464,DIRECTDEP,BAKER & ELDER LIMI    ALHAMBRA F11 16/18 BGC
 ,25/09/2015,20-53-30 30728691,-500,FT ,207409 40406538       MOBILE-CHANNEL     FT 
 ,25/09/2015,20-53-30 30728691,-519.5,REPEATPMT,G& F VALENTINO        MTUCKER            STO
 ,28/09/2015,20-53-30 30728691,-1200,REPEATPMT,MR MATTHEW STUART     207409 40406538    STO
 ,28/09/2015,20-53-30 30728691,-33,DIRECTDEBIT,BOOTS REWARDSCHEME    A45028400000736    DDR
 ,29/09/2015,20-53-30 30728691,864,FT ,209254 13676978       MTUCKER PAYMENTS   FT 
 ,29/09/2015,20-53-30 30728691,464,DIRECTDEP,BAKER & ELDER LIMI    ALHAMBRA F3 12/14  BGC
 ,29/09/2015,20-53-30 30728691,-1200,FT ,209254 13676978       SERVICE CHARGE     FT 
 ,29/09/2015,20-53-30 30728691,-398.1,FT ,209254 13676978       INSURANCE B C D    FT 
 ,29/09/2015,20-53-30 30728691,-400,REPEATPMT,F VALENTINO           RENT               STO
 ,29/09/2015,20-53-30 30728691,-129.28,DIRECTDEBIT,BHAM MIDSHIRES        731371/20002731371 DDR
 ,30/09/2015,20-53-30 30728691,464,DIRECTDEP,BAKER & ELDER LIMI    LONDON F4 321      BGC
 ,30/09/2015,20-53-30 30728691,464,DIRECTDEP,BAKER & ELDER LIMI    ALHAMBRA F18 4/6   BGC
 ,30/09/2015,20-53-30 30728691,-190.28,DIRECTDEBIT,MORTGAGE TRUST        002197389 10194040 DDR
 ,30/09/2015,20-53-30 30728691,-195.57,DIRECTDEBIT,MORTGAGE TRUST        002186357 10194040 DDR
 ,30/09/2015,20-53-30 30728691,-195.57,DIRECTDEBIT,MORTGAGE TRUST        002186356 10194040 DDR
 ,30/09/2015,20-53-30 30728691,-195.57,DIRECTDEBIT,MORTGAGE TRUST        002186317 10194040 DDR
