Number,Date,Account,Amount,Subcategory,Memo,
 ,01/09/2016,20-53-30 30728691,928,DIRECTDEP,BAKER & ELDER LIMI    LONDON F4 321      BGC,
 ,01/09/2016,20-53-30 30728691,468.64,DIRECTDEP,BAKER & ELDER LIMI    ALHAM F8 8         BGC,
 ,01/09/2016,20-53-30 30728691,464,DIRECTDEP,BAKER & ELDER LIMI    ALHAM F18 4/6      BGC,
 ,01/09/2016,20-53-30 30728691,482.56,DIRECTDEP,Baker & Elder Limi    ALHAM F21 4/6      BGC,
 ,01/09/2016,20-53-30 30728691,459.36,DIRECTDEP,Baker & Elder Limi    ALHAM F16 16/18    BGC,
 ,01/09/2016,20-53-30 30728691,247.04,DIRECTDEP,Baker & Elder Limi    ALHAMBRA F3 16/18  BGC,
 ,01/09/2016,20-53-30 30728691,-465,REPEATPMT,ALHAMBRA ROAD MANA    209254 83672832    STO,
 ,01/09/2016,20-53-30 30728691,-320,REPEATPMT,ALHAMBRA ROAD MANA    209254 13686035    STO,
 ,01/09/2016,20-53-30 30728691,-315,REPEATPMT,ALHAMBRA ROAD MANA    209254 23534332    STO,
 ,01/09/2016,20-53-30 30728691,-196.79,REPEATPMT,M TUCKER              KINGSTON SHOP      STO,
 ,01/09/2016,20-53-30 30728691,-50,REPEATPMT,NATIONWIDE            0604/229172770     STO,
 ,01/09/2016,20-53-30 30728691,-50,REPEATPMT,23 HAMPSHIRE TERRA    209254 13676978    STO,
 ,01/09/2016,20-53-30 30728691,-496.98,DIRECTDEBIT,NRAM                  24935234           DDR,
 ,01/09/2016,20-53-30 30728691,-165.45,DIRECTDEBIT,MORTGAGE EXPRESS      2007093270021793   DDR,
 ,01/09/2016,20-53-30 30728691,-9,DIRECTDEBIT,SOUTHERN ELECTRIC     141011701          DDR,
 ,01/09/2016,20-53-30 30728691,-200.74,DIRECTDEBIT,PLATFORM FUNDING      01050230313307     DDR,
 ,01/09/2016,20-53-30 30728691,-217.96,DIRECTDEBIT,PLATFORM FUNDING      01050229961090     DDR,
 ,01/09/2016,20-53-30 30728691,-217.96,DIRECTDEBIT,PLATFORM FUNDING      01050229961082     DDR,
 ,01/09/2016,20-53-30 30728691,-219.74,DIRECTDEBIT,PLATFORM FUNDING      01050228964703     DDR,
 ,01/09/2016,20-53-30 30728691,-57.18,DIRECTDEBIT,EE & T-MOBILE         Q13077400646509860 DDR,
 ,01/09/2016,20-53-30 30728691,-348.23,DIRECTDEBIT,MORTGAGE EXPRESS      MEC00005/480016104 DDR,
 ,01/09/2016,20-53-30 30728691,-110,DIRECTDEBIT,CAPITAL HOME LOANS    CHL00002/907372200 DDR,
 ,01/09/2016,20-53-30 30728691,-110,DIRECTDEBIT,CAPITAL HOME LOANS    CHL00002/907371904 DDR,
 ,01/09/2016,20-53-30 30728691,-356.83,DIRECTDEBIT,AMBER HOMELOANS       AHG00001/480441702 DDR,
 ,02/09/2016,20-53-30 30728691,-37.95,DIRECTDEBIT,LEGAL & GEN MI C/L    011439921-5        DDR,
 ,05/09/2016,20-53-30 30728691,-75,REPEATPMT,KINGSTON UNITY        PL684048A VALENTNO STO,
 ,05/09/2016,20-53-30 30728691,-50,REPEATPMT,MATHEW TUCKER         MTUCKER            STO,
 ,05/09/2016,20-53-30 30728691,-203.37,DIRECTDEBIT,MORTGAGE EXPRESS      2016485220021797   DDR,
 ,05/09/2016,20-53-30 30728691,-167.33,DIRECTDEBIT,MORTGAGE EXPRESS      2016485130021797   DDR,
 ,05/09/2016,20-53-30 30728691,-189.14,DIRECTDEBIT,MORTGAGE EXPRESS      2016485040021797   DDR,
 ,05/09/2016,20-53-30 30728691,-208.78,DIRECTDEBIT,MORTGAGE EXPRESS      2007545250021797   DDR,
 ,05/09/2016,20-53-30 30728691,-201.56,DIRECTDEBIT,MORTGAGE EXPRESS      2007107760021797   DDR,
 ,05/09/2016,20-53-30 30728691,-165.54,DIRECTDEBIT,MORTGAGE EXPRESS      2007093450021797   DDR,
 ,05/09/2016,20-53-30 30728691,-201.41,DIRECTDEBIT,MORTGAGE EXPRESS      2007093360021797   DDR,
 ,05/09/2016,20-53-30 30728691,-165.44,DIRECTDEBIT,MORTGAGE EXPRESS      2006372640021797   DDR,
 ,05/09/2016,20-53-30 30728691,-127.6,DIRECTDEBIT,MORTGAGE EXPRESS      0019966240021797   DDR,
 ,05/09/2016,20-53-30 30728691,-141.63,DIRECTDEBIT,MORTGAGE EXPRESS      0018724700021797   DDR,
 ,05/09/2016,20-53-30 30728691,-141.66,DIRECTDEBIT,MORTGAGE EXPRESS      0017031550021797   DDR,
 ,05/09/2016,20-53-30 30728691,-135.4,DIRECTDEBIT,MORTGAGE EXPRESS      0016470530021797   DDR,
 ,05/09/2016,20-53-30 30728691,-129.29,DIRECTDEBIT,MORTGAGE EXPRESS      0015866140021797   DDR,
 ,05/09/2016,20-53-30 30728691,-75,DIRECTDEBIT,SHEPHERDS FS          PN026484A          DDR,
 ,06/09/2016,20-53-30 30728691,556.8,DIRECTDEP,Baker & Elder Limi    lONDON F3 321      BGC,
 ,06/09/2016,20-53-30 30728691,416.56,DIRECTDEP,Baker & Elder Limi    KINGSTON 196A      BGC,
 ,07/09/2016,20-53-30 30728691,-1366.2,DIRECTDEBIT,THE HARPUR TRUST      TUCKM8  BVALR8     DDR,
 ,07/09/2016,20-53-30 30728691,-1054.68,DIRECTDEBIT,THE HARPUR TRUST      TUCKMS  GVALS1     DDR,
 ,07/09/2016,20-53-30 30728691,-345.94,DIRECTDEBIT,THE HARPUR TRUST      TUCKM8  PVALA1        ,
 ,08/09/2016,20-53-30 30728691,538.24,DIRECTDEP,BAKER & ELDER LIMI    FAWCETT F1 171     BGC,
 ,08/09/2016,20-53-30 30728691,464,DIRECTDEP,BAKER & ELDER LIMI    ALHAM F14 12/14    BGC,
 ,08/09/2016,20-53-30 30728691,378.64,DIRECTDEP,BAKER & ELDER LIMI    ALHAMBRA F7 8      BGC,
 ,08/09/2016,20-53-30 30728691,386,DIRECTDEP,BAKER & ELDER LIMI    ALHAMBRA F22 4/6   BGC,
 ,08/09/2016,20-53-30 30728691,-218.68,DIRECTDEBIT,BHAM MIDSHIRES        020007900597/89565 DDR,
 ,09/09/2016,20-53-30 30728691,-19.95,DIRECTDEBIT,BHAM MIDSHIRES        556389/20010556389 DDR,
 ,12/09/2016,20-53-30 30728691,-300,FT ,207409 40406538       MOBILE-CHANNEL     FT ,
 ,12/09/2016,20-53-30 30728691,-140.07,DIRECTDEBIT,BHAM MIDSHIRES        389757/20000389757 DDR,
 ,12/09/2016,20-53-30 30728691,-82.61,DIRECTDEBIT,BHAM MIDSHIRES        309942/20009309942 DDR,
 ,12/09/2016,20-53-30 30728691,-37.68,DIRECTDEBIT,FRIENDS LIFE          014033997          DDR,
 ,12/09/2016,20-53-30 30728691,-49.47,DIRECTDEBIT,EE & T-MOBILE         Q20664165649485348 DDR,
 ,13/09/2016,20-53-30 30728691,464,DIRECTDEP,BAKER & ELDER LIMI    FAWCETT            BGC,F3 171
 ,13/09/2016,20-53-30 30728691,768.24,DIRECTDEP,BAKER & ELDER LIMI    ALHAMBRA           BGC,"F6 4-8, F3 12-14, F4 12-14"
 ,14/09/2016,20-53-30 30728691,464,DIRECTDEP,BAKER & ELDER LIMI    FAWCETT 169 F2     BGC,
 ,14/09/2016,20-53-30 30728691,1034.72,DIRECTDEP,BAKER & ELDER LIMI    ALH 4/6 F23 F17    BGC,
 ,14/09/2016,20-53-30 30728691,464,DIRECTDEP,BAKER & ELDER LIMI    ALH 16/18 F6       BGC,
 ,14/09/2016,20-53-30 30728691,603.2,DIRECTDEP,BAKER & ELDER LIMI    ALH 16/18 F1       BGC,
 ,14/09/2016,20-53-30 30728691,-51.49,DIRECTDEBIT,BT GROUP PLC          GB14092007-000024  DDR,
 ,15/09/2016,20-53-30 30728691,-250,OTH,PREM NO/PR            RTB CUST REL 0     TFT,
 ,15/09/2016,20-53-30 30728691,-165.41,DIRECTDEBIT,MORTGAGE EXPRESS      2008784100021807   DDR,
 ,15/09/2016,20-53-30 30728691,-171.18,DIRECTDEBIT,MORTGAGE EXPRESS      2007664780021807   DDR,
 ,15/09/2016,20-53-30 30728691,-171.18,DIRECTDEBIT,MORTGAGE EXPRESS      2007545340021807   DDR,
 ,15/09/2016,20-53-30 30728691,-165.45,DIRECTDEBIT,MORTGAGE EXPRESS      2007544710021807   DDR,
 ,15/09/2016,20-53-30 30728691,-165.41,DIRECTDEBIT,MORTGAGE EXPRESS      2007107670021807   DDR,
 ,15/09/2016,20-53-30 30728691,-165.47,DIRECTDEBIT,MORTGAGE EXPRESS      2006332310021807   DDR,
 ,15/09/2016,20-53-30 30728691,-165.44,DIRECTDEBIT,MORTGAGE EXPRESS      2005787290021807   DDR,
 ,15/09/2016,20-53-30 30728691,-197.26,DIRECTDEBIT,PLATFORM FUNDING      01050228979115     DDR,
 ,15/09/2016,20-53-30 30728691,-165.91,DIRECTDEBIT,PLATFORM FUNDING      01050228957685     DDR,
 ,15/09/2016,20-53-30 30728691,-165.91,DIRECTDEBIT,PLATFORM FUNDING      01050228957650     DDR,
 ,16/09/2016,20-53-30 30728691,-1000,PAYMENT,MATHEW TUCKER         MTUCKER            BBP,
 ,16/09/2016,20-53-30 30728691,-14.67,DIRECTDEBIT,BHAM MIDSHIRES        557032/20010557032 DDR,
 ,16/09/2016,20-53-30 30728691,-190.58,DIRECTDEBIT,BHAM MIDSHIRES        110676/20004110676 DDR,
 ,19/09/2016,20-53-30 30728691,580,DIRECTDEP,BAKER & ELDER LIMI    KINGSTON FFF 196   BGC,
 ,19/09/2016,20-53-30 30728691,417.6,DIRECTDEP,BAKER & ELDER LIMI    FRATTON 163 F3     BGC,
 ,19/09/2016,20-53-30 30728691,464,DIRECTDEP,BAKER & ELDER LIMI    FAWCETT 169 F3     BGC,
 ,19/09/2016,20-53-30 30728691,468.64,DIRECTDEP,BAKER & ELDER LIMI    ALH 8 - F5         BGC,
 ,19/09/2016,20-53-30 30728691,464,DIRECTDEP,BAKER & ELDER LIMI    ALH 12/14 F7       BGC,
 ,19/09/2016,20-53-30 30728691,-145.06,DIRECTDEBIT,BHAM MIDSHIRES        649652/20003649652 DDR,
 ,20/09/2016,20-53-30 30728691,612.48,DIRECTDEP,Baker & Elder Limi    HAMP TER 23C       BGC,
 ,20/09/2016,20-53-30 30728691,328.64,DIRECTDEP,Baker & Elder Limi    FRATTON F2 163     BGC,
 ,21/09/2016,20-53-30 30728691,-300,FT ,207409 40406538       MOBILE-CHANNEL     FT ,
 ,21/09/2016,20-53-30 30728691,-50,DIRECTDEBIT,SKY DIGITAL           00620054164228     DDR,
 ,22/09/2016,20-53-30 30728691,366.56,DIRECTDEP,BAKER & ELDER LIMI    FRATTON F4 163     BGC,
 ,22/09/2016,20-53-30 30728691,160.64,DIRECTDEP,BAKER & ELDER LIMI    ALHAMBRA F12 16/18 BGC,
 ,22/09/2016,20-53-30 30728691,-500,OTH,PREM NO/PR            SUNDERLAND CC      TFT,
 ,22/09/2016,20-53-30 30728691,-183.94,DIRECTDEBIT,BHAM MIDSHIRES        882432/20007882432 DDR,
 ,26/09/2016,20-53-30 30728691,464,DIRECTDEP,BAKER & ELDER LIMI    ALHAM F3 16/18     BGC,
 ,26/09/2016,20-53-30 30728691,464,DIRECTDEP,BAKER & ELDER LIMI    ALHAM F16 12/14    BGC,
 ,26/09/2016,20-53-30 30728691,464,DIRECTDEP,BAKER & ELDER LIMI    ALHAM F13 16/18    BGC,
 ,26/09/2016,20-53-30 30728691,264.04,DIRECTDEP,BAKER & ELDER LIMI    ALHAM F11 12/14    BGC,
 ,26/09/2016,20-53-30 30728691,464,DIRECTDEP,BAKER & ELDER LIMI    ALHAM F10 12/14    BGC,
 ,26/09/2016,20-53-30 30728691,-200,OTH,PREM NO/PR            1 CHURCHILL PLACE  TFT,
 ,26/09/2016,20-53-30 30728691,-519.5,REPEATPMT,G& F VALENTINO        MTUCKER            STO,
 ,27/09/2016,20-53-30 30728691,464,DIRECTDEP,BAKER & ELDER LIMI    LONDON F2 321      BGC,
 ,27/09/2016,20-53-30 30728691,464,DIRECTDEP,BAKER & ELDER LIMI    LONDON F1 321      BGC,
 ,27/09/2016,20-53-30 30728691,464,DIRECTDEP,BAKER & ELDER LIMI    FAWCETT F2 171     BGC,
 ,27/09/2016,20-53-30 30728691,468.64,DIRECTDEP,BAKER & ELDER LIMI    FAWCERR F1 169     BGC,
 ,27/09/2016,20-53-30 30728691,454.72,DIRECTDEP,BAKER & ELDER LIMI    ALHAM F5 12/14     BGC,
 ,27/09/2016,20-53-30 30728691,464,DIRECTDEP,BAKER & ELDER LIMI    ALHAM F11 16/18    BGC,
 ,27/09/2016,20-53-30 30728691,-1200,REPEATPMT,MR MATTHEW STUART     207409 40406538    STO,
 ,28/09/2016,20-53-30 30728691,566.08,DIRECTDEP,BAKER & ELDER LIMI    ALHAM F19 4/6      BGC,
 ,28/09/2016,20-53-30 30728691,612.48,DIRECTDEP,Baker & Elder Limi    HAMP TERR 23B      BGC,
 ,28/09/2016,20-53-30 30728691,-33,DIRECTDEBIT,BOOTS REWARDSCHEME    A45028400000736    DDR,
 ,29/09/2016,20-53-30 30728691,464,DIRECTDEP,BAKER & ELDER LIMI    LONDON F4 321      BGC,
 ,29/09/2016,20-53-30 30728691,468.64,DIRECTDEP,BAKER & ELDER LIMI    ALHAM F8 8         BGC,
 ,29/09/2016,20-53-30 30728691,359,DIRECTDEP,BAKER & ELDER LIMI    ALHAM F18 4/6      BGC,
 ,29/09/2016,20-53-30 30728691,-400,REPEATPMT,F VALENTINO           RENT               STO,
 ,29/09/2016,20-53-30 30728691,-129.28,DIRECTDEBIT,BHAM MIDSHIRES        731371/20002731371 DDR,
 ,30/09/2016,20-53-30 30728691,-174.38,DIRECTDEBIT,MORTGAGE TRUST        002197389 10197700 DDR,
 ,30/09/2016,20-53-30 30728691,-180.8,DIRECTDEBIT,MORTGAGE TRUST        002186357 10197700 DDR,
 ,30/09/2016,20-53-30 30728691,-180.8,DIRECTDEBIT,MORTGAGE TRUST        002186356 10197700 DDR,
 ,30/09/2016,20-53-30 30728691,-180.8,DIRECTDEBIT,MORTGAGE TRUST        002186317 10197700 DDR,
