Number,Date,Account,Amount,Subcategory,Memo,
 ,02/09/2013,20-53-30 30728691,459.36,DIRECTDEP,BAKER & ELDER LIMI    FRATTON F2 163     BGC,
 ,02/09/2013,20-53-30 30728691,525,STO,STEPEK MP             FLAT 19 4/6 ALHAM  STO,
 ,02/09/2013,20-53-30 30728691,495,STO,MCCARDLE PM           21 4-6 ALHAMBRA RO STO,
 ,02/09/2013,20-53-30 30728691,-50,CASH,YCASH                 EVERYTHING EVERYWH    ,
 ,02/09/2013,20-53-30 30728691,-70,PAYMENT,WWW.NCP.CO.UK         REF 242 0000000000 BCC,
 ,02/09/2013,20-53-30 30728691,-67.63,PAYMENT,NEW COUNTY SERVICE    REF 245 0000000000 BCC,
 ,02/09/2013,20-53-30 30728691,-45.54,PAYMENT,Amazon *Mktplce EU    LUXEMBOURG            ,
 ,02/09/2013,20-53-30 30728691,-41.57,PAYMENT,TESCO PFS 5449        REF 242 0000000000 BCC,
 ,02/09/2013,20-53-30 30728691,-35.34,PAYMENT,GREEN MAN             REF 244 0000000000 BCC,
 ,02/09/2013,20-53-30 30728691,-25.48,PAYMENT,PAYPAL *POWERMYSEL    REF 242 0000000000 BCC,
 ,02/09/2013,20-53-30 30728691,-13.15,PAYMENT,CYCLE KING            REF 245 0000000000 BCC,
 ,02/09/2013,20-53-30 30728691,-13,PAYMENT,PAYPAL *COMPANIESH    REF 242 0000000000 BCC,
 ,02/09/2013,20-53-30 30728691,-324.97,REPEATPMT,VALENTINO I    0   STO,
 ,02/09/2013,20-53-30 30728691,-312.08,REPEATPMT,ALHAMBRA ROAD MANA    209254 83672832    STO,
 ,02/09/2013,20-53-30 30728691,-261.35,REPEATPMT,ALHAMBRA ROAD MANA    209254 13686035    STO,
 ,02/09/2013,20-53-30 30728691,-261.35,REPEATPMT,ALHAMBRA ROAD MANA    209254 23534332    STO,
 ,02/09/2013,20-53-30 30728691,-196.79,REPEATPMT,M TUCKER              KINGSTON SHOP      STO,
 ,02/09/2013,20-53-30 30728691,-167.06,REPEATPMT,ALHAMBRA ROAD MANA    209254 93543692    STO,
 ,02/09/2013,20-53-30 30728691,-50,REPEATPMT,NATIONWIDE            0604/229172770     STO,
 ,02/09/2013,20-53-30 30728691,-50,REPEATPMT,23 HAMPSHIRE TERRA    209254 13676978    STO,
 ,02/09/2013,20-53-30 30728691,-50,REPEATPMT,MATHEW TUCKER         MTUCKER            STO,
 ,02/09/2013,20-53-30 30728691,-38,DIRECTDEBIT,SOUTHERN ELECTRIC     688276601          DDR,
 ,02/09/2013,20-53-30 30728691,-522.3,DIRECTDEBIT,NRAM                  24935234           DDR,
 ,02/09/2013,20-53-30 30728691,-186.14,DIRECTDEBIT,MORTGAGE EXPRESS      2007093270020698   DDR,
 ,02/09/2013,20-53-30 30728691,-9,DIRECTDEBIT,SOUTHERN ELECTRIC     141011701          DDR,
 ,02/09/2013,20-53-30 30728691,-263.8,DIRECTDEBIT,BHAM MIDSHIRES        020003973492/74851 DDR,
 ,02/09/2013,20-53-30 30728691,-200.74,DIRECTDEBIT,PLATFORM FUNDING      01050230313307     DDR,
 ,02/09/2013,20-53-30 30728691,-217.96,DIRECTDEBIT,PLATFORM FUNDING      01050229961090     DDR,
 ,02/09/2013,20-53-30 30728691,-217.96,DIRECTDEBIT,PLATFORM FUNDING      01050229961082     DDR,
 ,02/09/2013,20-53-30 30728691,-219.74,DIRECTDEBIT,PLATFORM FUNDING      01050228964703     DDR,
 ,02/09/2013,20-53-30 30728691,-367.26,DIRECTDEBIT,MORTGAGE EXPRESS      MEC00005/480016104 DDR,
 ,02/09/2013,20-53-30 30728691,-110,DIRECTDEBIT,AUBURN SEC 6          CHL00002/907372200 DDR,
 ,02/09/2013,20-53-30 30728691,-110,DIRECTDEBIT,AUBURN SEC 6          CHL00002/907371904 DDR,
 ,02/09/2013,20-53-30 30728691,-375.68,DIRECTDEBIT,AMBER HOMELOANS       AHG00001/480441702 DDR,
 ,03/09/2013,20-53-30 30728691,556.8,DIRECTDEP,Baker & Elder Limi    HAMPSHIRE TERR     BGC,
 ,03/09/2013,20-53-30 30728691,-22.53,PAYMENT,BP BEDFORD EXPRESS    REF 244 0000000000 BCC,
 ,03/09/2013,20-53-30 30728691,-228.81,DIRECTDEBIT,MORTGAGE EXPRESS      2016485220020699   DDR,
 ,03/09/2013,20-53-30 30728691,-187.95,DIRECTDEBIT,MORTGAGE EXPRESS      2016485130020699   DDR,
 ,03/09/2013,20-53-30 30728691,-212.45,DIRECTDEBIT,MORTGAGE EXPRESS      2016485040020699   DDR,
 ,03/09/2013,20-53-30 30728691,-234.85,DIRECTDEBIT,MORTGAGE EXPRESS      2007545250020699   DDR,
 ,03/09/2013,20-53-30 30728691,-226.76,DIRECTDEBIT,MORTGAGE EXPRESS      2007107760020699   DDR,
 ,03/09/2013,20-53-30 30728691,-186.23,DIRECTDEBIT,MORTGAGE EXPRESS      2007093450020699   DDR,
 ,03/09/2013,20-53-30 30728691,-226.6,DIRECTDEBIT,MORTGAGE EXPRESS      2007093360020699   DDR,
 ,03/09/2013,20-53-30 30728691,-186.1,DIRECTDEBIT,MORTGAGE EXPRESS      2006372640020699   DDR,
 ,03/09/2013,20-53-30 30728691,-143.54,DIRECTDEBIT,MORTGAGE EXPRESS      0019966240020699   DDR,
 ,03/09/2013,20-53-30 30728691,-159.32,DIRECTDEBIT,MORTGAGE EXPRESS      0018724700020699   DDR,
 ,03/09/2013,20-53-30 30728691,-159.35,DIRECTDEBIT,MORTGAGE EXPRESS      0017031550020699   DDR,
 ,03/09/2013,20-53-30 30728691,-152.33,DIRECTDEBIT,MORTGAGE EXPRESS      0016470530020699   DDR,
 ,03/09/2013,20-53-30 30728691,-145.46,DIRECTDEBIT,MORTGAGE EXPRESS      0015866140020699   DDR,
 ,04/09/2013,20-53-30 30728691,464,DIRECTDEP,BAKER & ELDER LIMI    ALHAMBRA F13 16/18 BGC,
 ,04/09/2013,20-53-30 30728691,-75,REPEATPMT,KINGSTON UNITY        PL684048A VALENTNO STO,
 ,04/09/2013,20-53-30 30728691,-1002.84,DIRECTDEBIT,THE BEDFORD CHARIT    TUCKM /PVALS       DDR,
 ,04/09/2013,20-53-30 30728691,-75,DIRECTDEBIT,SHEPHERDS FS          PN026484A          DDR,
 ,05/09/2013,20-53-30 30728691,-8.63,PAYMENT,OneHourTranslation    CYPRUS                ,
 ,05/09/2013,20-53-30 30728691,-7.19,PAYMENT,OneHourTranslation    CYPRUS                ,
 ,05/09/2013,20-53-30 30728691,-81.51,DIRECTDEBIT,BHAM MIDSHIRES        251387/20011251387 DDR,
 ,06/09/2013,20-53-30 30728691,425,STO,NWOSU O          C    FLAT 7 8 ALHAMBRA  STO,
 ,09/09/2013,20-53-30 30728691,399,DIRECTDEP,BAKER & ELDER LIMI    ALHAMBRA F11 12/14 BGC,
 ,09/09/2013,20-53-30 30728691,556.8,DIRECTDEP,Baker & Elder Limi    KINGSTON 196B      BGC,
 ,09/09/2013,20-53-30 30728691,-30,CASH,HSBC                  401002BP BEDFORD B    ,
 ,09/09/2013,20-53-30 30728691,-67.99,PAYMENT,NEW COUNTY SERVICE    REF 252 0000000000 BCC,
 ,09/09/2013,20-53-30 30728691,-0.9,PAYMENT,Amazon Web Service    USA                   ,
 ,09/09/2013,20-53-30 30728691,-19.95,DIRECTDEBIT,BHAM MIDSHIRES        556389/20010556389 DDR,
 ,09/09/2013,20-53-30 30728691,-218.68,DIRECTDEBIT,BHAM MIDSHIRES        020007900597/89565 DDR,
 ,10/09/2013,20-53-30 30728691,475,STO,YACOUB B              17 4-6 ALHAMBRA RO STO,
 ,10/09/2013,20-53-30 30728691,538.24,DIRECTDEP,BAKER & ELDER LIMI    FAWCETT F1 171     BGC,
 ,10/09/2013,20-53-30 30728691,419,DIRECTDEP,BAKER & ELDER LIMI    ALHAMBRA F14 12/14 BGC,
 ,10/09/2013,20-53-30 30728691,-75.39,PAYMENT,NEW COUNTY SERVICE    REF 252 0000000000 BCC,
 ,10/09/2013,20-53-30 30728691,-47.99,PAYMENT,BP BEDFORD EXPRESS    REF 251 0000000000 BCC,
 ,10/09/2013,20-53-30 30728691,-5,PAYMENT,EE LIMITED 4100       REF 252 0000000000 BCC,
 ,10/09/2013,20-53-30 30728691,-82.61,DIRECTDEBIT,BHAM MIDSHIRES        309942/20009309942 DDR,
 ,11/09/2013,20-53-30 30728691,426.88,DIRECTDEP,BAKER & ELDER LIMI    KINGSTON 196A      BGC,
 ,11/09/2013,20-53-30 30728691,379,DIRECTDEP,BAKER & ELDER LIMI    ALHAMBRA F7 16/18  BGC,
 ,11/09/2013,20-53-30 30728691,464,DIRECTDEP,BAKER & ELDER LIMI    ALHAMBRA F22 4/6   BGC,
 ,11/09/2013,20-53-30 30728691,464,DIRECTDEP,BAKER & ELDER LIMI    ALHAMBRA F16 12/14 BGC,
 ,11/09/2013,20-53-30 30728691,-1.6,PAYMENT,ELIOR@EE              REF 253 0000000000 CLP,
 ,11/09/2013,20-53-30 30728691,-30,CASH,YCASH                 EVERYTHING EVERYWH    ,
 ,12/09/2013,20-53-30 30728691,37.68,OTH,FRIENDS LIFE DD       014033997/593      UNP,
 ,12/09/2013,20-53-30 30728691,278.4,DIRECTDEP,BAKER & ELDER LIMI    KINGSTON SHOP      BGC,
 ,12/09/2013,20-53-30 30728691,445.44,DIRECTDEP,BAKER & ELDER LIMI    FAWCETT F2 169     BGC,
 ,12/09/2013,20-53-30 30728691,464,DIRECTDEP,BAKER & ELDER LIMI    ALHAMBRA F6 16/18  BGC,
 ,12/09/2013,20-53-30 30728691,459.36,DIRECTDEP,BAKER & ELDER LIMI    ALHAMBRA F16 16/18 BGC,
 ,12/09/2013,20-53-30 30728691,-3.15,PAYMENT,ELIOR@EE              REF 254 0000000000 CLP,
 ,12/09/2013,20-53-30 30728691,-0.95,PAYMENT,ELIOR@EE              REF 254 0000000000 CLP,
 ,12/09/2013,20-53-30 30728691,-0.8,PAYMENT,ELIOR@EE              REF 254 0000000000 CLP,
 ,12/09/2013,20-53-30 30728691,-7.85,PAYMENT,THE HIGHLANDS PHAR    REF 254 0000000000 BCC,
 ,12/09/2013,20-53-30 30728691,-3.09,PAYMENT,CLOPHILL P O & STO    REF 254 0000000000 BCC,
 ,12/09/2013,20-53-30 30728691,-140.07,DIRECTDEBIT,BHAM MIDSHIRES        389757/20000389757 DDR,
 ,12/09/2013,20-53-30 30728691,-37.68,DIRECTDEBIT,FRIENDS LIFE DD       014033997/593      DDR,
 ,13/09/2013,20-53-30 30728691,417.6,DIRECTDEP,BAKER & ELDER LIMI    FRATTON F3 163     BGC,
 ,13/09/2013,20-53-30 30728691,464,DIRECTDEP,BAKER & ELDER LIMI    FAWCETT F2 171     BGC,
 ,16/09/2013,20-53-30 30728691,-100.35,PAYMENT,BOOTS,MILTON          REF 258 0000000000 BCC
 ,16/09/2013,20-53-30 30728691,-39,PAYMENT,GIRAFFE CONCEPTS      REF 258 0000000000 BCC,
 ,16/09/2013,20-53-30 30728691,-37.46,PAYMENT,HOMEBASE LTD 854      REF 259 0000000000 BCC,
 ,16/09/2013,20-53-30 30728691,-19.45,PAYMENT,JAPANESE KOI COMPA    REF 259 0000000000 BCC,
 ,16/09/2013,20-53-30 30728691,-13.57,PAYMENT,NEW COUNTY SERVICE    REF 256 0000000000 BCC,
 ,16/09/2013,20-53-30 30728691,-4.38,PAYMENT,MKC PAYBEPHONES PA    REF 258 0000000000 BCC,
 ,16/09/2013,20-53-30 30728691,-2.99,PAYMENT,NEW COUNTY SERVICE    REF 259 0000000000 BCC,
 ,16/09/2013,20-53-30 30728691,-14.67,DIRECTDEBIT,BHAM MIDSHIRES        557032/20010557032 DDR,
 ,16/09/2013,20-53-30 30728691,-186.11,DIRECTDEBIT,MORTGAGE EXPRESS      2008784100020712   DDR,
 ,16/09/2013,20-53-30 30728691,-192.58,DIRECTDEBIT,MORTGAGE EXPRESS      2007664780020712   DDR,
 ,16/09/2013,20-53-30 30728691,-192.58,DIRECTDEBIT,MORTGAGE EXPRESS      2007545340020712   DDR,
 ,16/09/2013,20-53-30 30728691,-186.12,DIRECTDEBIT,MORTGAGE EXPRESS      2007544710020712   DDR,
 ,16/09/2013,20-53-30 30728691,-186.09,DIRECTDEBIT,MORTGAGE EXPRESS      2007107670020712   DDR,
 ,16/09/2013,20-53-30 30728691,-186.13,DIRECTDEBIT,MORTGAGE EXPRESS      2006332310020712   DDR,
 ,16/09/2013,20-53-30 30728691,-186.11,DIRECTDEBIT,MORTGAGE EXPRESS      2005787290020712   DDR,
 ,16/09/2013,20-53-30 30728691,-190.58,DIRECTDEBIT,BHAM MIDSHIRES        110676/20004110676 DDR,
 ,16/09/2013,20-53-30 30728691,-219.67,DIRECTDEBIT,PLATFORM FUNDING      01050228979115     DDR,
 ,16/09/2013,20-53-30 30728691,-184.76,DIRECTDEBIT,PLATFORM FUNDING      01050228957685     DDR,
 ,16/09/2013,20-53-30 30728691,-184.76,DIRECTDEBIT,PLATFORM FUNDING      01050228957650     DDR,
 ,17/09/2013,20-53-30 30728691,464,DIRECTDEP,BAKER & ELDER LIMI    FAWCETT F3 169     BGC,
 ,17/09/2013,20-53-30 30728691,-50,CASH,YCASH                 EVERYTHING EVERYWH    ,
 ,17/09/2013,20-53-30 30728691,-23,PAYMENT,PRESSED 4 TIME IRO    REF 257 0000000000 BCC,
 ,17/09/2013,20-53-30 30728691,-99,DIRECTDEBIT,MBFIN  S0CX56VSP02    S0CX56VSP025619073 DDR,
 ,18/09/2013,20-53-30 30728691,366.56,DIRECTDEP,BAKER & ELDER LIMI    FRATTON F4 163     BGC,
 ,18/09/2013,20-53-30 30728691,454.72,DIRECTDEP,BAKER & ELDER LIMI    ALHAMBRA F5 8/10   BGC,
 ,18/09/2013,20-53-30 30728691,-145.06,DIRECTDEBIT,BHAM MIDSHIRES        649652/20003649652 DDR,
 ,19/09/2013,20-53-30 30728691,396.54,DIRECTDEP,BAKER & ELDER LIMI    FAWCETT F1 169     BGC,
 ,19/09/2013,20-53-30 30728691,-50,CASH,YCASH                 EVERYTHING EVERYWH    ,
 ,19/09/2013,20-53-30 30728691,-67.85,PAYMENT,SHELL BALDOCK         REF 261 0000000000 BCC,
 ,20/09/2013,20-53-30 30728691,379.06,DIRECTDEP,BAKER & ELDER LIMI    ALHAMBRA F3 16/18  BGC,
 ,20/09/2013,20-53-30 30728691,464,DIRECTDEP,BAKER & ELDER LIMI    ALHAMBRA F12 16/18 BGC,
 ,20/09/2013,20-53-30 30728691,464,DIRECTDEP,BAKER & ELDER LIMI    ALHAMBRA F10 12/14 BGC,
 ,23/09/2013,20-53-30 30728691,464,DIRECTDEP,BAKER & ELDER LIMI    LONDON RD F2 321   BGC,
 ,23/09/2013,20-53-30 30728691,216.41,DIRECTDEP,BAKER & ELDER LIMI    LONDON RD F1321    BGC,
 ,23/09/2013,20-53-30 30728691,414.72,DIRECTDEP,BAKER & ELDER LIMI    ALHAMBRA F5 12/14  BGC,
 ,23/09/2013,20-53-30 30728691,464,DIRECTDEP,BAKER & ELDER LIMI    ALHAMBRA F11 16/18 BGC,
 ,23/09/2013,20-53-30 30728691,519.68,DIRECTDEP,Baker & Elder Limi    ALHAMBRA F20 4/6   BGC,
 ,23/09/2013,20-53-30 30728691,-945.84,FT ,207409 40406538    FT ,
 ,23/09/2013,20-53-30 30728691,-159.9,PAYMENT,BLINDS 2 GO LTD       REF 263 0000000000 BCC,
 ,23/09/2013,20-53-30 30728691,-64.2,PAYMENT,SHELL BALDOCK         REF 265 0000000000 BCC,
 ,23/09/2013,20-53-30 30728691,-30.04,PAYMENT,ADVENTURE ISLAND      REF 265 0000000000 BCC,
 ,23/09/2013,20-53-30 30728691,-25.29,PAYMENT,M&S SIMPLY FOOD       REF 265 0000000000 BCC,
 ,23/09/2013,20-53-30 30728691,-17.89,PAYMENT,M&S SIMPLY FOOD       REF 263 0000000000 BCC,
 ,23/09/2013,20-53-30 30728691,-10.2,PAYMENT,ADVENTURE ISLAND      REF 265 0000000000 BCC,
 ,23/09/2013,20-53-30 30728691,-8.5,PAYMENT,ADVENTURE ISLAND      REF 265 0000000000 BCC,
 ,23/09/2013,20-53-30 30728691,-4.6,PAYMENT,APCOA -OFF STREET     REF 265 0000000000 BCC,
 ,23/09/2013,20-53-30 30728691,-183.94,DIRECTDEBIT,BHAM MIDSHIRES        882432/20007882432 DDR,
 ,23/09/2013,20-53-30 30728691,-106.44,DIRECTDEBIT,HITACHI CAPITAL CO    023217445/36       DDR,
 ,23/09/2013,20-53-30 30728691,-43,DIRECTDEBIT,SKY DIGITAL           00620054164228        ,
 ,24/09/2013,20-53-30 30728691,377.02,DIRECTDEP,BAKER & ELDER LIMI    ALHAMBRA F4 12/14  BGC,
 ,24/09/2013,20-53-30 30728691,519.68,DIRECTDEP,BAKER & ELDER LIMI    ALHAMBRA F1 16/18  BGC,
 ,25/09/2013,20-53-30 30728691,1446.78,DIRECTDEP,GBP CLIENT MONEY      PROSPREADS         BGC,
 ,25/09/2013,20-53-30 30728691,-19.39,PAYMENT,WWW.CARTRIDGESAVE.    REF 267 0000000000 BCC,
 ,25/09/2013,20-53-30 30728691,-519.5,REPEATPMT,G& F VALENTINO        MTUCKER            STO,
 ,26/09/2013,20-53-30 30728691,464,DIRECTDEP,BAKER & ELDER LIMI    ALHAMBRA F 312/14  BGC,
 ,26/09/2013,20-53-30 30728691,-2.25,PAYMENT,ELIOR@EE              REF 268 0000000000 CLP,
 ,26/09/2013,20-53-30 30728691,-19.45,PAYMENT,Amazon EU             LUXEMBOURG            ,
 ,27/09/2013,20-53-30 30728691,510.4,DIRECTDEP,BAKER & ELDER LIMI    LONDON F3 321      BGC,
 ,27/09/2013,20-53-30 30728691,464,DIRECTDEP,BAKER & ELDER LIMI    FAWCETT F3 171     BGC,
 ,27/09/2013,20-53-30 30728691,464,DIRECTDEP,BAKER & ELDER LIMI    ALHAMBRA F6 8      BGC,
 ,27/09/2013,20-53-30 30728691,464,DIRECTDEP,BAKER & ELDER LIMI    ALHAMBRA F18 4/6   BGC,
 ,27/09/2013,20-53-30 30728691,464,DIRECTDEP,Baker & Elder Limi    ALHAMBRA F8 8      BGC,
 ,27/09/2013,20-53-30 30728691,464,STO,BAKER & ELDER LIMI    LONDON RD F4 321   STO,
 ,27/09/2013,20-53-30 30728691,-2.25,PAYMENT,ELIOR@EE              REF 269 0000000000 CLP,
 ,27/09/2013,20-53-30 30728691,-50,CASH,YCASH                 EVERYTHING EVERYWH    ,
 ,27/09/2013,20-53-30 30728691,-1200,REPEATPMT,MR MATTHEW STUART     207409 40406538    STO,
 ,27/09/2013,20-53-30 30728691,-26.45,DIRECTDEBIT,TALKTALK LIMITED      5008130512 4587404 DDR,
 ,27/09/2013,20-53-30 30728691,-37.68,DIRECTDEBIT,FRIENDS LIFE DD       014033997/604         ,
 ,30/09/2013,20-53-30 30728691,930,DIRECTDEP,FLORA MEENA           SEPTEMBERS RENT    BGC,
 ,30/09/2013,20-53-30 30728691,930,DIRECTDEP,C FISHER              23c rent           BGC,
 ,30/09/2013,20-53-30 30728691,-233.24,PAYMENT,TESCO STORE 2105      REF 272 0000000000 BCC,
 ,30/09/2013,20-53-30 30728691,-6.85,PAYMENT,SHUTTLEWORTH          REF 272 0000000000 BCC,
 ,30/09/2013,20-53-30 30728691,-400,REPEATPMT,F VALENTINO           RENT               STO,
 ,30/09/2013,20-53-30 30728691,-129.28,DIRECTDEBIT,BHAM MIDSHIRES        731371/20002731371 DDR,
 ,30/09/2013,20-53-30 30728691,-184.58,DIRECTDEBIT,MORTGAGE TRUST        002197389 10186740 DDR,
 ,30/09/2013,20-53-30 30728691,-190.26,DIRECTDEBIT,MORTGAGE TRUST        002186357 10186740 DDR,
 ,30/09/2013,20-53-30 30728691,-190.26,DIRECTDEBIT,MORTGAGE TRUST        002186356 10186740 DDR,
 ,30/09/2013,20-53-30 30728691,-190.26,DIRECTDEBIT,MORTGAGE TRUST        002186317 10186740 DDR,
