Date,tx_id,raw_row_id,import_batch_id,source_bank,source_account,posted_date,amount,currency,counterparty,reference,memo,type,balance,bank_txn_number,bank_category,bank_subcategory,effective_subcategory,match_text,description_x,parent_tx_id,is_superseded,property_code,category,subcategory,description_y,confidence,rule_id,rule_strength,needs_review,source
2026-04-01,709c48e82d1c3c3300d5b62d0eb59271646b82587a999b29e57180559c5a8f79,APR2026_BC_6045_APR2026.csv_1,APR2026,barclays,20-74-09 60458872,2026-04-01,-119.48,GBP,,,PIC RE ARGOS PET      PETAG934657920001 DDR,,,451019,,Direct Debit,Direct Debit,PIC RE ARGOS PET      PETAG934657920001 DDR,,,0,,RegularPayment,,,0.99,cat_regularpayment_27,strong,0,rule
2026-04-01,94952a86bb45ef929aec87fbc7f65dcc1b692c9a399bdd8581b7556d8b052f35,APR2026_BC_3072_APR2026.csv_1,APR2026,barclays,20-53-97 30728691,2026-04-01,-59.98,GBP,,,CONNEXIN              T35GBKW DDR,,,297041,,Direct Debit,Direct Debit,CONNEXIN              T35GBKW DDR,,,0,,RegularPayment,,,0.99,cat_regularpayment_27,strong,0,rule
2026-04-01,eea8a5ccdc5eb107a81a68a120c1e7c8f7867b78575dbd2c94758f9f2459fcb1,APR2026_BC_3072_APR2026.csv_2,APR2026,barclays,20-53-97 30728691,2026-04-01,-457.65,GBP,,,TOPAZ FIN JASPER      PRU00010/190859005 DD,,,169547,,Direct Debit,Direct Debit,TOPAZ FIN JASPER      PRU00010/190859005 DD,,,0,F31618ALH,Mortgage,,,0.99,prop_mort_F31618ALH_51,strong,0,rule
2026-04-01,6d505e40793d82f676fff1eed533131358c18efacc2a9b2eb3a5b5c68a012916,APR2026_BC_3072_APR2026.csv_3,APR2026,barclays,20-53-97 30728691,2026-04-01,-887.02,GBP,,,HESSONITE MORTGAGE    TND00001/631516204 DD,,,573997,,Direct Debit,Direct Debit,HESSONITE MORTGAGE    TND00001/631516204 DD,,,0,23CHAM,Mortgage,,,0.99,prop_mort_23CHAM_28,strong,0,rule
2026-04-01,831d61252240eb39833db2ec31aed10efb6b4bc29552af207280593246364852,APR2026_BC_3072_APR2026.csv_4,APR2026,barclays,20-53-97 30728691,2026-04-01,-513.07,GBP,,,TOPAZ RE ROSINCA      ROW20004/560470708 DD,,,169548,,Direct Debit,Direct Debit,TOPAZ RE ROSINCA      ROW20004/560470708 DD,,,0,F2346ALH,Mortgage,,,0.99,prop_mort_F2346ALH_60,strong,0,rule
2026-04-01,28fdaa2d89551ab8de2cdc191e80f4952bf42dc5b10376aebc466970a251d614,APR2026_BC_3072_APR2026.csv_5,APR2026,barclays,20-53-97 30728691,2026-04-01,-509.79,GBP,,,TOPAZ RE ROSINCA      ROW20004/560471701 DD,,,169548,,Direct Debit,Direct Debit,TOPAZ RE ROSINCA      ROW20004/560471701 DD,,,0,F2046ALH,Mortgage,,,0.99,prop_mort_F2046ALH_59,strong,0,rule
2026-04-01,aeaf2bbe862555037374e6380b33d15e8e48c41de1e4290b43e219b9fd158f19,APR2026_BC_3072_APR2026.csv_6,APR2026,barclays,20-53-97 30728691,2026-04-01,-508.92,GBP,,,TOPAZ RE ROSINCA      ROW20004/560471810 DD,,,169548,,Direct Debit,Direct Debit,TOPAZ RE ROSINCA      ROW20004/560471810 DD,,,0,F2246ALH,Mortgage,,,0.99,prop_mort_F2246ALH_58,strong,0,rule
2026-04-01,c2a8686f7642e1d8fa164aab81e5a0d70d10def81beabc399f9e9a237ea6cd6f,APR2026_BC_3072_APR2026.csv_7,APR2026,barclays,20-53-97 30728691,2026-04-01,-469.79,GBP,,,TOPAZ RE ROSINCA      ROW20004/560476808 DD,,,169548,,Direct Debit,Direct Debit,TOPAZ RE ROSINCA      ROW20004/560476808 DD,,,0,F61618ALH,Mortgage,,,0.99,prop_mort_F61618ALH_61,strong,0,rule
2026-04-01,3123cf81c3d907480eb7e5aefaabbbc783b6cee040a404a8d8c016c4187105b1,APR2026_BC_3072_APR2026.csv_8,APR2026,barclays,20-53-97 30728691,2026-04-01,-314.84,GBP,,,JASPER MORTGAGES      JAC00002/390255001 DD,,,457918,,Direct Debit,Direct Debit,JASPER MORTGAGES      JAC00002/390255001 DD,,,0,F3321LON,Mortgage,,,0.99,prop_mort_F3321LON_6,strong,0,rule
2026-04-01,4ce262deb8162f348e1b0cb975974b76b9539a98e6e2a406cf69c547b284a8bb,APR2026_BC_3072_APR2026.csv_9,APR2026,barclays,20-53-97 30728691,2026-04-01,-313.0,GBP,,,JASPER MORTGAGES      JAC00002/390255110 DD,,,457918,,Direct Debit,Direct Debit,JASPER MORTGAGES      JAC00002/390255110 DD,,,0,F2169FAW,Mortgage,,,0.99,prop_mort_F2169FAW_9,strong,0,rule
2026-04-01,6f76459a8ee3e8f6edf0c413f36f99be8a5a897c6a7ec172ea201d61323b4c6d,APR2026_BC_3072_APR2026.csv_10,APR2026,barclays,20-53-97 30728691,2026-04-01,-620.94,GBP,,,TOPAZ RE SIBERITE     SIB00001/480016104 DD,,,177794,,Direct Debit,Direct Debit,TOPAZ RE SIBERITE     SIB00001/480016104 DD,,,0,F2146ALH,Mortgage,,,0.99,prop_mort_F2146ALH_38,strong,0,rule
2026-04-02,de3c9dfc7e9b0f2126fa1f0b4a065170a502b840def76821fbc31b96ed5a6694,APR2026_BC_3072_APR2026.csv_12,APR2026,barclays,20-53-97 30728691,2026-04-02,-37.95,GBP,,,L&G INSURANCE MI      0114399215-260402 DDR,,,511148,,Direct Debit,Direct Debit,L&G INSURANCE MI      0114399215-260402 DDR,,,0,,RegularPayment,,,0.99,cat_regularpayment_27,strong,0,rule
2026-04-02,3d637a489b37145b7c376e7c5e197a118fc924b09eaf7914f2987d9f79b304db,APR2026_BC_4040_APR2026.csv_1,APR2026,barclays,20-74-09 40406538,2026-04-02,-34.44,GBP,,,PNET5304976-1         PNET5304976-1 DDR,,,948389,,Direct Debit,Direct Debit,PNET5304976-1         PNET5304976-1 DDR,,,0,,RegularPayment,,,0.99,cat_regularpayment_27,strong,0,rule
2026-04-07,560070df7d1cdd3a5e6027c3ee79a268468d852a9bbd84fbc9def3a5803ad211,APR2026_BC_6045_APR2026.csv_7,APR2026,barclays,20-74-09 60458872,2026-04-07,-10.0,GBP,,,SHEPHERDS FRIENDLY    PN026484A DDR,,,672783,,Direct Debit,Direct Debit,SHEPHERDS FRIENDLY    PN026484A DDR,,,0,,RegularPayment,,,0.99,cat_regularpayment_27,strong,0,rule
2026-04-07,3b2b75a1ea329d0f85587f16ed770881366fb03be51d97ff81841bcecc15365c,APR2026_BC_3072_APR2026.csv_14,APR2026,barclays,20-53-97 30728691,2026-04-07,-562.52,GBP,,,TOPAZ FIN JASPER      PRU00010/191462710 DD,,,169547,,Direct Debit,Direct Debit,TOPAZ FIN JASPER      PRU00010/191462710 DD,,,0,F3171FAW,Mortgage,,,0.99,prop_mort_F3171FAW_16,strong,0,rule
2026-04-07,371088751214cdda72e3e9e3bfcc2e9b97a69323527b9eecec3107bf79e3e319,APR2026_BC_3072_APR2026.csv_15,APR2026,barclays,20-53-97 30728691,2026-04-07,-357.62,GBP,,,TOPAZ FIN ROSINCA     BLA00010/130654303 DD,,,169548,,Direct Debit,Direct Debit,TOPAZ FIN ROSINCA     BLA00010/130654303 DD,,,0,F3163FRA,Mortgage,,,0.99,prop_mort_F3163FRA_18,strong,0,rule
2026-04-07,188e847c0a8eaf82a68f6b02655e9ad22b381aa8748090696bffd5b6d7caea09,APR2026_BC_3072_APR2026.csv_16,APR2026,barclays,20-53-97 30728691,2026-04-07,-391.84,GBP,,,TOPAZ FIN ROSINCA     BLA00010/131188407 DD,,,169548,,Direct Debit,Direct Debit,TOPAZ FIN ROSINCA     BLA00010/131188407 DD,,,0,F4321LON,Mortgage,,,0.99,prop_mort_F4321LON_7,strong,0,rule
2026-04-07,fadf66b7614a76eb6c879fc860d20030ba4b059b27893f9fea8b4fe654048e34,APR2026_BC_3072_APR2026.csv_17,APR2026,barclays,20-53-97 30728691,2026-04-07,-391.76,GBP,,,TOPAZ FIN ROSINCA     BLA00010/131992707 DD,,,169548,,Direct Debit,Direct Debit,TOPAZ FIN ROSINCA     BLA00010/131992707 DD,,,0,F1321LON,Mortgage,,,0.99,prop_mort_F1321LON_1,strong,0,rule
2026-04-07,91fe6c69b47556d74b7686b03a98d689f6782ac198dadbf959ad664f87aa954d,APR2026_BC_3072_APR2026.csv_18,APR2026,barclays,20-53-97 30728691,2026-04-07,-352.97,GBP,,,TOPAZ FIN ROSINCA     BLA00010/132514207 DD,,,169548,,Direct Debit,Direct Debit,TOPAZ FIN ROSINCA     BLA00010/132514207 DD,,,0,F1169FAW,Mortgage,,,0.99,prop_mort_F1169FAW_8,strong,0,rule
2026-04-07,d03dde804d39898212091363d81b68f706436a6104bd80ba0a089cbb0cd8f944,APR2026_BC_3072_APR2026.csv_19,APR2026,barclays,20-53-97 30728691,2026-04-07,-457.61,GBP,,,TOPAZ FIN ROSINCA     BLA00010/134121904 DD,,,169548,,Direct Debit,Direct Debit,TOPAZ FIN ROSINCA     BLA00010/134121904 DD,,,0,F111214ALH,Mortgage,,,0.99,prop_mort_F111214ALH_46,strong,0,rule
2026-04-07,5c7c643c95099687318707c48b57d88bfc0af62a342b53cc81ba14df7d5162c9,APR2026_BC_3072_APR2026.csv_20,APR2026,barclays,20-53-97 30728691,2026-04-07,-557.12,GBP,,,TOPAZ FIN ROSINCA     BLA00010/134332909 DD,,,169548,,Direct Debit,Direct Debit,TOPAZ FIN ROSINCA     BLA00010/134332909 DD,,,0,F11618ALH,Mortgage,,,0.99,prop_mort_F11618ALH_50,strong,0,rule
2026-04-07,a7b2d3399c9f61b5c60d8e402445658c00a0008c6d4d5daa6bd2d85b446c9d7b,APR2026_BC_3072_APR2026.csv_21,APR2026,barclays,20-53-97 30728691,2026-04-07,-457.88,GBP,,,TOPAZ FIN ROSINCA     BLA00010/134333009 DD,,,169548,,Direct Debit,Direct Debit,TOPAZ FIN ROSINCA     BLA00010/134333009 DD,,,0,F111618ALH,Mortgage,,,0.99,prop_mort_F111618ALH_54,strong,0,rule
2026-04-07,60237eff7a8bfa88860f99941015306c63f610e73a153a8d36e683d59700911e,APR2026_BC_3072_APR2026.csv_22,APR2026,barclays,20-53-97 30728691,2026-04-07,-557.53,GBP,,,TOPAZ FIN ROSINCA     BLA00010/134338410 DD,,,169548,,Direct Debit,Direct Debit,TOPAZ FIN ROSINCA     BLA00010/134338410 DD,,,0,F131618ALH,Mortgage,,,0.99,prop_mort_F131618ALH_56,strong,0,rule
2026-04-07,c4acfcf3d97c197a7525acd48e8657076d0e5386ad8fa5272f1a489d4bd9b759,APR2026_BC_3072_APR2026.csv_23,APR2026,barclays,20-53-97 30728691,2026-04-07,-577.53,GBP,,,TOPAZ FIN ROSINCA     BLA00010/134467209 DD,,,169548,,Direct Debit,Direct Debit,TOPAZ FIN ROSINCA     BLA00010/134467209 DD,,,0,F141214ALH,Mortgage,,,0.99,prop_mort_F141214ALH_48,strong,0,rule
2026-04-07,b515ff3cd1c1745e0687f43516594fc56efd29e4e5e62535ae62430d0ba251fc,APR2026_BC_3072_APR2026.csv_24,APR2026,barclays,20-53-97 30728691,2026-04-07,-523.18,GBP,,,TOPAZ FIN ROSINCA     BLA00010/137376006 DD,,,169548,,Direct Debit,Direct Debit,TOPAZ FIN ROSINCA     BLA00010/137376006 DD,,,0,F1171FAW,Mortgage,,,0.99,prop_mort_F1171FAW_14,strong,0,rule
2026-04-07,5f5ee02922ea371004dbf2613d47d2b345cfdf1e442a2a2c3a7957316538815a,APR2026_BC_3072_APR2026.csv_25,APR2026,barclays,20-53-97 30728691,2026-04-07,-462.83,GBP,,,TOPAZ FIN ROSINCA     BLA00010/137376104 DD,,,169548,,Direct Debit,Direct Debit,TOPAZ FIN ROSINCA     BLA00010/137376104 DD,,,0,F2171FAW,Mortgage,,,0.99,prop_mort_F2171FAW_15,strong,0,rule
2026-04-07,1ba0841f9ccfa5642aa6e882b5cd08e87d013a9979d77c32d0d8b53333ff21bd,APR2026_BC_3072_APR2026.csv_26,APR2026,barclays,20-53-97 30728691,2026-04-07,-483.54,GBP,,,SKIPTON B.S.          SBS00001/165905969 DD,,,995416,,Direct Debit,Direct Debit,SKIPTON B.S.          SBS00001/165905969 DD,,,0,F88ALH,Mortgage,,,0.99,prop_mort_F88ALH_33,strong,0,rule
2026-04-08,5a0a59e114b85e0a0c4ad5a96137e0644c8dcff9a0950e77808b864da069c074,APR2026_BC_3072_APR2026.csv_28,APR2026,barclays,20-53-97 30728691,2026-04-08,-512.53,GBP,,,BHAM MIDSHIRES        6092076502030000 DDR,,,184800,,Direct Debit,Direct Debit,BHAM MIDSHIRES        6092076502030000 DDR,,,0,196BKIN,Mortgage,,,0.99,prop_mort_196BKIN_25,strong,0,rule
2026-04-09,ee808a147001f7bd962052a7a292f984a4a1dc48eb187582c8e17db18516bad4,APR2026_BC_3072_APR2026.csv_29,APR2026,barclays,20-53-97 30728691,2026-04-09,-47.02,GBP,,,BHAM MIDSHIRES        6792116703030000 DDR,,,184800,,Direct Debit,Direct Debit,BHAM MIDSHIRES        6792116703030000 DDR,,,0,F3169FAW,Mortgage,,,0.99,prop_mort_F3169FAW_13,strong,0,rule
2026-04-09,c646b3ec3d590983df2283e116c9e1e170ecff7b086fb19b291bfa23f2bd4df2,APR2026_BC_4040_APR2026.csv_6,APR2026,barclays,20-74-09 40406538,2026-04-09,-8.0,GBP,,,ID MOBILE LIMITED     12253154/001 DDR,,,298372,,Direct Debit,Direct Debit,ID MOBILE LIMITED     12253154/001 DDR,,,0,,RegularPayment,,,0.99,cat_regularpayment_27,strong,0,rule
2026-04-10,2bfd74b9fc2ada40031482d217efb56c992fda24402dd9e2e65457dafd2f024c,APR2026_BC_3072_APR2026.csv_31,APR2026,barclays,20-53-97 30728691,2026-04-10,-352.32,GBP,,,BHAM MIDSHIRES        6092096352060000 DDR,,,184800,,Direct Debit,Direct Debit,BHAM MIDSHIRES        6092096352060000 DDR,,,0,F41214ALH,Mortgage,,,0.99,prop_mort_F41214ALH_43,strong,0,rule
2026-04-13,c3a642bdbf17e94dff0cc8bfd6dafdf01296df6e9215aa660e639ab96055da5e,APR2026_BC_3072_APR2026.csv_32,APR2026,barclays,20-53-97 30728691,2026-04-13,-37.68,GBP,,,AVIVA LIFE            014033997 DDR,,,990457,,Direct Debit,Direct Debit,AVIVA LIFE            014033997 DDR,,,0,,RegularPayment,,,0.99,cat_regularpayment_27,strong,0,rule
2026-04-13,a60c225f35fb678d465ab1a4e69229cf214e4d9f373ebacd2f5b8f390debcda3,APR2026_BC_3072_APR2026.csv_33,APR2026,barclays,20-53-97 30728691,2026-04-13,-330.57,GBP,,,BHAM MIDSHIRES        6092021491040000 DDR,,,184800,,Direct Debit,Direct Debit,BHAM MIDSHIRES        6092021491040000 DDR,,,0,F3169FAW,Mortgage,,,0.99,prop_mort_F3169FAW_11,strong,0,rule
2026-04-14,69d8fc4ddcf1579d289814597e45e9d2ab9b064c30bd0e2f5d38097c6ce69f34,APR2026_BC_6045_APR2026.csv_18,APR2026,barclays,20-74-09 60458872,2026-04-14,-18.0,GBP,,,PAYPAL PAYMENT        5CM22229DF5GW DDR,,,679848,,Direct Debit,Direct Debit,PAYPAL PAYMENT        5CM22229DF5GW DDR,,,0,,RegularPayment,,,0.99,cat_regularpayment_27,strong,0,rule
2026-04-15,fc1e331c9f01b91a45194e25fdc32da18c6e04a850e4e518a8bf943a6af3d218,APR2026_BC_3072_APR2026.csv_34,APR2026,barclays,20-53-97 30728691,2026-04-15,-513.03,GBP,,,TOPAZ RE ROSINCA      ROW20004/560471505 DD,,,169548,,Direct Debit,Direct Debit,TOPAZ RE ROSINCA      ROW20004/560471505 DD,,,0,F1946ALH,Mortgage,,,0.99,prop_mort_F1946ALH_63,strong,0,rule
2026-04-15,3c9add45613224aa14b3c88cf7d798d5d6b09706f27c995d9a5481aab7fa115f,APR2026_BC_3072_APR2026.csv_35,APR2026,barclays,20-53-97 30728691,2026-04-15,-431.51,GBP,,,TOPAZ RE ROSINCA      ROW20004/560470501 DD,,,169548,,Direct Debit,Direct Debit,TOPAZ RE ROSINCA      ROW20004/560470501 DD,,,0,F68ALH,Mortgage,,,0.99,prop_mort_F68ALH_64,strong,0,rule
2026-04-15,42f6c526a3967988d9368e5dcac5401543817908acc4105c832f6daf9ef47ae5,APR2026_BC_3072_APR2026.csv_36,APR2026,barclays,20-53-97 30728691,2026-04-15,-457.7,GBP,,,TOPAZ FIN JASPER      PRU00010/190812705 DD,,,169547,,Direct Debit,Direct Debit,TOPAZ FIN JASPER      PRU00010/190812705 DD,,,0,F31214ALH,Mortgage,,,0.99,prop_mort_F31214ALH_41,strong,0,rule
2026-04-15,18fd78b968a468017fc50a5979f8ef4b090a77f07deecd27b92854f4e258472c,APR2026_BC_3072_APR2026.csv_37,APR2026,barclays,20-53-97 30728691,2026-04-15,-457.54,GBP,,,TOPAZ FIN JASPER      PRU00010/190859506 DD,,,169547,,Direct Debit,Direct Debit,TOPAZ FIN JASPER      PRU00010/190859506 DD,,,0,F71618ALH,Mortgage,,,0.99,prop_mort_F71618ALH_53,strong,0,rule
2026-04-15,2ac9355b35e3302f9657d985cac4e46b64b47a84bcbe03e2331ed07089f77a18,APR2026_BC_3072_APR2026.csv_38,APR2026,barclays,20-53-97 30728691,2026-04-15,-457.64,GBP,,,TOPAZ FIN JASPER      PRU00010/190885105 DD,,,169547,,Direct Debit,Direct Debit,TOPAZ FIN JASPER      PRU00010/190885105 DD,,,0,F101214ALH,Mortgage,,,0.99,prop_mort_F101214ALH_47,strong,0,rule
2026-04-15,ed1635832dffff1dcd47045c5d15f5edbd74555fd58f22b7b1fd561739155fe9,APR2026_BC_3072_APR2026.csv_39,APR2026,barclays,20-53-97 30728691,2026-04-15,-473.51,GBP,,,TOPAZ FIN JASPER      PRU00010/190885203 DD,,,169547,,Direct Debit,Direct Debit,TOPAZ FIN JASPER      PRU00010/190885203 DD,,,0,F161214ALH,Mortgage,,,0.99,prop_mort_F161214ALH_49,strong,0,rule
2026-04-15,f2084eefb7d994df29e6bad15bef7cdc7025e85c107d929c08a0efa1826cb876,APR2026_BC_3072_APR2026.csv_40,APR2026,barclays,20-53-97 30728691,2026-04-15,-473.51,GBP,,,TOPAZ FIN JASPER      PRU00010/190892600 DD,,,169547,,Direct Debit,Direct Debit,TOPAZ FIN JASPER      PRU00010/190892600 DD,,,0,F161618ALH,Mortgage,,,0.99,prop_mort_F161618ALH_57,strong,0,rule
2026-04-15,97de32a2efed2694fc3ed070ffabee9d9a3b33ed8e80123fd167f3b7e2919092,APR2026_BC_3072_APR2026.csv_41,APR2026,barclays,20-53-97 30728691,2026-04-15,-457.54,GBP,,,TOPAZ FIN JASPER      PRU00010/190959705 DD,,,169547,,Direct Debit,Direct Debit,TOPAZ FIN JASPER      PRU00010/190959705 DD,,,0,F121618ALH,Mortgage,,,0.99,prop_mort_F121618ALH_55,strong,0,rule
2026-04-15,b7a6a49e5b4187afea90820c8d09fd9da48062beefdf19e4cc328e8dce5acb1a,APR2026_BC_3072_APR2026.csv_42,APR2026,barclays,20-53-97 30728691,2026-04-15,-457.62,GBP,,,TOPAZ FIN JASPER      PRU00010/190778206 DD,,,169547,,Direct Debit,Direct Debit,TOPAZ FIN JASPER      PRU00010/190778206 DD,,,0,F51214ALH,Mortgage,,,0.99,prop_mort_F51214ALH_44,strong,0,rule
2026-04-16,05819d6c1ac41db7a0ab861deb073b794c8e6a34f2f1ea11cf6904006a5aa91f,APR2026_BC_6045_APR2026.csv_22,APR2026,barclays,20-74-09 60458872,2026-04-16,-18.99,GBP,,,PAYPAL PAYMENT        5CM22229DF5GW DDR,,,679848,,Direct Debit,Direct Debit,PAYPAL PAYMENT        5CM22229DF5GW DDR,,,0,,RegularPayment,,,0.99,cat_regularpayment_27,strong,0,rule
2026-04-16,abe028085ae2e8dff4cf17f3653e662221f1d738452a52ee085879f6eecef3cb,APR2026_BC_6045_APR2026.csv_23,APR2026,barclays,20-74-09 60458872,2026-04-16,-550.59,GBP,,,PAYPAL PAYMENT        5CM22229DF5GW DDR,,,679848,,Direct Debit,Direct Debit,PAYPAL PAYMENT        5CM22229DF5GW DDR,,,0,,RegularPayment,,,0.99,cat_regularpayment_27,strong,0,rule
2026-04-16,2088451e6ef2be21fc742067138922ba829145deb1f33c1f9ff71e466a270adf,APR2026_BC_3072_APR2026.csv_43,APR2026,barclays,20-53-97 30728691,2026-04-16,-34.18,GBP,,,BHAM MIDSHIRES        6792116720030000 DDR,,,184800,,Direct Debit,Direct Debit,BHAM MIDSHIRES        6792116720030000 DDR,,,0,F2321LON,Mortgage,,,0.99,prop_mort_F2321LON_5,strong,0,rule
2026-04-16,56e6096acf555c22d7bacaf717f07ebcba743346c53d191f9bee011ccc3f6929,APR2026_BC_3072_APR2026.csv_44,APR2026,barclays,20-53-97 30728691,2026-04-16,-548.18,GBP,,,BHAM MIDSHIRES        6092045443050000 DDR,,,184800,,Direct Debit,Direct Debit,BHAM MIDSHIRES        6092045443050000 DDR,,,0,23BHAM,Mortgage,,,0.99,prop_mort_23BHAM_27,strong,0,rule
2026-04-20,92967b385601831807678aac66bd8762a3dca2019708ca8b24d582beb7a89b7e,APR2026_BC_3072_APR2026.csv_46,APR2026,barclays,20-53-97 30728691,2026-04-20,-341.79,GBP,,,BHAM MIDSHIRES        6092042862000000 DDR,,,184800,,Direct Debit,Direct Debit,BHAM MIDSHIRES        6092042862000000 DDR,,,0,F2321LON,Mortgage,,,0.99,prop_mort_F2321LON_3,strong,0,rule
2026-04-22,1005799e0667cafc374b65cf60911fd6ed38049328183c0bfa2453d3693619a7,APR2026_BC_3072_APR2026.csv_47,APR2026,barclays,20-53-97 30728691,2026-04-22,-431.27,GBP,,,BHAM MIDSHIRES        6092076296020000 DDR,,,184800,,Direct Debit,Direct Debit,BHAM MIDSHIRES        6092076296020000 DDR,,,0,196AKIN,Mortgage,,,0.99,prop_mort_196AKIN_23,strong,0,rule
2026-04-22,15e0a2038ed75b4a4668da1ddc1075314e4ee00532492bc3362e199fa2d58ca7,APR2026_BC_3072_APR2026.csv_48,APR2026,barclays,20-53-97 30728691,2026-04-22,-10.0,GBP,,,ID MOBILE LIMITED     11245718/001 DDR,,,298372,,Direct Debit,Direct Debit,ID MOBILE LIMITED     11245718/001 DDR,,,0,,RegularPayment,,,0.99,cat_regularpayment_27,strong,0,rule
2026-04-22,b0e2bb82bb48cc350465bb1c0a0a01fff9897be6fd13e622048d7ec887077619,APR2026_BC_3072_APR2026.csv_49,APR2026,barclays,20-53-97 30728691,2026-04-22,-10.0,GBP,,,ID MOBILE LIMITED     11888885/001 DDR,,,298372,,Direct Debit,Direct Debit,ID MOBILE LIMITED     11888885/001 DDR,,,0,,RegularPayment,,,0.99,cat_regularpayment_27,strong,0,rule
2026-04-27,89668388521b6e83b671e605dcc3319dde33612f9d0339ae9c2ffc2853ca1db5,APR2026_BC_3072_APR2026.csv_52,APR2026,barclays,20-53-97 30728691,2026-04-27,-30.18,GBP,,,H3G                   980404269602200100 DD,,,948449,,Direct Debit,Direct Debit,H3G                   980404269602200100 DD,,,0,,RegularPayment,,,0.99,cat_regularpayment_27,strong,0,rule
2026-04-28,26e98860f5a6077d37c52426eba12d45e49e0e663e75dfa9a84120415e39d76f,APR2026_BC_3072_APR2026.csv_53,APR2026,barclays,20-53-97 30728691,2026-04-28,-62.0,GBP,,,BOOTS OPTICIANS       A45028400000736FIRST,,,0,,Direct Debit,Direct Debit,BOOTS OPTICIANS       A45028400000736FIRST,,,0,,PersonalExpense,Pharmacy/Opticians/Dental,,0.99,cat_regularpayment_27,strong,0,rule
2026-04-28,9937b7a76aca9130ee6e5d09e8b17ffab948075ab8513e61c6afa9c48def43e8,APR2026_BC_3072_APR2026.csv_54,APR2026,barclays,20-53-97 30728691,2026-04-28,-482.31,GBP,,,TOGETHER COMMERCIA    10279063 DDR,,,687470,,Direct Debit,Direct Debit,TOGETHER COMMERCIA    10279063 DDR,,,0,,RegularPayment,SFLoan,,0.99,cat_regularpayment_27,strong,0,rule
2026-04-29,3ca3669677f44e40341f1a4f1628b7fa85c96fbc749884fa907721323a27a507,APR2026_BC_3072_APR2026.csv_55,APR2026,barclays,20-53-97 30728691,2026-04-29,-304.08,GBP,,,BHAM MIDSHIRES        6092036837070000 DDR,,,184800,,Direct Debit,Direct Debit,BHAM MIDSHIRES        6092036837070000 DDR,,,0,F4163FRA,Mortgage,,,0.99,prop_mort_F4163FRA_20,strong,0,rule
2026-04-30,0151a2a0d2cd765b162e74c65eee7aeff33a25990c397bfb0531b9e70b8444ff,APR2026_BC_3072_APR2026.csv_59,APR2026,barclays,20-53-97 30728691,2026-04-30,-425.9,GBP,,,PARAGON BANK PLC      002186317 10132690 DD,,,295404,,Direct Debit,Direct Debit,PARAGON BANK PLC      002186317 10132690 DD,,,0,F58ALH,Mortgage,,,0.99,prop_mort_F58ALH_29,strong,0,rule
2026-04-30,f15baa50f38af45e307e4ff9e7c248bfa6a3bd03d72e062ae179c067c9d8f994,APR2026_BC_3072_APR2026.csv_60,APR2026,barclays,20-53-97 30728691,2026-04-30,-425.9,GBP,,,PARAGON BANK PLC      002186356 10132690 DD,,,295404,,Direct Debit,Direct Debit,PARAGON BANK PLC      002186356 10132690 DD,,,0,F1846ALH,Mortgage,,,0.99,prop_mort_F1846ALH_35,strong,0,rule
2026-04-30,22beeb784183155c5b29ee9fdfb3bec1e4e8cd9322c743395c1340daa7dceb8b,APR2026_BC_3072_APR2026.csv_61,APR2026,barclays,20-53-97 30728691,2026-04-30,-425.9,GBP,,,PARAGON BANK PLC      002186357 10132690 DD,,,295404,,Direct Debit,Direct Debit,PARAGON BANK PLC      002186357 10132690 DD,,,0,F1746ALH,Mortgage,,,0.99,prop_mort_F1746ALH_34,strong,0,rule
2026-04-30,10aa7d659a2312e58cb4063a99bdef4e35adc6bb7dae79604d97564b061d39cc,APR2026_BC_3072_APR2026.csv_62,APR2026,barclays,20-53-97 30728691,2026-04-30,-437.03,GBP,,,MORTGAGE TRUST        002197389 10132690 DD,,,624461,,Direct Debit,Direct Debit,MORTGAGE TRUST        002197389 10132690 DD,,,0,F71214ALH,Mortgage,,,0.99,prop_mort_F71214ALH_45,strong,0,rule
