Date,Account,Amount,Subcategory,Memo,Property,Description,Cat,Subcat
2026-01-01,60-83-71 00558156,-465.0,REPAIRS_AND_MAINTENANCE,Alhambra Road M Tucker SC,,,ServiceCharge,
2026-01-01,60-83-71 00558156,1050.0,REVENUE,A Ancy Treesa Math 23 C HT  Jan RENT,23CHAM,,OurRent,
2026-01-01,60-83-71 00558156,775.0,REVENUE,Nicole  Byrne FL7 ALHAMBRA RD,F71618ALH,,OurRent,
2026-01-01,60-83-71 00558156,825.0,REVENUE,LOWE L Latisha Rent,F1169FAW,,OurRent,
2026-01-01,60-83-71 00558156,-315.0,REPAIRS_AND_MAINTENANCE,ALHHAMBRA ROAD M Tucker SC,,,ServiceCharge,
2026-01-01,60-83-71 00558156,925.0,REVENUE,R Cowie FLAT 14. PO4 0RF,F141214ALH,,OurRent,
2026-01-01,60-83-71 00558156,-320.0,REPAIRS_AND_MAINTENANCE,Alhambra Road M Tucker SC,,,ServiceCharge,
2026-01-01,60-83-71 00558156,-96.8,FOOD_AND_DRINK,Marks & Spencer MARKS&SPENCER PLC SACA,,,PersonalExpense,M&S
2026-01-02,60-83-71 00558156,-42.0,OTHER,River Island WWW.RIVERISLAND.COM,,,PersonalExpense,Clothing
2026-01-02,60-83-71 00558156,980.0,REVENUE,Mr A J  FITZGERALD FLAT 23 4-6 ALHAMB,F2346ALH,,OurRent,
2026-01-02,20-53-97 30728691,-37.95,Direct Debit,L&G INSURANCE MI      0114399215-260102 DDR,,,RegularPayment,
2026-01-02,20-53-97 30728691,6497.63,Counter Credit,Rsa Capital Limite    mortgages BGC,,,Interbank,
2026-01-02,20-53-97 30728691,-535.55,Direct Debit,TOPAZ RE ROSINCA      ROW20004/560470708 DD,F2346ALH,,Mortgage,
2026-01-02,20-74-09 60458872,-119.48,Direct Debit,PIC RE ARGOS PET      PETAG934657920001 DDR,,,RegularPayment,
2026-01-02,20-53-97 30728691,-532.13,Direct Debit,TOPAZ RE ROSINCA      ROW20004/560471701 DD,F2046ALH,,Mortgage,
2026-01-02,20-53-97 30728691,-457.65,Direct Debit,TOPAZ FIN JASPER      PRU00010/190859005 DD,F31618ALH,,Mortgage,
2026-01-02,20-53-97 30728691,-314.84,Direct Debit,JASPER MORTGAGES      JAC00002/390255001 DD,F3321LON,,Mortgage,
2026-01-02,20-74-09 60458872,-15.0,Standing Order,SSE SOUTHERN ELECT    6882766014 STO,169FAW,,PropertyExpense,
2026-01-02,60-83-71 00558156,-57.88,VEHICLES,BP BP MFG CHILDS WAY SERV,,,PersonalExpense,Garage
2026-01-02,20-53-97 30728691,-531.22,Direct Debit,TOPAZ RE ROSINCA      ROW20004/560471810 DD,F2246ALH,,Mortgage,
2026-01-02,20-74-09 60458872,-50.0,Standing Order,NATIONWIDE            0604/229172770 STO,,,RegularPayment,
2026-01-02,20-53-97 30728691,-887.02,Direct Debit,HESSONITE MORTGAGE    TND00001/631516204 DD,23CHAM,,Mortgage,
2026-01-02,20-74-09 60458872,-300.0,Standing Order,G & F VALENTINO       M TUCKER STO,,,Hilltop,
2026-01-02,20-74-09 60458872,2800.0,Counter Credit,M Tucker              SF BGC,,,MTPayment,
2026-01-02,20-74-09 40406538,-2.5,Contactless Card Purchase,MK COUNCIL - IPS      ON 01 JAN CLP,,,PersonalExpense,Other
2026-01-02,60-83-71 00558156,850.0,REVENUE,ELLIE BARTON 12  Alhambra Road,F121618ALH,,OurRent,
2026-01-02,20-74-09 60458872,15.0,Credit,SSE SOUTHERN E        6882766014 REV0001Pa,169FAW,,OtherIncome,
2026-01-02,60-83-71 00558156,-6497.63,INTEREST_PAYMENTS,Ivana Valentino mortgages,,,MortgageRefund,Ivana
2026-01-02,60-83-71 00558156,775.0,REVENUE,Matt GRANIL Flat 2 PO4 ODH,F2169FAW,,OurRent,
2026-01-02,20-53-97 30728691,-313.0,Direct Debit,JASPER MORTGAGES      JAC00002/390255110 DD,F2169FAW,,Mortgage,
2026-01-02,20-53-97 30728691,-490.37,Direct Debit,TOPAZ RE ROSINCA      ROW20004/560476808 DD,F61618ALH,,Mortgage,
2026-01-02,20-53-97 30728691,-620.94,Direct Debit,TOPAZ RE SIBERITE     SIB00001/480016104 DD,F2146ALH,,Mortgage,
2026-01-03,60-83-71 00558156,-17.1,FOOD_AND_DRINK,Marks & Spencer MARKS&SPENCER PLC,,,PersonalExpense,M&S
2026-01-03,60-83-71 00558156,-25.0,REPAIRS_AND_MAINTENANCE,Rocco VALENTINO TUCKER admin resources,,,PersonalExpense,Rocco
2026-01-03,60-83-71 00558156,-16.36,EQUIPMENT,Home Bargains HOME BARGAINS KINGSTON,,,PersonalExpense,Household
2026-01-03,60-83-71 00558156,-1000.0,REPAIRS_AND_MAINTENANCE,Central Energy South Limited 509  169-171 alarm materials for alarm,169FAW,,PropertyExpense,
2026-01-03,60-83-71 00558156,-15.36,FOOD_AND_DRINK,ALDI ALDI STORES,,,PersonalExpense,ALDI
2026-01-04,60-83-71 00558156,-11.2,REPAIRS_AND_MAINTENANCE,Co-op CO OPERATIVE FOOD,,,PersonalExpense,COOP
2026-01-04,60-83-71 00558156,1000.0,REVENUE,S Bijumon RENT FOR Jan 2026,23BHAM,,OurRent,
2026-01-05,20-53-97 30728691,-357.62,Direct Debit,TOPAZ FIN ROSINCA     BLA00010/130654303 DD,F3163FRA,,Mortgage,
2026-01-05,20-53-97 30728691,-457.88,Direct Debit,TOPAZ FIN ROSINCA     BLA00010/134333009 DD,F111618ALH,,Mortgage,
2026-01-05,20-53-97 30728691,-523.18,Direct Debit,TOPAZ FIN ROSINCA     BLA00010/137376006 DD,F1171FAW,,Mortgage,
2026-01-05,20-53-97 30728691,5650.39,Counter Credit,Rsa Capital Limite    mortgages BGC,,,Interbank,
2026-01-05,20-53-97 30728691,-391.84,Direct Debit,TOPAZ FIN ROSINCA     BLA00010/131188407 DD,F4321LON,,Mortgage,
2026-01-05,20-74-09 60458872,-16.99,Card Purchase,AMAZON* ZG4CJ36X4     ON 02 JAN BCC,RSA,,PropertyExpense,
2026-01-05,20-74-09 60458872,-34.99,Card Purchase,NOW E9AE4 Sky Spor    ON 04 JAN BCC,,,PersonalExpense,Amazon
2026-01-05,60-83-71 00558156,850.0,REVENUE,DANIELLE FULKER Flat3171Fawcett,F3171FAW,,OurRent,
2026-01-05,20-53-97 30728691,-391.76,Direct Debit,TOPAZ FIN ROSINCA     BLA00010/131992707 DD,F1321LON,,Mortgage,
2026-01-05,20-53-97 30728691,-462.83,Direct Debit,TOPAZ FIN ROSINCA     BLA00010/137376104 DD,F2171FAW,,Mortgage,
2026-01-05,20-53-97 30728691,-577.53,Direct Debit,TOPAZ FIN ROSINCA     BLA00010/134467209 DD,F141214ALH,,Mortgage,
2026-01-05,60-83-71 00558156,-7.9,REPAIRS_AND_MAINTENANCE,Co-op CO OPERATIVE FOOD,,,PersonalExpense,COOP
2026-01-05,60-83-71 00558156,-148.0,PROFESSIONAL_SERVICES,Mathew Tucker Lloyds Fyles Warrant Form,F11618ALH,,OtherExpense,
2026-01-05,20-74-09 40406538,-11.85,Card Purchase,CO OPERATIVE FOOD     ON 04 JAN BCC,,,PersonalExpense,COOP
2026-01-05,20-53-97 30728691,-557.12,Direct Debit,TOPAZ FIN ROSINCA     BLA00010/134332909 DD,F11618ALH,,Mortgage,
2026-01-05,20-74-09 60458872,-10.0,Direct Debit,SHEPHERDS FRIENDLY    PN026484A DDR,,,RegularPayment,
2026-01-05,20-74-09 60458872,-10.0,Standing Order,UNITY MUTUAL KU CT    PL684048A VALENTNO ST,,,RegularPayment,
2026-01-05,20-53-97 30728691,-562.52,Direct Debit,TOPAZ FIN JASPER      PRU00010/191462710 DD,F3171FAW,,Mortgage,
2026-01-05,20-53-97 30728691,-457.61,Direct Debit,TOPAZ FIN ROSINCA     BLA00010/134121904 DD,F111214ALH,,Mortgage,
2026-01-05,60-83-71 00558156,-10.81,VEHICLES,BP BP BEDFORD EXPRESS,,,PersonalExpense,Garage
2026-01-05,60-83-71 00558156,-21.6,REPAIRS_AND_MAINTENANCE,Co-op CO OPERATIVE FOOD,,,PersonalExpense,COOP
2026-01-05,20-53-97 30728691,-557.53,Direct Debit,TOPAZ FIN ROSINCA     BLA00010/134338410 DD,F131618ALH,,Mortgage,
2026-01-05,20-74-09 40406538,-2.5,Contactless Card Purchase,MK COUNCIL - IPS      ON 02 JAN CLP,,,PersonalExpense,Other
2026-01-05,20-53-97 30728691,-352.97,Direct Debit,TOPAZ FIN ROSINCA     BLA00010/132514207 DD,F1169FAW,,Mortgage,
2026-01-05,60-83-71 00558156,-5650.39,INTEREST_PAYMENTS,Ivana Valentino mortgages,,,MortgageRefund,Ivana
2026-01-06,60-83-71 00558156,-2.5,TRAVEL,Mk Council MK COUNCIL - IPS,,,PersonalExpense,Other
2026-01-06,60-83-71 00558156,-51.35,FOOD_AND_DRINK,Marks & Spencer MARKS&SPENCER PLC,,,PersonalExpense,M&S
2026-01-06,60-83-71 00558156,138.98,EQUIPMENT,Sp Conzuri SP CONZURI,,,PersonalExpense,Clothing
2026-01-06,20-74-09 60458872,-2938.3,Direct Debit,THE HARPUR TRUST D    BVAL000 DDR,,,SchoolFee,
2026-01-06,20-74-09 40406538,-10.0,Funds Transfer,ALESSIO VALENTINO-    FROM MUMMY FT,,,PersonalExpense,Alessio
2026-01-06,60-83-71 00558156,-74.48,VEHICLES,New County Service Sta NEW COUNTY SERVICE STA,,,PersonalExpense,Garage
2026-01-06,20-74-09 40406538,-10.0,Funds Transfer,ROCCO VALENTINO       TENNIS FT,,,PersonalExpense,Rocco
2026-01-06,20-53-97 30728691,-496.66,Direct Debit,SKIPTON B.S.          SBS00001/165905969 DD,F88ALH,,Mortgage,
2026-01-06,20-74-09 40406538,34.44,Unpaid,PNET5304976-1         PNET5304976-1 UNP,,,RegularPayment,
2026-01-06,20-74-09 40406538,-34.44,Direct Debit,PNET5304976-1         PNET5304976-1 DDR,,,RegularPayment,
2026-01-06,20-74-09 60458872,-14.77,Direct Debit,PAYPAL PAYMENT        5CM22229DF5GW DDR,,,RegularPayment,
2026-01-07,20-74-09 40406538,-8.0,Direct Debit,ID MOBILE LIMITED     12253154/001 DDR,,,RegularPayment,
2026-01-07,60-83-71 00558156,775.0,REVENUE,T Montgomery FLAT 2 321 LONDON,F2321LON,,OurRent,
2026-01-07,60-83-71 00558156,-2.49,ADMIN,Google Play Google One,,,PropertyExpense,Other
2026-01-07,60-83-71 00558156,-41.83,FOOD_AND_DRINK,Marks & Spencer MARKS&SPENCER PLC,,,PersonalExpense,M&S
2026-01-07,60-83-71 00558156,-17.6,REPAIRS_AND_MAINTENANCE,Co-op CO- OPERATIVE FOOD,,,PersonalExpense,COOP
2026-01-07,60-83-71 00558156,825.0,REVENUE,J BOTTLE RENT,F58ALH,,OurRent,
2026-01-08,20-53-97 30728691,-534.83,Direct Debit,BHAM MIDSHIRES        6092076502030000 DDR,196BKIN,,Mortgage,
2026-01-08,60-83-71 00558156,-16.99,EQUIPMENT,Sports Direct SPORTSDIRECT 217,,,PersonalExpense,Clothing
2026-01-08,60-83-71 00558156,-54.13,OTHER,Amazon Marketplace AMZNMktplace*ZC61Z4M94,RSA,,PropertyExpense,
2026-01-08,60-83-71 00558156,-16.0,FOOD_AND_DRINK,Noodle Stop Noodle Stop,,,PersonalExpense,EatingOut
2026-01-08,20-74-09 40406538,-5.67,Contactless Card Purchase,MCDONALDS 1548        ON 07 JAN CLP,,,PersonalExpense,EatingOut
2026-01-08,60-83-71 00558156,-36.2,FOOD_AND_DRINK,Marks & Spencer MARKS&SPENCER PLC,,,PersonalExpense,M&S
2026-01-08,60-83-71 00558156,-26.65,REPAIRS_AND_MAINTENANCE,Co-op CO OPERATIVE FOOD,,,PersonalExpense,COOP
2026-01-08,60-83-71 00558156,-12.99,FOOD_AND_DRINK,"Boots BOOTS,BEDFORD",,,PersonalExpense,Pharmacy/Opticians/Dental
2026-01-09,60-83-71 00558156,-13.96,OTHER,Amazon Marketplace AMZNMktplace*ZC4PD3H64,RSA,,PropertyExpense,
2026-01-09,60-83-71 00558156,-22.05,VEHICLES,BP BP BEDFORD EXPRESS,,,PersonalExpense,Garage
2026-01-09,20-53-97 30728691,-49.07,Direct Debit,BHAM MIDSHIRES        6792116703030000 DDR,F3169FAW,,Mortgage,
2026-01-09,60-83-71 00558156,-4.09,FOOD_AND_DRINK,Budgens BUDGENS,,,PersonalExpense,Budgens
2026-01-10,60-83-71 00558156,-33.1,FOOD_AND_DRINK,ALDI ALDI STORES,,,PersonalExpense,ALDI
2026-01-10,60-83-71 00558156,-11.45,OTHER,Superdrug SUPERDRUG STORES PLC,,,PersonalExpense,Pharmacy/Opticians/Dental
2026-01-10,60-83-71 00558156,-9.8,REPAIRS_AND_MAINTENANCE,Co-op CO OPERATIVE FOOD,,,PersonalExpense,COOP
2026-01-11,60-83-71 00558156,-6.57,FOOD_AND_DRINK,Marks & Spencer MARKS&SPENCER PLC,,,PersonalExpense,M&S
2026-01-11,60-83-71 00558156,900.0,REVENUE,"Brett Ricketts 8, 8 Alhambra",F3163FRA,,OurRent,
2026-01-11,60-83-71 00558156,-79.21,VEHICLES,New County Service Sta NEW COUNTY SERVICE STA,,,PersonalExpense,Garage
2026-01-11,60-83-71 00558156,-13.89,FOOD_AND_DRINK,Costa Coffee COSTA COFFEE 43010527,,,PersonalExpense,EatingOut
2026-01-11,60-83-71 00558156,-12.55,REPAIRS_AND_MAINTENANCE,Co-op CO OPERATIVE FOOD,,,PersonalExpense,COOP
2026-01-12,20-74-09 60458872,-10.0,Funds Transfer,SOFIA                 PARKING FT,,,PersonalExpense,Sofia
2026-01-12,60-83-71 00558156,-15.11,VEHICLES,BP BP BEDFORD EXPRESS,,,PersonalExpense,Garage
2026-01-12,20-74-09 60458872,1000.0,Counter Credit,M Tucker              SF BGC,,,MTPayment,
2026-01-12,20-74-09 60458872,-6.0,Card Purchase,NOW E0BE0 GB Basic    ON 11 JAN BCC,,,PersonalExpense,Amazon
2026-01-12,20-53-97 30728691,1836.2,Counter Credit,Rsa Capital Limite    mortgages BGC,,,Interbank,
2026-01-12,20-74-09 40406538,300.0,Counter Credit,M Tucker              M TUCKER BGC,,,MTPayment,
2026-01-12,20-53-97 30728691,-37.68,Direct Debit,AVIVA LIFE            014033997 DDR,,,RegularPayment,
2026-01-12,60-83-71 00558156,-1836.2,INTEREST_PAYMENTS,Ivana Valentino mortgages,,,MortgageRefund,Ivana
2026-01-12,20-74-09 60458872,-10.0,Funds Transfer,ROCCO                 DAD IS THE BEST FT,,,PersonalExpense,Rocco
2026-01-12,60-83-71 00558156,800.0,REVENUE,Samuel Kirwin Rent 5 12-14 SK,F51214ALH,,OurRent,
2026-01-12,60-83-71 00558156,-24.16,FOOD_AND_DRINK,Lidl Gb Bedford St Joh LIDL GB BEDFORD ST JOH,,,PersonalExpense,LIDL
2026-01-12,60-83-71 00558156,-84.05,EQUIPMENT,Halfords HALFORDS 0887,,,PersonalExpense,Car
2026-01-12,20-74-09 60458872,-6.99,Card Purchase,NOW BDCFC Entertai    ON 10 JAN BCC,,,PersonalExpense,Amazon
2026-01-12,60-83-71 00558156,-27.65,REPAIRS_AND_MAINTENANCE,Co-op CO OPERATIVE FOOD,,,PersonalExpense,COOP
2026-01-12,20-74-09 40406538,-30.0,Funds Transfer,ROCCO VALENTINO       BURGER FT,,,PersonalExpense,Rocco
2026-01-12,20-53-97 30728691,-372.97,Direct Debit,BHAM MIDSHIRES        6092096352060000 DDR,F41214ALH,,Mortgage,
2026-01-12,20-53-97 30728691,-344.99,Direct Debit,BHAM MIDSHIRES        6092021491040000 DDR,F3169FAW,,Mortgage,
2026-01-13,60-83-71 00558156,825.0,REVENUE,"SAMRAT M 16,12-14 Alhambra",F161214ALH,,OurRent,
2026-01-13,60-83-71 00558156,850.0,REVENUE,"Lucinda Francis 7, 8 Alhambra Road",F78ALH,,OurRent,
2026-01-13,60-83-71 00558156,-7.0,REPAIRS_AND_MAINTENANCE,Co-op CO OPERATIVE FOOD,,,PersonalExpense,COOP
2026-01-13,20-74-09 60458872,-106.8,Direct Debit,PAYPAL PAYMENT        5CM22229DF5GW DDR,,,RegularPayment,
2026-01-13,20-74-09 40406538,-73.69,Contactless Card Purchase,ALDI STORES 776-97    ON 12 JAN CLP,,,PersonalExpense,ALDI
2026-01-13,60-83-71 00558156,-23.98,FOOD_AND_DRINK,ALDI ALDI STORES 776-97,,,PersonalExpense,ALDI
2026-01-13,60-83-71 00558156,180.0,REVENUE,THE DISPUTE SERVIC TDSEW31124334,,,Deposit,
2026-01-14,20-74-09 40406538,-2.85,Contactless Card Purchase,COSTA COFFEE 43011    ON 13 JAN CLP,,,PersonalExpense,EatingOut
2026-01-14,60-83-71 00558156,-66.0,REPAIRS_AND_MAINTENANCE,A Beck Plumbing & Heating LTD 26223 23c gs,23CHAM,,PropertyExpense,
2026-01-14,60-83-71 00558156,-70.0,REPAIRS_AND_MAINTENANCE,A Beck Plumbing & Heating LTD 27341  131618 rad,F31618ALH,,PropertyExpense,
2026-01-14,20-74-09 40406538,-13.0,Funds Transfer,ALESSIO VALENTINO-    WELLDONE ATTENDANC FT,,,PersonalExpense,Alessio
2026-01-14,60-83-71 00558156,900.0,REVENUE,Lauren Bullock LBULLOCK-17-Alhamb,F1746ALH,,OurRent,
2026-01-14,20-74-09 40406538,-33.92,Contactless Card Purchase,MARKS&SPENCER PLC     ON 13 JAN CLP,,,PersonalExpense,M&S
2026-01-14,60-83-71 00558156,-168.0,REPAIRS_AND_MAINTENANCE,A Beck Plumbing & Heating LTD 26481 pipework 22b Hampshire Terrace,23BHAM,,PropertyExpense,
2026-01-14,20-74-09 60458872,-21.99,Card Purchase,Spotify Limited       ON 13 JAN BCC,,,RegularPayment,
2026-01-14,20-74-09 40406538,-12.35,Contactless Card Purchase,CO OPERATIVE FOOD     ON 13 JAN CLP,,,PersonalExpense,COOP
2026-01-14,60-83-71 00558156,-54.0,REPAIRS_AND_MAINTENANCE,A Beck Plumbing & Heating LTD 26314 101214gs,F101214ALH,,PropertyExpense,
2026-01-15,20-74-09 40406538,-6.48,Contactless Card Purchase,BUDGENS               ON 14 JAN CLP,,,PersonalExpense,Budgens
2026-01-15,20-53-97 30728691,-457.7,Direct Debit,TOPAZ FIN JASPER      PRU00010/190812705 DD,F31214ALH,,Mortgage,
2026-01-15,20-53-97 30728691,-449.77,Direct Debit,TOPAZ RE ROSINCA      ROW20004/560470610 DD,F78ALH,,Mortgage,
2026-01-15,20-74-09 40406538,-12.85,Contactless Card Purchase,CO- OPERATIVE FOOD    ON 14 JAN CLP,,,PersonalExpense,COOP
2026-01-15,20-53-97 30728691,-473.51,Direct Debit,TOPAZ FIN JASPER      PRU00010/190885203 DD,F161214ALH,,Mortgage,
2026-01-15,20-53-97 30728691,-457.54,Direct Debit,TOPAZ FIN JASPER      PRU00010/190959705 DD,F121618ALH,,Mortgage,
2026-01-15,20-74-09 40406538,-6.0,Contactless Card Purchase,CO OPERATIVE FOOD     ON 14 JAN CLP,,,PersonalExpense,COOP
2026-01-15,20-53-97 30728691,-457.54,Direct Debit,TOPAZ FIN JASPER      PRU00010/190859506 DD,F71618ALH,,Mortgage,
2026-01-15,20-53-97 30728691,-449.77,Direct Debit,TOPAZ RE ROSINCA      ROW20004/560470501 DD,F68ALH,,Mortgage,
2026-01-15,60-83-71 00558156,-66.0,REPAIRS_AND_MAINTENANCE,A Beck Plumbing & Heating LTD 26097 3171 gs,F3171FAW,,PropertyExpense,
2026-01-15,20-74-09 40406538,-8.65,Contactless Card Purchase,CO OPERATIVE FOOD     ON 14 JAN CLP,,,PersonalExpense,COOP
2026-01-15,60-83-71 00558156,775.0,REVENUE,R Chowdhury FLAT RENT,F1321LON,,OurRent,
2026-01-15,20-53-97 30728691,-457.64,Direct Debit,TOPAZ FIN JASPER      PRU00010/190885105 DD,F101214ALH,,Mortgage,
2026-01-15,20-53-97 30728691,-457.62,Direct Debit,TOPAZ FIN JASPER      PRU00010/190778206 DD,F51214ALH,,Mortgage,
2026-01-15,20-53-97 30728691,-473.51,Direct Debit,TOPAZ FIN JASPER      PRU00010/190892600 DD,F161618ALH,,Mortgage,
2026-01-15,20-74-09 40406538,-17.8,Card Purchase,MY MEALS ONLINE       ON 14 JAN BCC,,,PersonalExpense,Other
2026-01-15,20-53-97 30728691,-534.76,Direct Debit,TOPAZ RE ROSINCA      ROW20004/560471505 DD,F1946ALH,,Mortgage,
2026-01-16,20-74-09 60458872,-18.99,Direct Debit,PAYPAL PAYMENT        5CM22229DF5GW DDR,,,RegularPayment,
2026-01-16,20-53-97 30728691,-35.68,Direct Debit,BHAM MIDSHIRES        6792116720030000 DDR,F2321LON,,Mortgage,
2026-01-16,60-83-71 00558156,-5280.47,INTEREST_PAYMENTS,Ivana Valentino mortgages,,,MortgageRefund,Ivana
2026-01-16,20-53-97 30728691,-575.43,Direct Debit,BHAM MIDSHIRES        6092045443050000 DDR,23BHAM,,Mortgage,
2026-01-16,20-74-09 40406538,-40.75,Contactless Card Purchase,MARKS&SPENCER PLC     ON 15 JAN CLP,,,PersonalExpense,M&S
2026-01-16,20-74-09 40406538,-7.67,Contactless Card Purchase,BUDGENS               ON 15 JAN CLP,,,PersonalExpense,Budgens
2026-01-16,60-83-71 00558156,975.0,REVENUE,P Saunyama 196B KING,196AKIN,,OurRent,
2026-01-17,60-83-71 00558156,-6.45,REPAIRS_AND_MAINTENANCE,Co-op CO OPERATIVE FOOD,,,PersonalExpense,COOP
2026-01-17,60-83-71 00558156,-4.28,REPAIRS_AND_MAINTENANCE,Amazon AMAZON UK* 917E02JU5,RSA,,PropertyExpense,
2026-01-17,60-83-71 00558156,81.0,REVENUE,Letisha Lowe Leak,F1169FAW,,OtherIncome,
2026-01-17,60-83-71 00558156,-60.0,REPAIRS_AND_MAINTENANCE,James Smith 31618 gas electric,F31618ALH,,PropertyExpense,
2026-01-17,60-83-71 00558156,-10.8,OTHER,Amazon Marketplace AMZNMktplace*8R5PU72G5,RSA,,PropertyExpense,
2026-01-17,60-83-71 00558156,-12.4,OTHER,Amazon Marketplace AMZNMktplace*UU02438L5,RSA,,PropertyExpense,
2026-01-17,60-83-71 00558156,-7.99,OTHER,Amazon Marketplace AMZNMktplace*FV3E07GU5,RSA,,PropertyExpense,
2026-01-17,60-83-71 00558156,-81.0,REPAIRS_AND_MAINTENANCE,Letisha Lowe leak,F1169FAW,,PropertyExpense,
2026-01-17,60-83-71 00558156,30.0,REVENUE,UVAROV S 20 4-6 UVAROV,F2046ALH,,OurRent,
2026-01-17,60-83-71 00558156,1000.0,REVENUE,UVAROV S 20 4-6 UVAROV,F2046ALH,,OurRent,
2026-01-17,60-83-71 00558156,-6.0,VEHICLES,BP BP NEWHAM AVENUE CONVE,,,PersonalExpense,Garage
2026-01-17,60-83-71 00558156,-59.98,OTHER,Amazon Marketplace AMZNMktplace*2301M7OB5,RSA,,PropertyExpense,
2026-01-17,60-83-71 00558156,-14.7,REPAIRS_AND_MAINTENANCE,Amazon AMAZON* 6X1D42HQ5,RSA,,PropertyExpense,
2026-01-17,60-83-71 00558156,-13.98,OTHER,Amazon Marketplace AMZNMktplace*U38K47B55,RSA,,PropertyExpense,
2026-01-17,60-83-71 00558156,-32.95,FOOD_AND_DRINK,Marks & Spencer MARKS&SPENCER PLC,,,PersonalExpense,M&S
2026-01-17,60-83-71 00558156,-6.35,OTHER,Amazon Marketplace AMZNMktplace*TF81B1QN5,RSA,,PropertyExpense,
2026-01-17,60-83-71 00558156,-7.12,OTHER,Amazon Marketplace AMZNMktplace*M93JH1CI5,RSA,,PropertyExpense,
2026-01-18,60-83-71 00558156,-37.76,REPAIRS_AND_MAINTENANCE,Amazon Amazon.co.uk*0M6BO31B5,RSA,,PropertyExpense,
2026-01-18,60-83-71 00558156,-14.7,OTHER,Amazon Marketplace AMZNMktplace*TK80A0EY5,RSA,,PropertyExpense,
2026-01-18,60-83-71 00558156,-15.45,OTHER,Amazon Marketplace AMZNMktplace*RO59W3NQ5,RSA,,PropertyExpense,
2026-01-18,60-83-71 00558156,-99.63,FOOD_AND_DRINK,ALDI ALDI STORES 776-97,,,PersonalExpense,ALDI
2026-01-18,60-83-71 00558156,-45.43,EQUIPMENT,Home Bargains HOME BARGAINS,,,PersonalExpense,Household
2026-01-18,60-83-71 00558156,-5.7,REPAIRS_AND_MAINTENANCE,Co-op CO OPERATIVE FOOD,,,PersonalExpense,COOP
2026-01-18,60-83-71 00558156,-100.0,REPAIRS_AND_MAINTENANCE,Ivana  VALENTINO food,,,PersonalExpense,Ivana
2026-01-18,60-83-71 00558156,-369.87,OTHER,Amazon Marketplace AMZNMktplace*PW7BF0UA5,RSA,,PropertyExpense,
2026-01-19,60-83-71 00558156,-243.69,NONE,OVO ENERGY LTD PWBT1768827441349 321 London Road landlord supply not paid since Jan 2025.,321LON,,OtherExpense,
2026-01-19,60-83-71 00558156,-20.0,REPAIRS_AND_MAINTENANCE,Peter Taperek 41214 gas,F41214ALH,,PropertyExpense,
2026-01-19,20-74-09 40406538,-3.4,Contactless Card Purchase,COSTA COFFEE 43011    ON 17 JAN CLP,,,PersonalExpense,EatingOut
2026-01-19,20-74-09 40406538,100.0,Counter Credit,Rsa Capital Limite    food BGC,,,Interbank,
2026-01-19,20-53-97 30728691,-356.67,Direct Debit,BHAM MIDSHIRES        6092042862000000 DDR,F2321LON,,Mortgage,
2026-01-19,20-53-97 30728691,5280.47,Counter Credit,Rsa Capital Limite    mortgages BGC,,,Interbank,
2026-01-19,60-83-71 00558156,980.0,REVENUE,GONGORA OLIVA J FLAT 22 4-6 ALHAMB,F2246ALH,,OurRent,
2026-01-19,60-83-71 00558156,-26.26,FOOD_AND_DRINK,Waitrose WAITROSE STORES,,,PersonalExpense,Waitrose
2026-01-19,20-74-09 40406538,-45.0,Funds Transfer,ROCCO VALENTINO       CREATINE FT,,,PersonalExpense,Rocco
2026-01-19,60-83-71 00558156,-83.59,VEHICLES,Elstow Service Station ELSTOW SERVICE STATION,,,PersonalExpense,Garage
2026-01-20,60-83-71 00558156,-1560.0,REPAIRS_AND_MAINTENANCE,A Beck Plumbing & Heating LTD 26238 131618 boile,F31618ALH,,PropertyExpense,
2026-01-20,60-83-71 00558156,-21.65,FOOD_AND_DRINK,Tesco TESCO STORES 2547,,,PersonalExpense,Tesco
2026-01-20,60-83-71 00558156,-150.0,REPAIRS_AND_MAINTENANCE,Ivana  VALENTINO pport,,,PersonalExpense,Other
2026-01-20,20-74-09 40406538,-150.0,Funds Transfer,SOFIA VALENTINO-TU    PASSPORT FT,,,PersonalExpense,Sofia
2026-01-20,60-83-71 00558156,-250.0,VEHICLES,Ivana Valentino car,,,RegularPayment,Ivana
2026-01-20,60-83-71 00558156,-30.0,WORKPLACE,OVO Energy HTTPS://OVOENERGYPAYME,,,PropertyExpense,
2026-01-20,60-83-71 00558156,-4.98,REPAIRS_AND_MAINTENANCE,Jijo George flat 1 171,F1171FAW,,PropertyExpense,
2026-01-20,60-83-71 00558156,-11.89,REPAIRS_AND_MAINTENANCE,Peter Taperek 31618 light bulbs,F31618ALH,,PropertyExpense,
2026-01-20,60-83-71 00558156,880.0,REVENUE,Emily Cove 21 4-6 Alhambra,F2146ALH,,OurRent,
2026-01-20,60-83-71 00558156,-11.98,OTHER,Amazon Marketplace AMZNMktplace*JI6X24BN5,RSA,,PropertyExpense,
2026-01-20,60-83-71 00558156,-16.75,REPAIRS_AND_MAINTENANCE,Peter Taperek 31618 lock,F31618ALH,,PropertyExpense,
2026-01-20,60-83-71 00558156,-12.99,REPAIRS_AND_MAINTENANCE,Peter Taperek 31618 lights,F31618ALH,,PropertyExpense,
2026-01-20,20-74-09 40406538,150.0,Counter Credit,Rsa Capital Limite    pport BGC,,,Interbank,
2026-01-20,60-83-71 00558156,694.6,REVENUE,CHARTERS ESTATE AGENTS LIMITED Flat 10 1214 Alham,F101214ALH,,OurRent,
2026-01-21,20-74-09 40406538,-7.15,Contactless Card Purchase,CO OPERATIVE FOOD     ON 20 JAN CLP,,,PersonalExpense,COOP
2026-01-21,20-74-09 60458872,-27.71,Credit Payment,INTEREST CHARGED      INTEREST CHARGED,,,OtherExpense,
2026-01-21,60-83-71 00558156,-25.33,REPAIRS_AND_MAINTENANCE,Peter Taperek 111214 sink,F111214ALH,,PropertyExpense,
2026-01-21,20-74-09 60458872,-9.99,Card Purchase,AMZNMktplace*6C3E8    ON 20 JAN BCC,,,PersonalExpense,Amazon
2026-01-21,60-83-71 00558156,-10.0,REPAIRS_AND_MAINTENANCE,Peter Taperek keys 3 1618,F31618ALH,,PropertyExpense,
2026-01-21,20-53-97 30728691,-10.0,Direct Debit,ID MOBILE LIMITED     11245718/001 DDR,,,RegularPayment,
2026-01-21,60-83-71 00558156,-35.65,FOOD_AND_DRINK,Marks & Spencer MARKS&SPENCER PLC SACA,,,PersonalExpense,M&S
2026-01-21,20-53-97 30728691,-10.0,Direct Debit,ID MOBILE LIMITED     11888885/001 DDR,,,RegularPayment,
2026-01-21,60-83-71 00558156,-125.0,PROFESSIONAL_SERVICES,Albany Carpet and Upholstery 4249 169 carpet,169FAW,,PropertyExpense,
2026-01-21,60-83-71 00558156,695.0,REVENUE,Brett 000000003568389310,F3163FRA,,OurRent,
2026-01-22,60-83-71 00558156,-13.5,VEHICLES,BP BP NEWHAM AVENUE CONVE,,,PersonalExpense,Garage
2026-01-22,20-74-09 60458872,-30.0,Funds Transfer,SOFIA                 PETROLPARKING FT,,,PersonalExpense,Sofia
2026-01-22,60-83-71 00558156,-100.0,FOOD_AND_DRINK,Ivana  VALENTINO food,,,PersonalExpense,Ivana
2026-01-22,20-53-97 30728691,-450.05,Direct Debit,BHAM MIDSHIRES        6092076296020000 DDR,196AKIN,,Mortgage,
2026-01-22,60-83-71 00558156,-852.97,INTEREST_PAYMENTS,Ivana Valentino mortgages,,,MortgageRefund,Ivana
2026-01-22,60-83-71 00558156,-15.49,OTHER,Amazon Marketplace AMZNMktplace*CW03T4345 ubend flat 4 12-14,RSA,,PropertyExpense,
2026-01-22,20-74-09 40406538,-6.49,Contactless Card Purchase,COSTA COFFEE 43011    ON 21 JAN CLP,,,PersonalExpense,EatingOut
2026-01-22,20-53-97 30728691,-26.25,Credit Payment,INTEREST CHARGED      INTEREST CHARGED,,,OtherExpense,
2026-01-22,20-74-09 40406538,-10.15,Contactless Card Purchase,CO- OPERATIVE FOOD    ON 21 JAN CLP,,,PersonalExpense,COOP
2026-01-22,20-74-09 40406538,-12.64,Credit Payment,INTEREST CHARGED      INTEREST CHARGED,,,OtherExpense,
2026-01-23,60-83-71 00558156,750.0,REVENUE,MOORE J W F3 12-14,F31214ALH,,OurRent,
2026-01-23,20-74-09 40406538,-8.7,Contactless Card Purchase,CO OPERATIVE FOOD     ON 22 JAN CLP,,,PersonalExpense,COOP
2026-01-23,20-74-09 40406538,-60.0,Funds Transfer,SOFIA VALENTINO-TU    FOOD PETROL FT,,,PersonalExpense,Sofia
2026-01-23,20-74-09 40406538,100.0,Counter Credit,Rsa Capital Limite    food BGC,,,Interbank,
2026-01-23,20-53-97 30728691,852.97,Counter Credit,Rsa Capital Limite    mortgages BGC,,,Interbank,
2026-01-23,60-83-71 00558156,750.0,REVENUE,"A JOY ANGEL JOY  ,FLAT 7",F71214ALH,,OurRent,
2026-01-23,60-83-71 00558156,750.0,REVENUE,Michael  Pedace FLAT2 171FAWCETT,F2171FAW,,OurRent,
2026-01-23,60-83-71 00558156,-35.58,FOOD_AND_DRINK,ALDI ALDI STORES 776-97,,,PersonalExpense,ALDI
2026-01-23,20-74-09 40406538,-8.1,Contactless Card Purchase,CO OPERATIVE FOOD     ON 22 JAN CLP,,,PersonalExpense,COOP
2026-01-24,60-83-71 00558156,-10.74,REPAIRS_AND_MAINTENANCE,Co-op CO OPERATIVE FOOD,,,PersonalExpense,COOP
2026-01-24,60-83-71 00558156,-0.65,REPAIRS_AND_MAINTENANCE,Co-op CO OPERATIVE FOOD,,,PersonalExpense,COOP
2026-01-25,60-83-71 00558156,-25.0,PROFESSIONAL_SERVICES,Milton-Keynes WWW.MILTON-KEYNES.GOV.,,,PersonalExpense,Other
2026-01-25,60-83-71 00558156,-22.85,REPAIRS_AND_MAINTENANCE,Co-op CO OPERATIVE FOOD,,,PersonalExpense,COOP
2026-01-25,60-83-71 00558156,-49.1,FOOD_AND_DRINK,Taipan TAIPAN,,,PersonalExpense,EatingOut
2026-01-25,60-83-71 00558156,-14.5,FOOD_AND_DRINK,Taipan TAIPAN,,,PersonalExpense,EatingOut
2026-01-25,60-83-71 00558156,-680.0,REPAIRS_AND_MAINTENANCE,Central Energy South Limited 548 rcd EICR 41214,F41214ALH,,PropertyExpense,
2026-01-26,60-83-71 00558156,-9.99,OTHER,Amazon Marketplace AMZNMktplace*JG9HD3VD5,RSA,,PropertyExpense,
2026-01-26,60-83-71 00558156,-9.15,FOOD_AND_DRINK,Starbucks Starbucks 12167,,,PersonalExpense,EatingOut
2026-01-26,60-83-71 00558156,-34.95,OTHER,Amazon Marketplace AMZNMktplace*AU5ZQ5G85,RSA,,PropertyExpense,
2026-01-26,60-83-71 00558156,-75.2,VEHICLES,New County Service Sta NEW COUNTY SERVICE STA,,,PersonalExpense,Garage
2026-01-26,20-74-09 40406538,-4.65,Contactless Card Purchase,LIDL GB BEDFORD ST    ON 23 JAN CLP,,,PersonalExpense,LIDL
2026-01-26,20-74-09 40406538,-16.55,Contactless Card Purchase,THE DENMARK ST FIS    ON 23 JAN CLP,,,PersonalExpense,Other
2026-01-26,20-53-97 30728691,-27.42,Direct Debit,H3G                   980404269602200097 DD,,,RegularPayment,
2026-01-26,60-83-71 00558156,-13.99,OTHER,Amazon Marketplace AMZNMktplace*C65SW93M5,RSA,,PropertyExpense,
2026-01-26,60-83-71 00558156,-20.35,REPAIRS_AND_MAINTENANCE,Co-op CO OPERATIVE FOOD,,,PersonalExpense,COOP
2026-01-26,20-74-09 40406538,-14.2,Contactless Card Purchase,CO OPERATIVE FOOD     ON 23 JAN CLP,,,PersonalExpense,COOP
2026-01-26,60-83-71 00558156,-17.99,OTHER,Amazon Marketplace AMZNMktplace*EY5OO0P45,RSA,,PropertyExpense,
2026-01-26,20-74-09 60458872,-5.0,Direct Debit,PAYPAL PAYMENT        5CM22229DF5GW DDR,,,RegularPayment,
2026-01-26,60-83-71 00558156,-1000.0,DIRECTORS_WAGES,Rocco VALENTINO TUCKER salary P10,,,PersonalExpense,Rocco
2026-01-27,60-83-71 00558156,-2.5,TRAVEL,Mk Council MK COUNCIL - IPS,,,PersonalExpense,Other
2026-01-27,60-83-71 00558156,-8.99,ADMIN,Amazon Prime Amazon Prime*JW6FX7YQ5,RSA,,PropertyExpense,
2026-01-27,60-83-71 00558156,-31.75,FOOD_AND_DRINK,Marks & Spencer MARKS&SPENCER PLC,,,PersonalExpense,M&S
2026-01-27,20-74-09 40406538,-20.0,Funds Transfer,SOFIA VALENTINO-TU    LOVE MUMMY FT,,,PersonalExpense,Sofia
2026-01-27,60-83-71 00558156,825.0,REVENUE,William Sait W SAIT RENT,F3169FAW,,OurRent,
2026-01-27,60-83-71 00558156,-18.55,REPAIRS_AND_MAINTENANCE,Co-op CO OPERATIVE FOOD,,,PersonalExpense,COOP
2026-01-27,60-83-71 00558156,-6.48,FOOD_AND_DRINK,Budgens BUDGENS,,,PersonalExpense,Budgens
2026-01-27,60-83-71 00558156,-17.09,REPAIRS_AND_MAINTENANCE,Peter Taperek 31618 sink tap,F31618ALH,,PropertyExpense,
2026-01-27,60-83-71 00558156,-416.17,WORKPLACE,OVO Energy OVO Energy Ltd fawcet Road 1 year bill,169FAW,,PropertyExpense,
2026-01-27,60-83-71 00558156,-39.25,VEHICLES,BP BP BEDFORD EXPRESS,,,PersonalExpense,Garage
2026-01-27,60-83-71 00558156,900.0,REVENUE,D McGowan 1846,F1846ALH,,OurRent,
2026-01-27,60-83-71 00558156,695.0,REVENUE,Tap 000000003579118740,F61618ALH,,PropertyExpense,
2026-01-28,60-83-71 00558156,825.0,REVENUE,"K Hudson RENT 16,16-18",F161618ALH,,OurRent,
2026-01-28,60-83-71 00558156,452.0,REVENUE,CHARTERS ESTATE AGENTS LIMITED Shop 196 Kingston,SHOP196KIN,,OurRent,
2026-01-28,20-53-97 30728691,-489.87,Direct Debit,TOGETHER COMMERCIA    10279063 DDR,,,RegularPayment,SFLoan
2026-01-28,60-83-71 00558156,-27.15,OTHER,Primark PRIMARK 434,,,PersonalExpense,Clothing
2026-01-28,60-83-71 00558156,850.0,REVENUE,Matthew  Watts 196A KINGSTON ROAD,196AKIN,,OurRent,
2026-01-28,60-83-71 00558156,875.0,REVENUE,Dono Kuriakose 11 16-18- rent,F111618ALH,,OurRent,
2026-01-28,60-83-71 00558156,-8.99,OTHER,Amazon Marketplace AMZNMktplace*8N2LZ60I5,RSA,,PropertyExpense,
2026-01-28,60-83-71 00558156,-11.39,FOOD_AND_DRINK,Subway SUBWAY59825,,,PersonalExpense,EatingOut
2026-01-28,60-83-71 00558156,-47.87,FOOD_AND_DRINK,Marks & Spencer MARKS&SPENCER PLC SACA,,,PersonalExpense,M&S
2026-01-28,20-53-97 30728691,-38.0,Direct Debit,BOOTS OPTICIANS       A45028400000736 DDR,,,PersonalExpense,Pharmacy/Opticians/Dental
2026-01-28,60-83-71 00558156,-3.59,REPAIRS_AND_MAINTENANCE,Amazon Amazon.co.uk*7L5DK5RD5,RSA,,PropertyExpense,
2026-01-28,60-83-71 00558156,-1.99,PHONE_AND_INTERNET,Microsoft Microsoft*Microsoft 36,,,PersonalExpense,Other
2026-01-29,60-83-71 00558156,679.0,REVENUE,Hannah Elliot 4163 Rent,F4163FRA,,OurRent,
2026-01-29,20-74-09 40406538,-60.0,Funds Transfer,SOFIA VALENTINO-TU    FOOD FT,,,PersonalExpense,Sofia
2026-01-29,60-83-71 00558156,-8.75,REPAIRS_AND_MAINTENANCE,Co-op CO OPERATIVE FOOD,,,PersonalExpense,COOP
2026-01-29,20-74-09 40406538,100.0,Counter Credit,Rsa Capital Limite    food BGC,,,Interbank,
2026-01-29,20-74-09 60458872,-30.0,Funds Transfer,SOFIA                 PETROL FT,,,PersonalExpense,Sofia
2026-01-29,60-83-71 00558156,-100.0,REPAIRS_AND_MAINTENANCE,Ivana  VALENTINO food,,,PersonalExpense,Ivana
2026-01-29,60-83-71 00558156,-24.84,REPAIRS_AND_MAINTENANCE,Amazon Amazon.co.uk*EW5OU55Z5,RSA,,PropertyExpense,
2026-01-29,60-83-71 00558156,-3.3,FOOD_AND_DRINK,Costa Coffee COSTA COFFEE 43011803,,,PersonalExpense,EatingOut
2026-01-29,60-83-71 00558156,-42.65,REPAIRS_AND_MAINTENANCE,Amazon Amazon.co.uk*8L8E739S5,RSA,,PropertyExpense,
2026-01-29,60-83-71 00558156,-11.98,FOOD_AND_DRINK,Boots BOOTS 6568,,,PersonalExpense,Pharmacy/Opticians/Dental
2026-01-29,60-83-71 00558156,-86.99,PROFESSIONAL_SERVICES,Specsavers SPECSAVERS 00052000BED,,,PersonalExpense,Pharmacy/Opticians/Dental
2026-01-29,60-83-71 00558156,905.0,REVENUE,Kye Elliott-Street Rsa Capital Limite,F68ALH,,Interbank,
2026-01-29,60-83-71 00558156,-8.2,REPAIRS_AND_MAINTENANCE,Co-op CO OPERATIVE FOOD,,,PersonalExpense,COOP
2026-01-29,20-53-97 30728691,-317.34,Direct Debit,BHAM MIDSHIRES        6092036837070000 DDR,F4163FRA,,Mortgage,
2026-01-29,60-83-71 00558156,-11.5,VEHICLES,BP BP BEDFORD EXPRESS,,,PersonalExpense,Garage
2026-01-29,60-83-71 00558156,-12.15,REPAIRS_AND_MAINTENANCE,Co-op CO OPERATIVE FOOD,,,PersonalExpense,COOP
2026-01-30,20-53-97 30728691,-441.18,Direct Debit,PARAGON BANK PLC      002186317 10131800 DD,F58ALH,,Mortgage,
2026-01-30,60-83-71 00558156,1005.0,REVENUE,KARUN 19 4-6,F1946ALH,,OurRent,
2026-01-30,60-83-71 00558156,-12.44,REPAIRS_AND_MAINTENANCE,Co-op CO OPERATIVE FOOD,,,PersonalExpense,COOP
2026-01-30,20-53-97 30728691,-441.18,Direct Debit,PARAGON BANK PLC      002186356 10131800 DD,F1846ALH,,Mortgage,
2026-01-30,60-83-71 00558156,-6.3,REPAIRS_AND_MAINTENANCE,Co-op CO OPERATIVE FOOD,,,PersonalExpense,COOP
2026-01-30,20-53-97 30728691,-453.42,Direct Debit,MORTGAGE TRUST        002197389 10131800 DD,F71214ALH,,Mortgage,
2026-01-30,60-83-71 00558156,950.0,REVENUE,K Thu KAUNG THU FLAT 13,F131618ALH,,OurRent,
2026-01-30,20-53-97 30728691,-441.18,Direct Debit,PARAGON BANK PLC      002186357 10131800 DD,F1746ALH,,Mortgage,
2026-01-30,60-83-71 00558156,800.0,REVENUE,ALDINGTON H FLAT 4 321LONDONRD,F4321LON,,OurRent,
2026-01-30,20-74-09 60458872,15.0,Credit,SSE SOUTHERN E        6882766014 REV0001Pa,169FAW,,OtherIncome,
2026-01-30,20-74-09 40406538,-46.0,Card Purchase,SPECSAVERS            ON 29 JAN BCC,,,PersonalExpense,Pharmacy/Opticians/Dental
2026-01-30,60-83-71 00558156,-2649.59,INTEREST_PAYMENTS,Ivana Valentino mortgages,,,MortgageRefund,Ivana
2026-01-30,60-83-71 00558156,-250.0,REPAIRS_AND_MAINTENANCE,Jijo George 12 31214 paint,F31214ALH,,PropertyExpense,
2026-01-30,20-74-09 60458872,-15.0,Standing Order,SSE SOUTHERN ELECT    6882766014 STO,169FAW,,PropertyExpense,
2026-01-31,60-83-71 00558156,-48.7,FOOD_AND_DRINK,Marks & Spencer MARKS&SPENCER PLC,,,PersonalExpense,M&S
2026-01-31,60-83-71 00558156,-60.0,REPAIRS_AND_MAINTENANCE,Central Energy South Limited 557 11 1214 sink,F111214ALH,,PropertyExpense,
