Number,Date,Account,Amount,Subcategory,Memo
948389,02/04/2026,20-74-09 40406538,-34.44,Direct Debit,PNET5304976-1         PNET5304976-1 DDR
0,02/04/2026,20-74-09 40406538,-4.50,Contactless Card Purchase,MK COUNCIL - IPS      ON 01 APR CLP
0,07/04/2026,20-74-09 40406538,-5.00,Funds Transfer,ALESSIO VALENTINO-    FROM MUMMY FT
0,07/04/2026,20-74-09 40406538,100.00,Counter Credit,Rsa Capital Limite    trd BGC
0,07/04/2026,20-74-09 40406538,-35.00,Funds Transfer,ALESSIO VALENTINO-    FROM MUMMY FT
298372,09/04/2026,20-74-09 40406538,-8.00,Direct Debit,ID MOBILE LIMITED     12253154/001 DDR
0,09/04/2026,20-74-09 40406538,-7.00,Funds Transfer,ALESSIO VALENTINO-    FROM MUMMY FT
0,10/04/2026,20-74-09 40406538,-20.00,Funds Transfer,SOFIA VALENTINO-TU    LOVE MUMMY FT
0,13/04/2026,20-74-09 40406538,-10.00,Funds Transfer,ALESSIO VALENTINO-    FROM MUMMY FT
0,13/04/2026,20-74-09 40406538,-10.00,Funds Transfer,SOFIA VALENTINO-TU    LOVE MUMMY FT
0,15/04/2026,20-74-09 40406538,-10.00,Funds Transfer,ROCCO VALENTINO       DRINK FT
0,20/04/2026,20-74-09 40406538,100.00,Counter Credit,Rsa Capital Limite    trf BGC
0,20/04/2026,20-74-09 40406538,-10.00,Funds Transfer,ALESSIO VALENTINO-    FROM MUMMY FT
0,20/04/2026,20-74-09 40406538,-10.00,Funds Transfer,ROCCO VALENTINO       FOOD FT
0,20/04/2026,20-74-09 40406538,-15.00,Funds Transfer,SOFIA VALENTINO-TU    FOOD FT
0,20/04/2026,20-74-09 40406538,-26.00,Funds Transfer,ALESSIO VALENTINO-    FROM MUMMY FT
0,22/04/2026,20-74-09 40406538,-12.01,Credit Payment,INTEREST CHARGED      INTEREST CHARGED
0,23/04/2026,20-74-09 40406538,100.00,Counter Credit,Rsa Capital Limite    trf BGC
0,23/04/2026,20-74-09 40406538,-15.00,Funds Transfer,SOFIA VALENTINO-TU    LOVE MUMMY FT
0,23/04/2026,20-74-09 40406538,-20.00,Funds Transfer,ROCCO VALENTINO       OHARAMACY FT
0,24/04/2026,20-74-09 40406538,27.77,Counter Credit,DD REFUND BGC         DD REFUND BGC
0,29/04/2026,20-74-09 40406538,-5.35,Contactless Card Purchase,BUDGENS               ON 28 APR CLP
0,29/04/2026,20-74-09 40406538,-13.78,Contactless Card Purchase,SUBWAY59825           ON 28 APR CLP
