Date,Counter Party,Reference,Type,Amount (GBP),Balance (GBP),Spending Category,Notes
01/03/2026,Alhambra Road,M Tucker SC,FASTER PAYMENT,-465.00,60822.85,REPAIRS_AND_MAINTENANCE,
01/03/2026,Alhambra Road,M Tucker SC,FASTER PAYMENT,-320.00,60502.85,REPAIRS_AND_MAINTENANCE,
01/03/2026,ALHHAMBRA ROAD,M Tucker SC,FASTER PAYMENT,-315.00,60187.85,REPAIRS_AND_MAINTENANCE,
01/03/2026,Microsoft,Microsoft*Microsoft 36,CARD SUBSCRIPTION,-1.99,60185.86,PHONE_AND_INTERNET,
01/03/2026,Letisha Lowe,Latisha Rent,FASTER PAYMENT,825.00,61010.86,REVENUE,
01/03/2026,Tesco,TESCO STORES 2105,CHIP & PIN,-159.63,60851.23,FOOD_AND_DRINK,
01/03/2026,R Cowie,FLAT 14. PO4 0RF,FASTER PAYMENT,925.00,61776.23,REVENUE,
01/03/2026,Nicole  Byrne,FL7 ALHAMBRA RD,FASTER PAYMENT,775.00,62551.23,REVENUE,
01/03/2026,Co-op,CO OPERATIVE FOOD,CONTACTLESS,-9.80,62541.43,REPAIRS_AND_MAINTENANCE,
02/03/2026,ELLIE BARTON,12  Alhambra Road,FASTER PAYMENT,850.00,63391.43,REVENUE,
02/03/2026,Matthew  Watts,196A KINGSTON ROAD,FASTER PAYMENT,850.00,64241.43,REVENUE,
02/03/2026,DAVIES P+J,FLAT3 321 PO2 9HQ,FASTER PAYMENT,525.00,64766.43,REVENUE,
02/03/2026,Mr A J  FITZGERALD,FLAT 23 4-6 ALHAMB,FASTER PAYMENT,980.00,65746.43,REVENUE,
02/03/2026,Sean Connacher,rent,FASTER PAYMENT,525.00,66271.43,REVENUE,
02/03/2026,TK Maxx,T K MAXX,CONTACTLESS,-51.16,66220.27,OTHER,
02/03/2026,Marks & Spencer,MARKS&SPENCER PLC,CONTACTLESS,-70.78,66149.49,FOOD_AND_DRINK,
02/03/2026,Matt GRANIL,Flat 2 PO4 ODH,FASTER PAYMENT,775.00,66924.49,REVENUE,
02/03/2026,Ivana Valentino 3072,mortgages ,FASTER PAYMENT,-5457.36,61467.13,INTEREST_PAYMENTS,
03/03/2026,THE DISPUTE SERVIC,TDSEW31124612,FASTER PAYMENT,100.00,61567.13,REVENUE,
03/03/2026,British Gas,BRITISH GAS,ONLINE PAYMENT,-30.00,61537.13,WORKPLACE,flat 2 321 London Road top up. smart meter 
03/03/2026,Boots,BOOTS 6407,CONTACTLESS,-27.89,61509.24,FOOD_AND_DRINK,
03/03/2026,Ivana Valentino 3072,mortgages ,FASTER PAYMENT,-5650.39,55858.85,INTEREST_PAYMENTS,
03/03/2026,Co-op,CO OPERATIVE FOOD,CONTACTLESS,-9.80,55849.05,REPAIRS_AND_MAINTENANCE,
03/03/2026,OVO Energy,WWW.OVOENERGY.COM,ONLINE PAYMENT,-30.00,55819.05,WORKPLACE,flat 1 171 fawcett Rd top up electricity
03/03/2026,Amazon Marketplace,AMZNMktplace*039GD6RY5,ONLINE PAYMENT,-17.99,55801.06,OTHER,
04/03/2026,Amazon Marketplace,AMZNMktplace*4R1432VY5,ONLINE PAYMENT,-57.99,55743.07,OTHER,
04/03/2026,A Ancy Treesa Math,23 C HT  MAR RENT,FASTER PAYMENT,1050.00,56793.07,REVENUE,
04/03/2026,Co-op,CO OPERATIVE FOOD,CONTACTLESS,-13.85,56779.22,REPAIRS_AND_MAINTENANCE,
04/03/2026,Rocco VALENTINO TUCKER,salary p11,FASTER PAYMENT,-1000.00,55779.22,REPAIRS_AND_MAINTENANCE,
04/03/2026,Central Energy South Limited,608 1171 faw,FASTER PAYMENT,-940.00,54839.22,REPAIRS_AND_MAINTENANCE,
04/03/2026,Central Energy South Limited,611 41214 heating,FASTER PAYMENT,-60.00,54779.22,REPAIRS_AND_MAINTENANCE,
04/03/2026,Marks & Spencer,MARKS&SPENCER PLC SACA,CONTACTLESS,-37.05,54742.17,FOOD_AND_DRINK,
04/03/2026,S Bijumon,RENT FOR mar 2026,FASTER PAYMENT,1000.00,55742.17,REVENUE,
05/03/2026,4 Alhambra,SEQUENCE  UK  LIMI,DIRECT CREDIT,184.99,55927.16,REVENUE,
05/03/2026,Home Bargains,HOME BARGAINS,CONTACTLESS,-43.96,55883.20,EQUIPMENT,
05/03/2026,DANIELLE FULKER,Flat3171Fawcett,FASTER PAYMENT,850.00,56733.20,REVENUE,
05/03/2026,Co-op,CO OPERATIVE FOOD,CONTACTLESS,-16.30,56716.90,REPAIRS_AND_MAINTENANCE,
05/03/2026,Co-op,CO OPERATIVE FOOD,CONTACTLESS,-9.45,56707.45,REPAIRS_AND_MAINTENANCE,
05/03/2026,Co-op,CO- OPERATIVE FOOD,CONTACTLESS,-12.85,56694.60,REPAIRS_AND_MAINTENANCE,
05/03/2026,Elstow Service Station,J BROS ELSTOW SERVICE,CHIP & PIN,-76.49,56618.11,VEHICLES,
06/03/2026,Co-op,CO OPERATIVE FOOD,CONTACTLESS,-4.25,56613.86,REPAIRS_AND_MAINTENANCE,
06/03/2026,Marks & Spencer,MARKS&SPENCER PLC SACA,CONTACTLESS,-12.00,56601.86,FOOD_AND_DRINK,
06/03/2026,Ivana  VALENTINO,trf,FASTER PAYMENT,-100.00,56501.86,STAFF,
06/03/2026,Jijo George,16 2 321 london rd,FASTER PAYMENT,-320.00,56181.86,REPAIRS_AND_MAINTENANCE,
06/03/2026,Jijo George,2 321 lon repairs ,FASTER PAYMENT,-33.46,56148.40,REPAIRS_AND_MAINTENANCE,
07/03/2026,Co-op,CO OPERATIVE FOOD,CONTACTLESS,-8.05,56140.35,REPAIRS_AND_MAINTENANCE,
07/03/2026,Co-op,CO OPERATIVE FOOD,CONTACTLESS,-14.28,56126.07,REPAIRS_AND_MAINTENANCE,
07/03/2026,Co-op,CO OPERATIVE FOOD,CONTACTLESS,-2.50,56123.57,REPAIRS_AND_MAINTENANCE,
07/03/2026,Mk Council,MK COUNCIL - IPS,CONTACTLESS,-2.50,56121.07,TRAVEL,
07/03/2026,Marks & Spencer,MARKS&SPENCER PLC,CONTACTLESS,-18.50,56102.57,FOOD_AND_DRINK,
07/03/2026,Google Play,Google One,CARD SUBSCRIPTION,-2.49,56100.08,ADMIN,
07/03/2026,IMO Carwash ,ANDUFF CAR WASH LIMITE,CONTACTLESS,-13.00,56087.08,VEHICLES,
09/03/2026,J BOTTLE,RENT,FASTER PAYMENT,825.00,56912.08,REVENUE,
09/03/2026,Amazon Marketplace,AMZNMktplace*M10FA02W5,ONLINE PAYMENT,-9.80,56902.28,OTHER,
10/03/2026,Budgens,BUDGENS,CONTACTLESS,-6.45,56895.83,FOOD_AND_DRINK,
10/03/2026,Co-op,CO OPERATIVE FOOD,CONTACTLESS,-14.50,56881.33,REPAIRS_AND_MAINTENANCE,
10/03/2026,Co-op,CO OPERATIVE FOOD,CONTACTLESS,-5.25,56876.08,REPAIRS_AND_MAINTENANCE,
11/03/2026,Brett Ricketts,"8, 8 Alhambra",FASTER PAYMENT,900.00,57776.08,REVENUE,
11/03/2026,Marks & Spencer,MARKS&SPENCER PLC SACA,CONTACTLESS,-43.44,57732.64,FOOD_AND_DRINK,
11/03/2026,Ivana  VALENTINO,trf,FASTER PAYMENT,-100.00,57632.64,FOOD_AND_DRINK,
12/03/2026,Samuel Kirwin,Rent 5 12-14 SK,FASTER PAYMENT,800.00,58432.64,REVENUE,
12/03/2026,Boots,"BOOTS,MILTON",CONTACTLESS,-29.86,58402.78,FOOD_AND_DRINK,
12/03/2026,Superdrug,SUPERDRUG STORES PLC,CONTACTLESS,-13.74,58389.04,OTHER,
12/03/2026,Co-op,CO- OPERATIVE FOOD,CONTACTLESS,-6.50,58382.54,REPAIRS_AND_MAINTENANCE,
12/03/2026,Co-op,CO- OPERATIVE FOOD,CONTACTLESS,-2.90,58379.64,REPAIRS_AND_MAINTENANCE,
12/03/2026,Marks & Spencer,MARKS&SPENCER PLC,CONTACTLESS,-25.68,58353.96,FOOD_AND_DRINK,
12/03/2026,Central Energy South Limited,628 3 12-14 toilet,FASTER PAYMENT,-115.00,58238.96,REPAIRS_AND_MAINTENANCE,
12/03/2026,Symonds Maintenance Services Ltd,5432  2321 garden ,FASTER PAYMENT,-594.00,57644.96,REPAIRS_AND_MAINTENANCE,
12/03/2026,Ivana Valentino 3072,mortgages ,FASTER PAYMENT,-1823.64,55821.32,INTEREST_PAYMENTS,
13/03/2026,Lucinda Francis,"7, 8 Alhambra Road",FASTER PAYMENT,850.00,56671.32,REVENUE,
13/03/2026,Trainline,TRAINLINE,ONLINE PAYMENT,-27.55,56643.77,TRAVEL,
13/03/2026,New County Service Sta,NEW COUNTY SERVICE STA,CHIP & PIN,-91.37,56552.40,VEHICLES,
13/03/2026,ALDI,ALDI STORES 776-97,CONTACTLESS,-42.52,56509.88,FOOD_AND_DRINK,
14/03/2026,Lauren Bullock,LBULLOCK-17-Alhamb,FASTER PAYMENT,900.00,57409.88,REVENUE,
14/03/2026,British Gas,BRITISH GAS,CARD PAYMENT,-20.00,57389.88,WORKPLACE,
14/03/2026,Tesco,TESCO STORES 2547,CHIP & PIN,-148.76,57241.12,FOOD_AND_DRINK,
14/03/2026,Co-op,CO OPERATIVE FOOD,CONTACTLESS,-3.70,57237.42,REPAIRS_AND_MAINTENANCE,
14/03/2026,Peter Taperek,23 3-6 repair,FASTER PAYMENT,-15.99,57221.43,REPAIRS_AND_MAINTENANCE,
14/03/2026,Peter Taperek,2 321 oven glass ,FASTER PAYMENT,-30.45,57190.98,REPAIRS_AND_MAINTENANCE,
14/03/2026,Peter Taperek,23 4-6 foam ,FASTER PAYMENT,-24.33,57166.65,REPAIRS_AND_MAINTENANCE,
14/03/2026,Peter Taperek,22 4_6 maintenance,FASTER PAYMENT,-23.26,57143.39,REPAIRS_AND_MAINTENANCE,
14/03/2026,BP,BEDFORD SF CONNECT,CONTACTLESS,-3.30,57140.09,VEHICLES,
14/03/2026,Peter Taperek,234_6 silicone ,FASTER PAYMENT,-20.67,57119.42,REPAIRS_AND_MAINTENANCE,
14/03/2026,Peter Taperek,23 5-6,FASTER PAYMENT,-12.30,57107.12,REPAIRS_AND_MAINTENANCE,
14/03/2026,Peter Taperek,11618 lights ,FASTER PAYMENT,-9.99,57097.13,REPAIRS_AND_MAINTENANCE,
15/03/2026,Marks & Spencer,MARKS&SPENCER PLC SACA,CONTACTLESS,-29.40,57067.73,FOOD_AND_DRINK,
15/03/2026,Central Energy South Limited,642 EICR 2321,FASTER PAYMENT,-80.00,56987.73,REPAIRS_AND_MAINTENANCE,
16/03/2026,Lucy Morton-Scott,"Flat 11, 12-14",FASTER PAYMENT,850.00,57837.73,REVENUE,
16/03/2026,Ivana Valentino 3072,mortgages ,FASTER PAYMENT,-5193.47,52644.26,INTEREST_PAYMENTS,
16/03/2026,P Saunyama,196B KING,FASTER PAYMENT,975.00,53619.26,REVENUE,
16/03/2026,Co-op,CO OPERATIVE FOOD,CONTACTLESS,-5.60,53613.66,REPAIRS_AND_MAINTENANCE,
16/03/2026,UVAROV S,20 4-6 UVAROV,FASTER PAYMENT,1000.00,54613.66,REVENUE,
16/03/2026,UVAROV S,20 4-6 UVAROV,FASTER PAYMENT,30.00,54643.66,REVENUE,
16/03/2026,R Chowdhury,FLAT RENT,FASTER PAYMENT,775.00,55418.66,REVENUE,
17/03/2026,S PERRY,FLAT 3 12-14,FASTER PAYMENT,800.00,56218.66,REVENUE,
17/03/2026,The Highlands Pharmacy,THE HIGHLANDS PHARMACY,CONTACTLESS,-19.80,56198.86,OTHER,
17/03/2026,Tesco,TESCO STORES 2547,CONTACTLESS,-13.85,56185.01,FOOD_AND_DRINK,
17/03/2026,Portsmouth City Council,PCC INTERNET PAYMENT,ONLINE PAYMENT,-978.00,55207.01,PROFESSIONAL_SERVICES,hmo license final payment 
17/03/2026,Budgens,BUDGENS,CONTACTLESS,-8.36,55198.65,FOOD_AND_DRINK,
17/03/2026,Co-op,CO OPERATIVE FOOD,CONTACTLESS,-12.05,55186.60,REPAIRS_AND_MAINTENANCE,
17/03/2026,John Easen,321LondonRd Tucker,FASTER PAYMENT,-1000.00,54186.60,REPAIRS_AND_MAINTENANCE,
18/03/2026,GONGORA OLIVA J,FLAT 22 4-6 ALHAMB,FASTER PAYMENT,980.00,55166.60,REVENUE,
18/03/2026,Tesco,TESCO STORES 2547,CONTACTLESS,-13.05,55153.55,FOOD_AND_DRINK,
18/03/2026,Budgens,BUDGENS,CONTACTLESS,-7.85,55145.70,FOOD_AND_DRINK,
18/03/2026,Marks & Spencer,MARKS&SPENCER PLC SACA,CONTACTLESS,-46.70,55099.00,FOOD_AND_DRINK,
19/03/2026,Eliesha Pettitt & Ifechukwude Okeleke,Rent,FASTER PAYMENT,875.00,55974.00,REVENUE,
19/03/2026,Co-op,CO OPERATIVE FOOD,CONTACTLESS,-12.95,55961.05,REPAIRS_AND_MAINTENANCE,
19/03/2026,Marks & Spencer,MARKS&SPENCER PLC SACA,CONTACTLESS,-41.30,55919.75,FOOD_AND_DRINK,
19/03/2026,Highlands Surgery,HIGHLANDS SURGERY,CONTACTLESS,-9.90,55909.85,PROFESSIONAL_SERVICES,
19/03/2026,Amazon Marketplace,AMZNMktplace*ZJ8M050K5,ONLINE PAYMENT,-8.95,55900.90,OTHER,
20/03/2026,Brett,000000003671940882,DIRECT CREDIT,695.00,56595.90,REVENUE,
20/03/2026,Flat 1 171 Fawcett,SEQUENCE  UK  LIMI,DIRECT CREDIT,359.99,56955.89,REVENUE,
20/03/2026,Ivana Valentino,car,FASTER PAYMENT,-250.00,56705.89,VEHICLES,
20/03/2026,Emily Cove,21 4-6 Alhambra,FASTER PAYMENT,880.00,57585.89,REVENUE,
20/03/2026,Wickes,WICKES BUILDING,ONLINE PAYMENT,-210.60,57375.29,REPAIRS_AND_MAINTENANCE,
20/03/2026,KINGSTON DOMESTIC APPLIANCES LTD,11375 17 4-6 hob,FASTER PAYMENT,-349.00,57026.29,REPAIRS_AND_MAINTENANCE,
20/03/2026,Central Energy South Limited,643 161214 lock,FASTER PAYMENT,-80.00,56946.29,REPAIRS_AND_MAINTENANCE,
20/03/2026,Central Energy South Limited,629 1171 EICR GS ,FASTER PAYMENT,-120.00,56826.29,REPAIRS_AND_MAINTENANCE,
20/03/2026,Central Energy South Limited,641 161214  eicr,FASTER PAYMENT,-650.00,56176.29,REPAIRS_AND_MAINTENANCE,
20/03/2026,Abbey FIDGEON,keys 4163,FASTER PAYMENT,-20.00,56156.29,REPAIRS_AND_MAINTENANCE,
20/03/2026,Jijo George,18 1618 repairs ,FASTER PAYMENT,-340.00,55816.29,REPAIRS_AND_MAINTENANCE,
21/03/2026,Co-op,CO OPERATIVE FOOD,CONTACTLESS,-15.25,55801.04,REPAIRS_AND_MAINTENANCE,
21/03/2026,Co-op,CO OPERATIVE FOOD,CONTACTLESS,-9.30,55791.74,REPAIRS_AND_MAINTENANCE,
21/03/2026,Co-op,CO OPERATIVE FOOD,CONTACTLESS,-9.05,55782.69,REPAIRS_AND_MAINTENANCE,
21/03/2026,Morr Bedford,MORR BEDFORD,CHIP & PIN,-91.37,55691.32,VEHICLES,
21/03/2026,ALDI,ALDI STORES 776-97,CONTACTLESS,-56.96,55634.36,FOOD_AND_DRINK,
22/03/2026,Costa Coffee,COSTA COFFEE 43011034,CONTACTLESS,-6.40,55627.96,FOOD_AND_DRINK,
22/03/2026,Co-op,CO OPERATIVE FOOD,CONTACTLESS,-3.80,55624.16,REPAIRS_AND_MAINTENANCE,
22/03/2026,Rocco VALENTINO TUCKER,office stationery ,FASTER PAYMENT,-40.00,55584.16,REPAIRS_AND_MAINTENANCE,
23/03/2026,Flat 2 321 London,SEQUENCE  UK  LIMI,DIRECT CREDIT,234.99,55819.15,REVENUE,
23/03/2026,A JOY,"ANGEL JOY  ,FLAT 7",FASTER PAYMENT,750.00,56569.15,REVENUE,
23/03/2026,Lidl Gb Bedford St Joh,LIDL GB BEDFORD ST JOH,CONTACTLESS,-23.56,56545.59,FOOD_AND_DRINK,
23/03/2026,Michael  Pedace,FLAT2 171FAWCETT,FASTER PAYMENT,750.00,57295.59,REVENUE,
23/03/2026,Co-op,CO OPERATIVE FOOD,CONTACTLESS,-28.20,57267.39,REPAIRS_AND_MAINTENANCE,
23/03/2026,Marks & Spencer,MARKS&SPENCER PLC SACA,CONTACTLESS,-66.62,57200.77,FOOD_AND_DRINK,
24/03/2026,Budgens,BUDGENS,CONTACTLESS,-8.90,57191.87,FOOD_AND_DRINK,
24/03/2026,Premier Accountancy (UK) Limited,10183 TUCKER,FASTER PAYMENT,-96.00,57095.87,ACCOUNTANCY_FEES,
24/03/2026,Home Bargains,HOME BARGAINS KINGSTON,CONTACTLESS,-6.19,57089.68,EQUIPMENT,
24/03/2026,Marks & Spencer,MARKS&SPENCER PLC SACA,CONTACTLESS,-8.85,57080.83,FOOD_AND_DRINK,
24/03/2026,CHARTERS ESTATE AGENTS LIMITED,Flat 10 1214 Alham,FASTER PAYMENT,694.60,57775.43,REVENUE,
24/03/2026,John Easen,321LondonRd Tucker,FASTER PAYMENT,-900.00,56875.43,REPAIRS_AND_MAINTENANCE,painting of external building 
24/03/2026,Salvatore Mulara,11618 keys ,FASTER PAYMENT,-40.00,56835.43,REPAIRS_AND_MAINTENANCE,
25/03/2026,CHARTERS ESTATE AGENTS LIMITED,Shop 196 Kingston,FASTER PAYMENT,452.00,57287.43,REVENUE,
25/03/2026,Budgens,BUDGENS,CONTACTLESS,-6.75,57280.68,FOOD_AND_DRINK,
25/03/2026,DVLA,DVLA EVL WEB,ONLINE PAYMENT,-442.92,56837.76,PROFESSIONAL_SERVICES,
25/03/2026,Marks & Spencer,MARKS&SPENCER PLC SACA,CHIP & PIN,-31.66,56806.10,FOOD_AND_DRINK,
25/03/2026,Morr Bedford,MORR BEDFORD,CONTACTLESS,-53.80,56752.30,VEHICLES,
26/03/2026,Flat 16 Alhambra,SEQUENCE  UK  LIMI,DIRECT CREDIT,209.99,56962.29,REVENUE,
26/03/2026,Ivana  VALENTINO,trf,FASTER PAYMENT,-100.00,56862.29,OFFICE_AND_POSTAGE_COSTS,
26/03/2026,Co-op,CO OPERATIVE FOOD,CONTACTLESS,-12.10,56850.19,REPAIRS_AND_MAINTENANCE,
26/03/2026,Trainline,TRAINLINE,ONLINE PAYMENT,-24.41,56825.78,TRAVEL,
26/03/2026,Marks & Spencer,MARKS&SPENCER PLC SACA,CONTACTLESS,-9.20,56816.58,FOOD_AND_DRINK,
26/03/2026,F Kubra,41214,FASTER PAYMENT,825.00,57641.58,REVENUE,
26/03/2026,Salvatore Mulara,1 1618 latch ,FASTER PAYMENT,-40.00,57601.58,REPAIRS_AND_MAINTENANCE,
27/03/2026,Tap,000000003684706846,DIRECT CREDIT,695.00,58296.58,REVENUE,
27/03/2026,D McGowan,1846,FASTER PAYMENT,900.00,59196.58,REVENUE,
27/03/2026,William Sait,FLAT 3 169 FAWCET5,FASTER PAYMENT,825.00,60021.58,REVENUE,
27/03/2026,Nando's,NANDOS.CO.UK,ONLINE PAYMENT,-49.20,59972.38,FOOD_AND_DRINK,
27/03/2026,Amazon Prime,Amazon Prime*WE9IC8GP5,CARD SUBSCRIPTION,-8.99,59963.39,ADMIN,
27/03/2026,Co-op,CO OPERATIVE FOOD,CONTACTLESS,-9.85,59953.54,REPAIRS_AND_MAINTENANCE,
27/03/2026,Central Energy South Limited,675 196b leak,FASTER PAYMENT,-120.00,59833.54,REPAIRS_AND_MAINTENANCE,
27/03/2026,Central Energy South Limited,676 1171 window,FASTER PAYMENT,-240.00,59593.54,REPAIRS_AND_MAINTENANCE,
27/03/2026,Central Energy South Limited,659 161214 window ,FASTER PAYMENT,-140.00,59453.54,REPAIRS_AND_MAINTENANCE,
28/03/2026,Kl Scaffolding Qb,KL Scaffolding Ltd QB,ONLINE PAYMENT,-1020.00,58433.54,REPAIRS_AND_MAINTENANCE,
28/03/2026,K Hudson,"RENT 16,16-18",FASTER PAYMENT,825.00,59258.54,REVENUE,
28/03/2026,Co-op,CO OPERATIVE FOOD,CONTACTLESS,-20.25,59238.29,REPAIRS_AND_MAINTENANCE,
28/03/2026,Co-op,CO OPERATIVE FOOD,CONTACTLESS,-12.50,59225.79,REPAIRS_AND_MAINTENANCE,
28/03/2026,Marks & Spencer,MARKS&SPENCER PLC SACA,CONTACTLESS,-23.40,59202.39,FOOD_AND_DRINK,
28/03/2026,Microsoft,MICROSOFT*MICROSOFT 36,CARD SUBSCRIPTION,-1.99,59200.40,PHONE_AND_INTERNET,
28/03/2026,Dono Kuriakose,11 16-18- rent,FASTER PAYMENT,875.00,60075.40,REVENUE,
28/03/2026,Trainline,Trainline,ONLINE PAYMENT,-4.62,60070.78,TRAVEL,
28/03/2026,Peter Taperek,8 6 leak ,FASTER PAYMENT,-8.99,60061.79,REPAIRS_AND_MAINTENANCE,
28/03/2026,Jijo George,screws ,FASTER PAYMENT,-9.10,60052.69,REPAIRS_AND_MAINTENANCE,
29/03/2026,Jijo George,19 234_6 rep kitch,FASTER PAYMENT,-280.00,59772.69,REPAIRS_AND_MAINTENANCE,
29/03/2026,Trainline,Trainline,ONLINE PAYMENT,-4.62,59768.07,TRAVEL,
29/03/2026,Tesco Petrol,TESCO PAY AT PUMP 3822,CHIP & PIN,-89.48,59678.59,VEHICLES,
29/03/2026,Co-op,CO OPERATIVE FOOD,CONTACTLESS,-19.40,59659.19,REPAIRS_AND_MAINTENANCE,
29/03/2026,ALDI,ALDI STORES,CONTACTLESS,-45.02,59614.17,FOOD_AND_DRINK,
30/03/2026,Matthew  Watts,196A KINGSTON ROAD,FASTER PAYMENT,850.00,60464.17,REVENUE,
30/03/2026,KARUN,19 4-6,FASTER PAYMENT,1005.00,61469.17,REVENUE,
30/03/2026,Marks & Spencer,MARKS&SPENCER PLC,CONTACTLESS,-39.10,61430.07,FOOD_AND_DRINK,
30/03/2026,Amazon Marketplace,AMZNMktplace*N290U29Z4,ONLINE PAYMENT,-8.65,61421.42,OTHER,
30/03/2026,Kye Elliott-Street,Rsa Capital Limite,FASTER PAYMENT,905.00,62326.42,REVENUE,
31/03/2026,ALDINGTON H,FLAT 4 321LONDONRD,FASTER PAYMENT,800.00,63126.42,REVENUE,
31/03/2026,Trainline,TRAINLINE,ONLINE PAYMENT,19.05,63145.47,TRAVEL,
31/03/2026,Tesco,TESCO STORES,CONTACTLESS,-5.52,63139.95,FOOD_AND_DRINK,
31/03/2026,Harpur Centre Bedford,Harpur Centre Bedford ,CONTACTLESS,-1.80,63138.15,TRAVEL,
31/03/2026,K Thu,KAUNG THU FLAT 13,FASTER PAYMENT,950.00,64088.15,REVENUE,
31/03/2026,Lidl,LIDL GB KEMPSTON,CHIP & PIN,-102.87,63985.28,FOOD_AND_DRINK,
31/03/2026,Ivana  VALENTINO,food,FASTER PAYMENT,-100.00,63885.28,DIRECTORS_WAGES,
